ID,Header,Years_from,Years_to,Release_Year,Aggregate_Rating,Num_Figures,Manufacturer,Period_Duration,Mid_Year,Era,Decade,Years_Since_Release
1,Accurate British Infantry (7200),1768,1796,,47.0,50.0,Accurate,28,1782,Новое время,,
2,Accurate American Militia (7201),1775,1780,,48.0,50.0,Accurate,5,1777,Новое время,,
3,Accurate Union Infantry (7202),1861,1865,1991.0,48.0,50.0,Accurate,4,1863,Новое время,1990.0,35.0
4,Accurate Union Artillery Team (7204),1861,1865,,34.0,18.0,Accurate,4,1863,Новое время,,
5,Accurate Union Pioneers (7205),1861,1865,,44.0,31.0,Accurate,4,1863,Новое время,,
6,Accurate Hundred Years War English Men-At-Arms (7206),1340,1450,,45.0,47.0,Accurate,110,1395,Средневековье,,
7,Accurate Hundred Years War Knights Of France (7207),1330,1460,,43.0,35.0,Accurate,130,1395,Средневековье,,
8,Accurate Confederate Artillery Team (7208),1861,1865,,,18.0,Accurate,4,1863,Новое время,,
9,Accurate Confederate Pioneers (7209),1861,1865,,,31.0,Accurate,4,1863,Новое время,,
10,Accurate Waterloo French Cavalry (7212),1804,1815,1969.0,,11.0,Accurate,11,1809,Новое время,1960.0,57.0
11,A Call To Arms British Infantry 1815 (50),1812,1816,1998.0,41.0,32.0,A Call To Arms,4,1814,Новое время,1990.0,28.0
12,A Call To Arms French Cuirassiers 1815 (51),1804,1815,1999.0,41.0,12.0,A Call To Arms,11,1809,Новое время,1990.0,27.0
13,A Call To Arms British Infantry World War II (52),1951,1955,,33.0,32.0,A Call To Arms,4,1953,Современность,,
14,A Call To Arms French Carabiniers 1815 (53),1810,1815,2001.0,38.0,12.0,A Call To Arms,5,1812,Новое время,2000.0,25.0
15,A Call To Arms Confederate Infantry 1861 (54),1861,1865,2000.0,39.0,32.0,A Call To Arms,4,1863,Новое время,2000.0,26.0
16,A Call To Arms Union Infantry 1861 (55),1861,1865,,34.0,52.0,A Call To Arms,4,1863,Новое время,,
17,A Call To Arms Zulus (56),1816,1880,2001.0,43.0,32.0,A Call To Arms,64,1848,Новое время,2000.0,25.0
18,A Call To Arms British Infantry Zulu War (57),1876,1880,2001.0,43.0,32.0,A Call To Arms,4,1878,Новое время,2000.0,25.0
19,A Call To Arms French Infantry 1815 (58),1812,1815,2002.0,40.0,32.0,A Call To Arms,3,1813,Новое время,2000.0,24.0
20,A Call To Arms Royalist Artillery (59),1642,1650,2002.0,43.0,16.0,A Call To Arms,8,1646,Новое время,2000.0,24.0
21,A Call To Arms Union Regiments (60),1861,1865,2002.0,41.0,32.0,A Call To Arms,4,1863,Новое время,2000.0,24.0
22,A Call To Arms Royalist Infantry (61),1642,1650,2003.0,40.0,32.0,A Call To Arms,8,1646,Новое время,2000.0,23.0
23,A Call To Arms English Civil War Command Set (62),1642,1650,2003.0,42.0,32.0,A Call To Arms,8,1646,Новое время,2000.0,23.0
24,Airfix Guards Colour Party (01702),1946,1960,1960.0,41.0,40.0,Airfix,14,1953,Современность,1960.0,66.0
25,Airfix British Infantry (01703),1939,1945,1973.0,37.0,48.0,Airfix,6,1942,Новейшее время,1970.0,53.0
26,Airfix German Infantry (01705),1939,1942,1974.0,40.0,48.0,Airfix,3,1940,Новейшее время,1970.0,52.0
27,Airfix Cowboys (01707),1850,1890,1961.0,29.0,30.0,Airfix,40,1870,Новое время,1960.0,65.0
28,Airfix Indians (01708),1830,1870,1961.0,25.0,30.0,Airfix,40,1850,Новое время,1960.0,65.0
29,Airfix 8th Army (01709),1939,1943,1974.0,45.0,45.0,Airfix,4,1941,Новейшее время,1970.0,52.0
30,Airfix Union Infantry (01712),1861,1865,1962.0,28.0,48.0,Airfix,4,1863,Новое время,1960.0,64.0
31,Airfix Wagon Train (01715),1850,1890,1962.0,35.0,19.0,Airfix,40,1870,Новое время,1960.0,64.0
32,Airfix Russian Infantry (01717),1939,1945,1964.0,34.0,41.0,Airfix,6,1942,Новейшее время,1960.0,62.0
33,Airfix Japanese Infantry (01718),1937,1945,1964.0,44.0,48.0,Airfix,8,1941,Новейшее время,1960.0,62.0
34,Airfix Arabs (Bedouins) (01719),1900,1930,1964.0,38.0,22.0,Airfix,30,1915,Новейшее время,1960.0,62.0
35,Airfix Robin Hood (01720),1100,1380,1964.0,41.0,39.0,Airfix,280,1240,Средневековье,1960.0,62.0
36,Airfix US Cavalry (01722),1865,1890,1965.0,34.0,12.0,Airfix,25,1877,Новое время,1960.0,61.0
37,Airfix WWI French Infantry (01728),1915,1918,1966.0,44.0,48.0,Airfix,3,1916,Новейшее время,1960.0,60.0
38,Airfix Tarzan Figures (01733),1910,1970,1968.0,39.0,17.0,Airfix,60,1940,Новейшее время,1960.0,58.0
39,Airfix Ancient Britons (01734),-200,200,1969.0,41.0,29.0,Airfix,400,0,Древний мир,1960.0,57.0
40,Airfix Waterloo French Cavalry (Cuirassiers) (01736),1804,1815,1969.0,32.0,11.0,Airfix,11,1809,Новое время,1960.0,57.0
41,Airfix The High Chaparral (01738),1850,1890,1971.0,33.0,30.0,Airfix,40,1870,Новое время,1970.0,55.0
42,Airfix Washington's Army (01739),1775,1783,1971.0,37.0,40.0,Airfix,8,1779,Новое время,1970.0,55.0
43,Airfix British Grenadiers (01740),1765,1785,1971.0,25.0,40.0,Airfix,20,1775,Новое время,1970.0,55.0
44,Airfix Waterloo French Infantry (01744),1812,1815,1972.0,27.0,43.0,Airfix,3,1813,Новое время,1970.0,54.0
45,Airfix Waterloo British Infantry (01745),1812,1816,1972.0,37.0,43.0,Airfix,4,1814,Новое время,1970.0,54.0
46,Airfix R.A.F. Personnel (01747),1939,1944,1972.0,46.0,37.0,Airfix,5,1941,Новейшее время,1970.0,54.0
47,Airfix U.S.A.F. Personnel (01748),1940,1945,1974.0,48.0,42.0,Airfix,5,1942,Новейшее время,1970.0,52.0
48,Airfix Australian Infantry (01750),1942,1945,1976.0,44.0,48.0,Airfix,3,1943,Новейшее время,1970.0,50.0
49,Airfix German Paratroops (01753),1939,1945,1976.0,42.0,46.0,Airfix,6,1942,Новейшее время,1970.0,50.0
50,Airfix Prussian Infantry 1815 (01756),1813,1815,1979.0,44.0,48.0,Airfix,2,1814,Новое время,1970.0,47.0
51,Airfix Italian Infantry (01757),1940,1943,1980.0,42.0,48.0,Airfix,3,1941,Новейшее время,1980.0,46.0
52,Airfix SAS (01761),1980,1985,,,,Airfix,5,1982,Современность,,
53,Airfix Infantry Combat Group (1703),1939,1945,1960.0,,48.0,Airfix,6,1942,Новейшее время,1960.0,66.0
54,Airfix German Infantry (1705),1939,1945,1960.0,22.0,47.0,Airfix,6,1942,Новейшее время,1960.0,66.0
55,Airfix 8th Army (1709),1940,1943,1961.0,25.0,46.0,Airfix,3,1941,Новейшее время,1960.0,65.0
56,Atlantic 7th Cavalry (1004),1865,1890,1975.0,18.0,,Atlantic,25,1877,Новое время,1970.0,51.0
57,Atlantic Kit Carson (1008),1840,1880,1975.0,28.0,,Atlantic,40,1860,Новое время,1970.0,51.0
58,Atlantic Paratroopers (101),1960,1975,1971.0,21.0,,Atlantic,15,1967,Современность,1970.0,55.0
59,Atlantic Gold Rush (1010),1848,1890,1976.0,30.0,,Atlantic,42,1869,Новое время,1970.0,50.0
60,Atlantic General Custer (1011),1875,1876,1976.0,24.0,,Atlantic,1,1875,Новое время,1970.0,50.0
61,Atlantic Cow-Boys (1015),1850,1890,1977.0,28.0,,Atlantic,40,1870,Новое время,1970.0,49.0
62,Atlantic Artillery (106),1960,1975,1974.0,,,Atlantic,15,1967,Современность,1970.0,52.0
63,Atlantic Italian Bersaglieri (115),1960,1975,1971.0,24.0,,Atlantic,15,1967,Современность,1970.0,55.0
64,Atlantic Italian Carabinieri Police (116),1965,1972,1972.0,26.0,,Atlantic,7,1968,Современность,1970.0,54.0
65,Atlantic Commandos 'San Marco' (117),1960,1975,1974.0,28.0,,Atlantic,15,1967,Современность,1970.0,52.0
66,Atlantic Landing Craft Infantry (118),1970,1975,1974.0,8.0,,Atlantic,5,1972,Современность,1970.0,52.0
67,Atlantic Machine-Gunners and Mortars (119),1960,1974,1974.0,18.0,,Atlantic,14,1967,Современность,1970.0,52.0
68,Atlantic Anti-Tank Guns (120),1970,1975,1974.0,25.0,,Atlantic,5,1972,Современность,1970.0,52.0
69,Atlantic Heavy Mortars (122),1960,1975,1974.0,,,Atlantic,15,1967,Современность,1970.0,52.0
70,Atlantic The Egyptian Army (1502),-2024,-1500,1976.0,38.0,,Atlantic,524,-1762,Древний мир,1970.0,50.0
71,Atlantic The Egyptian Cavalry (1503),-1430,-1100,1976.0,33.0,,Atlantic,330,-1265,Древний мир,1970.0,50.0
72,Atlantic Greek Life in the Acropolis (1508),-600,-200,1977.0,38.0,,Atlantic,400,-400,Древний мир,1970.0,49.0
73,Atlantic Greek Army (1509),-1300,-320,1977.0,27.0,,Atlantic,980,-810,Древний мир,1970.0,49.0
74,Atlantic Gladiators and Christians (1517),30,250,1978.0,32.0,,Atlantic,220,140,Древний мир,1970.0,48.0
75,Atlantic German Infantry (81),1939,1943,1975.0,23.0,,Atlantic,4,1941,Новейшее время,1970.0,51.0
76,Atlantic Royal Fusiliers (83),1939,1945,1975.0,22.0,,Atlantic,6,1942,Новейшее время,1970.0,51.0
77,Atlantic Red Army (84),1940,1945,1976.0,26.0,,Atlantic,5,1942,Новейшее время,1970.0,50.0
78,Atlantic Sendai Japanese (85),1938,1945,1976.0,27.0,,Atlantic,7,1941,Новейшее время,1970.0,50.0
79,Atlantic Lenin - Stalin - Russian Revolution (9009),1917,1921,1972.0,32.0,,Atlantic,4,1919,Новейшее время,1970.0,54.0
80,Emhar British WWI Infantry with Tank Crew (7201),1916,1918,2000.0,43.0,52.0,Emhar,2,1917,Новейшее время,2000.0,26.0
81,Emhar German WWI Infantry with Tank Crew (7203),1916,1918,2000.0,44.0,48.0,Emhar,2,1917,Новейшее время,2000.0,26.0
82,Emhar German WWI Artillery (7204),1916,1918,2000.0,37.0,24.0,Emhar,2,1917,Новейшее время,2000.0,26.0
84,Esci British Soldiers (200),1941,1945,1982.0,45.0,50.0,Esci,4,1943,Новейшее время,1980.0,44.0
85,Esci German Soldiers (201),1933,1945,1982.0,43.0,50.0,Esci,12,1939,Новейшее время,1980.0,44.0
86,Esci U.S. Soldiers (202),1941,1945,1982.0,43.0,50.0,Esci,4,1943,Новейшее время,1980.0,44.0
87,Esci Russian Soldiers (203),1941,1945,1982.0,44.0,46.0,Esci,4,1943,Новейшее время,1980.0,44.0
88,Esci Japanese Soldiers (204),1938,1945,1982.0,45.0,50.0,Esci,7,1941,Новейшее время,1980.0,44.0
89,Esci French Soldiers (205),1944,1945,1982.0,36.0,49.0,Esci,1,1944,Новейшее время,1980.0,44.0
90,Esci British 8th Army Soldiers (207),1940,1943,1983.0,47.0,50.0,Esci,3,1941,Новейшее время,1980.0,43.0
91,Esci Italian Mountain Troops (211),1940,1943,1983.0,46.0,46.0,Esci,3,1941,Новейшее время,1980.0,43.0
92,Esci British Infantry (215),1812,1816,1984.0,37.0,50.0,Esci,4,1814,Новое время,1980.0,42.0
93,Esci 'Scots Greys' British Cavalry (217),1812,1815,1985.0,36.0,12.0,Esci,3,1813,Новое время,1980.0,41.0
94,Esci 'Polish Lancers' French Cavalry (218),1809,1815,1985.0,33.0,12.0,Esci,6,1812,Новое время,1980.0,41.0
95,Esci British and French Artillery (219),1810,1815,1985.0,37.0,16.0,Esci,5,1812,Новое время,1980.0,41.0
96,Esci Lord Cardigan's 11th Hussars (220),1840,1857,1985.0,33.0,12.0,Esci,17,1848,Новое время,1980.0,41.0
97,Esci Russian Infantry and Artillery (221),1850,1860,1985.0,34.0,30.0,Esci,10,1855,Новое время,1980.0,41.0
98,Esci Union Infantry (222),1861,1865,1985.0,44.0,50.0,Esci,4,1863,Новое время,1980.0,41.0
99,Esci Roman Legion (224),20,200,1986.0,44.0,40.0,Esci,180,110,Древний мир,1980.0,40.0
100,Esci Barbarian Warriors (225),-200,300,1986.0,43.0,46.0,Esci,500,50,Древний мир,1980.0,40.0
101,Esci Prussian and Austrian Infantry (226),1798,1808,1986.0,36.0,50.0,Esci,10,1803,Новое время,1980.0,40.0
102,Esci French Line Infantry (227),1806,1813,1986.0,36.0,50.0,Esci,7,1809,Новое время,1980.0,40.0
103,Esci U.S. Elite Forces (228),1962,1973,1986.0,47.0,50.0,Esci,11,1967,Современность,1980.0,40.0
104,Esci North Vietnamese Soldiers and Vietcong (229),1947,1975,1986.0,47.0,50.0,Esci,28,1961,Современность,1980.0,40.0
105,Esci British Light Dragoons (230),1813,1815,1986.0,41.0,12.0,Esci,2,1814,Новое время,1980.0,40.0
106,Esci British Artillery (233),1798,1815,1986.0,36.0,16.0,Esci,17,1806,Новое время,1980.0,40.0
107,Esci French Artillery (234),1810,1815,1986.0,37.0,16.0,Esci,5,1812,Новое время,1980.0,40.0
108,Esci French Cuirassiers (235),1812,1815,1987.0,42.0,12.0,Esci,3,1813,Новое время,1980.0,39.0
109,Esci Modern Russian Paratroopers Spetsnaz (240),1975,1985,1988.0,41.0,50.0,Esci,10,1980,Современность,1980.0,38.0
110,Esci NATO Troops (241),1985,1989,1989.0,46.0,48.0,Esci,4,1987,Современность,1980.0,37.0
111,Esci German Paratroopers 'Green Devils' (244),1940,1945,1989.0,38.0,50.0,Esci,5,1942,Новейшее время,1980.0,37.0
112,Gulliver South States Cavalry (3601),1861,1865,1994.0,43.0,15.0,Gulliver,4,1863,Новое время,1990.0,32.0
113,HaT Picts (6005),250,800,2002.0,33.0,24.0,HaT,550,525,Средневековье,2000.0,24.0
114,HaT Saxons (6006),150,600,2002.0,24.0,24.0,HaT,450,375,Древний мир,2000.0,24.0
115,HaT Franks (6007),150,500,2002.0,29.0,24.0,HaT,350,325,Древний мир,2000.0,24.0
116,HaT Visigoths (6008),370,550,2002.0,26.0,24.0,HaT,180,460,Древний мир,2000.0,24.0
117,HaT WW1 French Infantry (7003),1915,1918,,,,HaT,3,1916,Новейшее время,,
118,HaT Waterloo Prussian Landwehr (7006),1813,1815,,,,HaT,2,1814,Новое время,,
119,HaT Italian Infantry (7007),1937,1945,,,,HaT,8,1941,Новейшее время,,
120,HaT Waterloo French Line Infantry (7008),1812,1815,1972.0,,43.0,HaT,3,1813,Новое время,1970.0,54.0
121,HaT Ancient Britons (7011),-300,200,1969.0,,29.0,HaT,500,-50,Древний мир,1960.0,57.0
122,HaT Bedouins (7013),1860,1920,1964.0,,22.0,HaT,60,1890,Новое время,1960.0,62.0
123,HaT Robin Hood (7015),1200,1450,1964.0,,39.0,HaT,250,1325,Средневековье,1960.0,62.0
124,HaT Australian Infantry (7016),1940,1945,1976.0,,48.0,HaT,5,1942,Новейшее время,1970.0,50.0
125,HaT Jungle Adventure (7018),1910,1970,1968.0,,17.0,HaT,60,1940,Новейшее время,1960.0,58.0
126,HaT 1805 Napoleonic French Mamelukes (8001),1799,1815,1996.0,38.0,12.0,HaT,16,1807,Новое время,1990.0,30.0
127,HaT Russian Cossacks (8006),1790,1840,1998.0,42.0,12.0,HaT,50,1815,Новое время,1990.0,28.0
128,HaT Prussian Artillery (8007),1808,1815,1997.0,35.0,24.0,HaT,7,1811,Новое время,1990.0,29.0
129,HaT Brunswick Avant Garde (8008),1814,1815,1997.0,38.0,48.0,HaT,1,1814,Новое время,1990.0,29.0
130,HaT Russian Artillery (8010),1812,1815,1997.0,32.0,24.0,HaT,3,1813,Новое время,1990.0,29.0
131,HaT French Lancers (8011),1811,1815,1998.0,33.0,12.0,HaT,4,1813,Новое время,1990.0,28.0
132,HaT French Horse Grenadiers (8013),1800,1814,1998.0,41.0,12.0,HaT,14,1807,Новое время,1990.0,28.0
133,HaT KGL Light Dragoons (8014),1812,1815,1998.0,40.0,12.0,HaT,3,1813,Новое время,1990.0,28.0
134,HaT Austrian Cuirassiers (8015),1798,1810,1998.0,39.0,12.0,HaT,12,1804,Новое время,1990.0,28.0
135,HaT Russian Cuirassiers (8016),1812,1815,1998.0,42.0,12.0,HaT,3,1813,Новое время,1990.0,28.0
136,HaT Republican Romans Princeps & Triari (8017),-265,-150,1999.0,37.0,48.0,HaT,115,-208,Древний мир,1990.0,27.0
137,HaT Republican Romans Hastati & Velites (8018),-265,-150,1999.0,39.0,48.0,HaT,115,-208,Древний мир,1990.0,27.0
138,HaT Roman Cavalry (8021),-270,-140,1999.0,38.0,12.0,HaT,130,-205,Древний мир,1990.0,27.0
139,HaT Brunswick Leib Infantry (8026),1810,1815,2000.0,41.0,48.0,HaT,5,1812,Новое время,2000.0,26.0
140,HaT Bavarian Infantry (8028),1808,1815,2000.0,37.0,48.0,HaT,7,1811,Новое время,2000.0,26.0
141,HaT Bavarian Cavalry (8030),1799,1815,2000.0,37.0,12.0,HaT,16,1807,Новое время,2000.0,26.0
142,HaT Dutch Belgian Light Dragoons (8032),1814,1815,2000.0,42.0,12.0,HaT,1,1814,Новое время,2000.0,26.0
143,HaT Roman Catapults (8035),-300,-150,2000.0,46.0,48.0,HaT,150,-225,Древний мир,2000.0,26.0
144,HaT British Light Infantry (8036),1800,1815,2001.0,34.0,48.0,HaT,15,1807,Новое время,2000.0,25.0
145,HaT Austrian Artillery (8037),1803,1814,2001.0,39.0,24.0,HaT,11,1808,Новое время,2000.0,25.0
146,HaT Bavarian Artillery (8038),1799,1815,2001.0,37.0,24.0,HaT,16,1807,Новое время,2000.0,25.0
147,HaT Macedonian Phalangites (8043),-350,-320,2001.0,40.0,48.0,HaT,30,-335,Древний мир,2000.0,25.0
148,HaT Alexander's Light Infantry (8044),-350,-300,2001.0,43.0,48.0,HaT,50,-325,Древний мир,2000.0,25.0
149,HaT Greek Mercenary Hoplites (8045),-350,-280,2001.0,40.0,48.0,HaT,70,-315,Древний мир,2000.0,25.0
150,HaT Alexander's Thracians (8046),-350,-300,2001.0,41.0,48.0,HaT,50,-325,Древний мир,2000.0,25.0
151,HaT Alexander's Macedonian Cavalry (8047),-350,-300,2003.0,37.0,12.0,HaT,50,-325,Древний мир,2000.0,23.0
152,HaT Alexander's Thessalian Cavalry (8048),-350,-300,2003.0,43.0,12.0,HaT,50,-325,Древний мир,2000.0,23.0
153,HaT Alexander's Allied Cavalry (8049),-380,-280,2003.0,37.0,12.0,HaT,100,-330,Древний мир,2000.0,23.0
154,HaT Roman Command (8051),-300,-100,2001.0,46.0,32.0,HaT,200,-200,Древний мир,2000.0,25.0
155,HaT Prussian Reserve Infantry (8052),1808,1815,2002.0,43.0,48.0,HaT,7,1811,Новое время,2000.0,24.0
156,HaT Prussian Jäger and Volunteer Jäger (8053),1809,1815,2002.0,41.0,48.0,HaT,6,1812,Новое время,2000.0,24.0
157,HaT Persian Light Infantry (8057),-550,-300,2002.0,48.0,60.0,HaT,250,-425,Древний мир,2000.0,24.0
158,HaT Persian Heavy Infantry (8059),-350,-300,2002.0,42.0,48.0,HaT,50,-325,Древний мир,2000.0,24.0
159,HaT Austrian Infantry (8060),1908,1918,2002.0,41.0,48.0,HaT,10,1913,Новейшее время,2000.0,24.0
160,HaT Russian Infantry (8061),1914,1918,2002.0,39.0,48.0,HaT,4,1916,Новейшее время,2000.0,24.0
161,HaT 1805 French Line Infantry (8062),1796,1806,2002.0,38.0,48.0,HaT,10,1801,Новое время,2000.0,24.0
162,HaT 1805 French Light Infantry (8063),1801,1812,2002.0,44.0,48.0,HaT,11,1806,Новое время,2000.0,24.0
163,HaT Imperial Roman Auxiliary Infantry (8065),40,160,2003.0,43.0,45.0,HaT,120,100,Древний мир,2000.0,23.0
164,HaT Persian Medium Cavalry (8076),-350,-300,2003.0,42.0,12.0,HaT,50,-325,Древний мир,2000.0,23.0
165,HaT Imperial Roman Legionaries 1st - 2nd Century AD (8082),30,180,2003.0,36.0,45.0,HaT,150,105,Древний мир,2000.0,23.0
166,Heller German Infantry (79605),1936,1945,1974.0,,48.0,Heller,9,1940,Новейшее время,1970.0,52.0
167,Heller British 8th Army (79609),1940,1943,1974.0,,45.0,Heller,3,1941,Новейшее время,1970.0,52.0
168,Heller Japanese Infantry (79618),1937,1945,1964.0,,48.0,Heller,8,1941,Новейшее время,1960.0,62.0
169,Heller RAF Personnel (79647),1939,1945,1972.0,,37.0,Heller,6,1942,Новейшее время,1970.0,54.0
170,Heller U.S.A.A.F. Personnel (79648),1939,1945,1974.0,,42.0,Heller,6,1942,Новейшее время,1970.0,52.0
171,Heller German Paratroopers (79653),1938,1945,1976.0,,46.0,Heller,7,1941,Новейшее время,1970.0,50.0
172,HYTTY Samurai (1001),1500,1670,,35.0,18.0,HYTTY,170,1585,Средневековье,,
173,HYTTY Persians (1002),-525,-480,,17.0,14.0,HYTTY,45,-503,Древний мир,,
174,HYTTY Historic Figures (1003),-70,1960,,37.0,,HYTTY,2030,945,Средневековье,,
175,HYTTY Carthaginian Mercenaries (1004),-800,-146,2002.0,19.0,16.0,HYTTY,654,-473,Древний мир,2000.0,24.0
176,HYTTY Alexander The Great Cavalry (2003),-336,-320,,28.0,11.0,HYTTY,16,-328,Древний мир,,
177,IMEX Union Artillery (501),1861,1865,1993.0,32.0,25.0,IMEX,4,1863,Новое время,1990.0,33.0
178,IMEX Confederate Artillery (502),1861,1865,1993.0,31.0,25.0,IMEX,4,1863,Новое время,1990.0,33.0
179,IMEX Confederate Cavalry (504),1861,1865,1994.0,42.0,28.0,IMEX,4,1863,Новое время,1990.0,32.0
180,IMEX Union Infantry (505),1861,1865,1995.0,42.0,50.0,IMEX,4,1863,Новое время,1990.0,31.0
181,IMEX Confederate Infantry (506),1861,1865,1995.0,42.0,49.0,IMEX,4,1863,Новое время,1990.0,31.0
182,IMEX Civil War Accessories (507),1861,1865,,,,IMEX,4,1863,Новое время,,
183,IMEX Alamo Defenders (aka Texas Infantry) (509),1830,1850,1997.0,48.0,50.0,IMEX,20,1840,Новое время,1990.0,29.0
184,IMEX Mexican Infantry (510),1830,1840,2002.0,30.0,46.0,IMEX,10,1835,Новое время,2000.0,24.0
185,IMEX George Washington's Army (511),1775,1783,2000.0,41.0,46.0,IMEX,8,1779,Новое время,2000.0,26.0
186,IMEX British Redcoats (512),1768,1796,2000.0,49.0,49.0,IMEX,28,1782,Новое время,2000.0,26.0
187,IMEX Mexican Cavalry At The Alamo (515),1835,1836,2002.0,29.0,15.0,IMEX,1,1835,Новое время,2000.0,24.0
188,IMEX Battlefield Accessories (519),1800,1900,,,,IMEX,100,1850,Новое время,,
189,IMEX Mexican Artillery At The Alamo (520),1830,1840,2002.0,31.0,37.0,IMEX,10,1835,Новое время,2000.0,24.0
190,Italeri Scots Greys (6001),1812,1815,1995.0,45.0,18.0,Italeri,3,1813,Новое время,1990.0,31.0
191,Italeri French Infantry (6002),1806,1813,1995.0,40.0,50.0,Italeri,7,1809,Новое время,1990.0,31.0
192,Italeri Carabiniers (6003),1810,1815,1996.0,46.0,17.0,Italeri,5,1812,Новое время,1990.0,30.0
193,Italeri Highlander Infantry (6004),1808,1815,1996.0,44.0,50.0,Italeri,7,1811,Новое время,1990.0,30.0
194,Italeri Russian Grenadiers (6006),1806,1807,1997.0,44.0,50.0,Italeri,1,1806,Новое время,1990.0,29.0
195,Italeri French Hussars (6008),1800,1815,1996.0,46.0,17.0,Italeri,15,1807,Новое время,1990.0,30.0
196,Italeri The Knights (6009),1140,1250,1998.0,46.0,34.0,Italeri,110,1195,Средневековье,1990.0,28.0
197,Italeri Saracen Warriors (6010),1096,1150,1998.0,43.0,23.0,Italeri,54,1123,Средневековье,1990.0,28.0
198,Italeri Confederate Cavalry (6011),1861,1865,1998.0,48.0,17.0,Italeri,4,1863,Новое время,1990.0,28.0
199,Italeri Confederate Infantry (6014),1861,1865,1998.0,47.0,51.0,Italeri,4,1863,Новое время,1990.0,28.0
200,Italeri French Imperial General Staff (6016),1804,1815,1999.0,47.0,21.0,Italeri,11,1809,Новое время,1990.0,27.0
201,Italeri Napoleonic Wars Accessories (6017),1806,1815,2000.0,43.0,9.0,Italeri,9,1810,Новое время,2000.0,26.0
202,Italeri French Line/Guard Artillery (6018),1807,1813,2000.0,43.0,11.0,Italeri,6,1810,Новое время,2000.0,26.0
203,Italeri Teutonic Knights (6019),1189,1299,1999.0,45.0,17.0,Italeri,110,1244,Средневековье,1990.0,27.0
204,Italeri Mongols (6020),1200,1400,1999.0,42.0,17.0,Italeri,200,1300,Средневековье,1990.0,27.0
205,Italeri Roman Infantry (6021),-120,-30,2000.0,38.0,35.0,Italeri,90,-75,Древний мир,2000.0,26.0
206,Italeri Gaul Warriors (6022),-250,100,2000.0,40.0,40.0,Italeri,350,-75,Древний мир,2000.0,26.0
207,Italeri Russian Knights (6023),1201,1399,2000.0,,42.0,Italeri,198,1300,Средневековье,2000.0,26.0
208,Italeri Greek Infantry (6024),-500,-380,,,45.0,Italeri,120,-440,Древний мир,,
209,Italeri Roman Cavalry (6028),-200,20,2001.0,37.0,17.0,Italeri,220,-90,Древний мир,2000.0,25.0
210,Italeri Union Artillery Set (6032),1860,1870,2002.0,42.0,16.0,Italeri,10,1865,Новое время,2000.0,24.0
211,Italeri German Infantry (6033),1936,1945,1982.0,,50.0,Italeri,9,1940,Новейшее время,1980.0,44.0
212,Italeri Macedonian Cavalry (6035),-350,-300,,,17.0,Italeri,50,-325,Древний мир,,
213,Italeri Union Artillery (6038),1860,1868,2002.0,42.0,13.0,Italeri,8,1864,Новое время,2000.0,24.0
214,Italeri Dutch-Polish Lancers (6039),1809,1815,,,,Italeri,6,1812,Новое время,,
215,Italeri British Light Dragoons (6040),1812,1815,,,,Italeri,3,1813,Новое время,,
216,Italeri British Artillery (6041),1800,1815,1986.0,,16.0,Italeri,15,1807,Новое время,1980.0,40.0
217,Italeri Cossack Cavalry (6042),1809,1815,,,,Italeri,6,1812,Новое время,,
218,Italeri German Paratroopers (6045),1939,1945,1989.0,,50.0,Italeri,6,1942,Новейшее время,1980.0,37.0
219,Italeri American Infantry (6046),1941,1945,1982.0,,50.0,Italeri,4,1943,Новейшее время,1980.0,44.0
220,Italeri Roman Infantry (6047),20,200,2002.0,,35.0,Italeri,180,110,Древний мир,2000.0,24.0
221,Italeri Barbarian Warriors (6048),-200,300,,,,Italeri,500,50,Древний мир,,
222,Lucky Toys Attila and Black Huns (TL0001),370,470,2003.0,38.0,12.0,Lucky Toys,100,420,Древний мир,2000.0,23.0
223,LW Wellington's Generals (0),1806,1815,,34.0,20.0,LW,9,1810,Новое время,,
224,LW Inquisition (2),1440,1500,2002.0,40.0,6.0,LW,60,1470,Средневековье,2000.0,24.0
225,LW Vinea (22),-500,1500,2004.0,,5.0,LW,2000,500,Древний мир,2000.0,22.0
226,LW Parthian Cataphracts 1 (24),-250,250,,17.0,7.0,LW,500,0,Древний мир,,
227,LW Parthian Cataphracts 2 (25),-250,250,,17.0,7.0,LW,500,0,Древний мир,,
228,LW Cavalry of Imperial Rome (29),-50,100,,10.0,4.0,LW,150,25,Древний мир,,
229,LW Pirates (31),1540,1740,,38.0,15.0,LW,200,1640,Новое время,,
230,LW Celtic Warriors (33),-300,100,,9.0,4.0,LW,400,-100,Древний мир,,
231,LW Napoleonic War Engineers (36),1804,1815,,37.0,16.0,LW,11,1809,Новое время,,
232,LW Bactrian Cavalry (38),-490,-300,2002.0,27.0,5.0,LW,190,-395,Древний мир,2000.0,24.0
233,LW Medieval Mortar (39),1490,1570,,29.0,3.0,LW,80,1530,Средневековье,,
234,LW Russian Artillery Crew (40),1939,1945,,,16.0,LW,6,1942,Новейшее время,,
235,LW Scythians (45),-650,-250,2002.0,27.0,5.0,LW,400,-450,Древний мир,2000.0,24.0
236,LW Onager (50),270,500,2002.0,,5.0,LW,230,385,Древний мир,2000.0,24.0
237,Matchbox British Infantry (P5001),1939,1945,1976.0,42.0,49.0,Matchbox,6,1942,Новейшее время,1970.0,50.0
238,Matchbox German Infantry (P5003),1936,1943,1976.0,44.0,49.0,Matchbox,7,1939,Новейшее время,1970.0,50.0
239,Matchbox British 8th Army (P5005),1939,1945,1977.0,46.0,44.0,Matchbox,6,1942,Новейшее время,1970.0,49.0
240,Matchbox Japanese Infantry (P5007),1938,1945,,49.0,45.0,Matchbox,7,1941,Новейшее время,,
241,Matchbox ANZAC Infantry (P5008),1942,1945,1980.0,49.0,42.0,Matchbox,3,1943,Новейшее время,1980.0,46.0
242,Matchbox NATO Paratroopers (P5009),1978,1994,1983.0,44.0,42.0,Matchbox,16,1986,Современность,1980.0,43.0
243,MiniArt Burgundian Knights and Archers (72001),1401,1499,2002.0,40.0,48.0,MiniArt,98,1450,Средневековье,2000.0,24.0
262,Nexus Egyptian Infantry (ATL01),-2024,-1500,,,62.0,Nexus,524,-1762,Древний мир,,
263,Nexus The Egyptian Cavalry (ATL02),-1430,-1100,,,,Nexus,330,-1265,Древний мир,,
264,Nexus US 7th Cavalry (ATL03),1860,1890,,,24.0,Nexus,30,1875,Новое время,,
265,Nexus Greek Infantry (ATL05),-1300,-380,1977.0,,,Nexus,920,-840,Древний мир,1970.0,49.0
266,Nexus Russian Revolution (ATL09),1910,1925,,,27.0,Nexus,15,1917,Новейшее время,,
267,Nexus Russian WW2 Infantry (ATL10),1941,1945,,,48.0,Nexus,4,1943,Новейшее время,,
268,Nexus Kit Carson (ATL11),1840,1910,,,33.0,Nexus,70,1875,Новое время,,
269,Nexus Ancient Life (ATL14),-600,-200,,,42.0,Nexus,400,-400,Древний мир,,
270,Nexus Cowboys (ATL16),1850,1890,,,16.0,Nexus,40,1870,Новое время,,
271,Nexus Gold Rush (ATL18),1830,1890,,,36.0,Nexus,60,1860,Новое время,,
277,Odemars Wellington's Generals (0),1800,1815,,,20.0,Odemars,15,1807,Новое время,,
278,Odemars Samurai (PF01),1550,1650,,35.0,32.0,Odemars,100,1600,Средневековье,,
279,Odemars Persians (PF02),-550,-300,,17.0,21.0,Odemars,250,-425,Древний мир,,
280,Odemars Leaders (PF03),-50,1970,,37.0,20.0,Odemars,2020,960,Средневековье,,
281,Odemars German 7.5 cm PaK 40 Gun (104),1941,1945,,,,Odemars,4,1943,Новейшее время,,
282,Odemars Roman Republic Infantry (PF06),-200,-30,,28.0,36.0,Odemars,170,-115,Древний мир,,
283,Orion English Pirates (72001),1660,1730,2001.0,46.0,44.0,Orion,70,1695,Новое время,2000.0,25.0
284,Orion Chechen Rebels (72002),1994,2017,2001.0,45.0,48.0,Orion,23,2005,Современность,2000.0,25.0
285,Orion Modern Russian Federals (72003),1994,2000,2001.0,45.0,46.0,Orion,6,1997,Современность,2000.0,25.0
286,Orion Vikings (72004),800,1100,2002.0,46.0,46.0,Orion,300,950,Средневековье,2000.0,24.0
287,Orion Gladiators (72005),-100,250,2002.0,41.0,38.0,Orion,350,75,Древний мир,2000.0,24.0
288,Orion Roman Sailors (72006),-500,500,2003.0,44.0,42.0,Orion,1000,0,Древний мир,2000.0,23.0
289,Revell German Paratroopers (02500),1939,1945,1989.0,38.0,44.0,Revell,6,1942,Новейшее время,1980.0,37.0
290,Revell German Infantry (02502),1941,1945,1990.0,47.0,48.0,Revell,4,1943,Новейшее время,1990.0,36.0
291,Revell Japanese Infantry (02507),1938,1945,1993.0,47.0,50.0,Revell,7,1941,Новейшее время,1990.0,33.0
292,Revell Soviet Infantry (02510),1940,1945,1994.0,44.0,48.0,Revell,5,1942,Новейшее время,1990.0,32.0
293,Revell German Armoured Infantry (02511),1939,1944,1994.0,43.0,50.0,Revell,5,1941,Новейшее время,1990.0,32.0
294,"Revell Scottish Infantry, 8th Army (02512)",1940,1943,1994.0,46.0,50.0,Revell,3,1941,Новейшее время,1990.0,32.0
295,Revell Siberian Riflemen (02516),1941,1945,1995.0,48.0,41.0,Revell,4,1943,Новейшее время,1990.0,31.0
296,Revell British Infantry (02519),1995,1998,1998.0,42.0,48.0,Revell,3,1996,Современность,1990.0,28.0
297,Revell British Infantry (02523),1944,1945,2002.0,47.0,48.0,Revell,1,1944,Новейшее время,2000.0,24.0
298,Revell German Commando Special Forces (KSK) (02524),1996,2003,2002.0,45.0,46.0,Revell,7,1999,Современность,2000.0,24.0
299,Revell Normans (02550),950,1150,1989.0,47.0,42.0,Revell,200,1050,Средневековье,1980.0,37.0
300,Revell Anglo-Saxons (02551),1000,1066,1989.0,45.0,42.0,Revell,66,1033,Средневековье,1980.0,37.0
301,Revell Celts (Gauls) (02553),-300,100,1989.0,45.0,50.0,Revell,400,-100,Древний мир,1980.0,37.0
302,Revell Cowboys (02554),1850,1890,1990.0,42.0,50.0,Revell,40,1870,Новое время,1990.0,36.0
303,Revell Imperial Infantry (02556),1600,1650,1990.0,49.0,47.0,Revell,50,1625,Новое время,1990.0,36.0
304,Revell Swedish Infantry (02557),1610,1648,1990.0,49.0,47.0,Revell,38,1629,Новое время,1990.0,36.0
305,Revell Union Infantry (02559),1861,1865,1991.0,,50.0,Revell,4,1863,Новое время,1990.0,35.0
306,Revell British Infantry (02560),1768,1796,,,50.0,Revell,28,1782,Новое время,,
307,Revell American Militia (02561),1770,1785,,,50.0,Revell,15,1777,Новое время,,
308,Revell Confederate Pioneers (02564),1861,1865,,,31.0,Revell,4,1863,Новое время,,
309,Revell Union Artillery (02565),1861,1865,,,18.0,Revell,4,1863,Новое время,,
310,Revell Imperial Artillery (02566),1600,1660,1991.0,46.0,28.0,Revell,60,1630,Новое время,1990.0,35.0
311,Revell Swedish Cavalry (02567),1625,1650,1991.0,49.0,15.0,Revell,25,1637,Новое время,1990.0,35.0
312,Revell French Grenadier Guards (02570),1804,1815,1992.0,48.0,48.0,Revell,11,1809,Новое время,1990.0,34.0
313,Revell British Infantry (02571),1812,1816,1992.0,44.0,48.0,Revell,4,1814,Новое время,1990.0,34.0
314,Revell Prussian Infantry (02572),1740,1780,1992.0,32.0,48.0,Revell,40,1760,Новое время,1990.0,34.0
315,Revell Prussian Hussars (02575),1756,1763,1993.0,49.0,17.0,Revell,7,1759,Новое время,1990.0,33.0
316,Revell French Mounted Guard Chasseurs (02576),1804,1815,1993.0,49.0,18.0,Revell,11,1809,Новое время,1990.0,33.0
317,Revell British Life Guards (02578),1814,1815,1994.0,46.0,17.0,Revell,1,1814,Новое время,1990.0,32.0
318,Revell British Rifles (02581),1802,1815,1996.0,47.0,42.0,Revell,13,1808,Новое время,1990.0,30.0
319,Strelets The French Army's Camp (001),1800,1815,2001.0,34.0,31.0,Strelets,15,1807,Новое время,2000.0,25.0
320,Strelets Polish Infantry & French Engineers (003),1807,1815,2002.0,40.0,48.0,Strelets,8,1811,Новое время,2000.0,24.0
321,Strelets Vikings Against Franks (004),700,950,2002.0,37.0,45.0,Strelets,250,825,Средневековье,2000.0,24.0
322,Strelets Army of Joan d'Arc (005),1420,1435,2003.0,38.0,36.0,Strelets,15,1427,Средневековье,2000.0,23.0
323,Strelets Carolingian Cavalry (008),750,900,2003.0,35.0,12.0,Strelets,150,825,Средневековье,2000.0,23.0
324,Waterloo 1815 Italian Infantry (at El Alamein) (006),1940,1943,2002.0,42.0,36.0,Waterloo 1815,3,1941,Новейшее время,2000.0,24.0
325,Waterloo 1815 Polish Infantry 1812/14 (008),1807,1814,2002.0,44.0,36.0,Waterloo 1815,7,1810,Новое время,2000.0,24.0
326,Waterloo 1815 Dutch Belgian Artillery 1815 (009),1815,1815,2002.0,37.0,20.0,Waterloo 1815,0,1815,Новое время,2000.0,24.0
327,Waterloo 1815 Greek Infantry (P002),-1300,-320,1977.0,,,Waterloo 1815,980,-810,Древний мир,1970.0,49.0
328,Waterloo 1815 Custer (P003),1860,1870,,,68.0,Waterloo 1815,10,1865,Новое время,,
329,Waterloo 1815 US Cavalry (P004),1860,1890,,,32.0,Waterloo 1815,30,1875,Новое время,,
330,Waterloo 1815 Confederate Cavalry (P005),1861,1865,1999.0,19.0,32.0,Waterloo 1815,4,1863,Новое время,1990.0,27.0
331,Zvezda Russian Knights (8001),1201,1399,2000.0,39.0,42.0,Zvezda,198,1300,Средневековье,2000.0,26.0
332,Zvezda Christian Knights (8002),1140,1250,,,,Zvezda,110,1195,Средневековье,,
333,Zvezda Mongols (8003),1201,1399,,39.0,22.0,Zvezda,198,1300,Средневековье,,
334,Zvezda Teutonic Knights (8004),1189,1299,1999.0,,17.0,Zvezda,110,1244,Средневековье,1990.0,27.0
335,Zvezda Greek Infantry (8005),-500,-380,,49.0,45.0,Zvezda,120,-440,Древний мир,,
336,Zvezda Macedonian Cavalry (8007),-350,-300,,43.0,17.0,Zvezda,50,-325,Древний мир,,
337,Zvezda Saracens (8009),1096,1150,,,,Zvezda,54,1123,Средневековье,,
338,Zvezda Roman Infantry (8013),-120,-30,2000.0,,35.0,Zvezda,90,-75,Древний мир,2000.0,26.0
339,Zvezda Siege Machines Kit 2 (8015),-1000,1500,,,,Zvezda,2500,250,Древний мир,,
340,Zvezda Napoleonic Guards Cossacks (8018),1809,1819,2002.0,43.0,15.0,Zvezda,10,1814,Новое время,2000.0,24.0
341,Zvezda Macedonian Phalanx (8019),-350,-320,2002.0,37.0,37.0,Zvezda,30,-335,Древний мир,2000.0,24.0
342,Revell Australian Infantry (02501),1939,1943,1989.0,43.0,49.0,Revell,4,1941,Новейшее время,1980.0,37.0
343,IMEX Sioux Indians (508),1840,1880,1996.0,43.0,28.0,IMEX,40,1860,Новое время,1990.0,30.0
344,Emhar British WWI Artillery (7202),1916,1918,2000.0,36.0,24.0,Emhar,2,1917,Новейшее время,2000.0,26.0
345,Italeri Battlefield Accessories (6049),1920,2024,,,,Italeri,104,1972,Современность,,
346,Eagle Games American Civil War (01),1861,1865,2002.0,,74.0,Eagle Games,4,1863,Новое время,2000.0,24.0
347,Eagle Games Age of Imperialism (02),1830,1900,2002.0,,74.0,Eagle Games,70,1865,Новое время,2000.0,24.0
348,Eagle Games Horses (03),1800,1900,2002.0,,,Eagle Games,100,1850,Новое время,2000.0,24.0
349,Zvezda War Elephants (8011),-300,-200,2003.0,46.0,7.0,Zvezda,100,-250,Древний мир,2000.0,23.0
350,Revell US Infantry (02503),1944,1945,1990.0,45.0,47.0,Revell,1,1944,Новейшее время,1990.0,36.0
351,Atlantic US Marine Corps (82),1942,1944,1975.0,29.0,,Atlantic,2,1943,Новейшее время,1970.0,51.0
352,Matchbox American Infantry (P5002),1941,1945,1976.0,43.0,49.0,Matchbox,4,1943,Новейшее время,1970.0,50.0
353,Revell US Marines (02506),1942,1945,1993.0,47.0,50.0,Revell,3,1943,Новейшее время,1990.0,33.0
354,Airfix U.S. Marines (01716),1942,1945,1975.0,41.0,44.0,Airfix,3,1943,Новейшее время,1970.0,51.0
355,Airfix US Marines (1716),1941,1945,1963.0,24.0,44.0,Airfix,4,1943,Новейшее время,1960.0,63.0
356,Zvezda Siege Machines Kit 1 (8014),-300,400,,,,Zvezda,700,50,Древний мир,,
357,Esci British Infantry Soldiers (212),1871,1890,1984.0,45.0,50.0,Esci,19,1880,Новое время,1980.0,42.0
358,Atlantic Infantry (104),1960,1975,1974.0,10.0,,Atlantic,15,1967,Современность,1970.0,52.0
359,Atlantic Infantry with Jeep (105),1960,1975,1974.0,16.0,,Atlantic,15,1967,Современность,1970.0,52.0
360,Revell Africa Corps (02513),1940,1943,1994.0,43.0,50.0,Revell,3,1941,Новейшее время,1990.0,32.0
361,Esci Afrika Corps Soldiers (206),1940,1943,1983.0,44.0,50.0,Esci,3,1941,Новейшее время,1980.0,43.0
362,Airfix Afrika Korps (1711),1940,1943,1962.0,28.0,46.0,Airfix,3,1941,Новейшее время,1960.0,64.0
363,Airfix Afrika Korps (01711),1940,1943,1973.0,48.0,48.0,Airfix,3,1941,Новейшее время,1970.0,53.0
364,Heller US Marines (79616),1941,1945,1963.0,,44.0,Heller,4,1943,Новейшее время,1960.0,63.0
365,Odemars Roman Siege Troops (PF04),100,230,2003.0,22.0,24.0,Odemars,130,165,Древний мир,2000.0,23.0
366,Airfix Civilians (01706),1955,1965,1961.0,31.0,47.0,Airfix,10,1960,Современность,1960.0,65.0
367,Heller WW2 Afrika Korps (79611),1941,1943,1962.0,,46.0,Heller,2,1942,Новейшее время,1960.0,64.0
368,HaT Napoleonic French Line Horse Artillery (8039),1813,1815,2001.0,41.0,24.0,HaT,2,1814,Новое время,2000.0,25.0
369,Atlantic German Afrikakorps (88),1940,1943,1977.0,35.0,,Atlantic,3,1941,Новейшее время,1970.0,49.0
370,Matchbox Afrika Corps (P5004),1941,1943,1977.0,42.0,50.0,Matchbox,2,1942,Новейшее время,1970.0,49.0
371,IMEX Union Cavalry (503),1861,1865,1994.0,42.0,28.0,IMEX,4,1863,Новое время,1990.0,32.0
372,Italeri Union Cavalry (6013),1861,1865,1998.0,48.0,17.0,Italeri,4,1863,Новое время,1990.0,28.0
373,LW Macedonian Artillery (37),-350,-250,,17.0,3.0,LW,100,-300,Древний мир,,
374,LW Ancient Artillery Part 1 (26),0,0,,,,LW,0,0,Древний мир,,
375,LW Ancient Artillery Part 3 - Scorpion (42),30,70,,20.0,6.0,LW,40,50,Древний мир,,
376,Revell French Knights (02563),1330,1460,,,,Revell,130,1395,Средневековье,,
377,Nexus G.A.Custer (ATL07),1860,1867,,,68.0,Nexus,7,1863,Новое время,,
378,Italeri French Knights and Foot Soldiers (6026),1330,1460,2001.0,44.0,28.0,Italeri,130,1395,Средневековье,2000.0,25.0
379,HaT Union Zouaves (8004),1855,1865,1997.0,37.0,48.0,HaT,10,1860,Новое время,1990.0,29.0
380,LW Soviet Pilots (23),1939,1945,,41.0,24.0,LW,6,1942,Новейшее время,,
381,HaT Waterloo British Line Infantry (7009),1812,1815,1972.0,,43.0,HaT,3,1813,Новое время,1970.0,54.0
382,Atlantic Alpini (111),1960,1975,1971.0,21.0,,Atlantic,15,1967,Современность,1970.0,55.0
383,Zvezda Persian Infantry (8006),-550,-300,,49.0,42.0,Zvezda,250,-425,Древний мир,,
384,Italeri Persian Infantry (6025),-550,-300,,,42.0,Italeri,250,-425,Древний мир,,
385,Airfix Commandos (01732),1940,1945,1968.0,30.0,36.0,Airfix,5,1942,Новейшее время,1960.0,58.0
386,Airfix Commandos (1732),1940,1945,1977.0,40.0,32.0,Airfix,5,1942,Новейшее время,1970.0,49.0
387,Atlantic Apache's Camp (1006),1850,1900,1975.0,18.0,,Atlantic,50,1875,Новое время,1970.0,51.0
388,Nexus Apache Camp (ATL15),1850,1900,,,21.0,Nexus,50,1875,Новое время,,
389,HaT French Line Chasseurs (8029),1808,1814,1999.0,39.0,12.0,HaT,6,1811,Новое время,1990.0,27.0
390,Heller British Commandos (79632),1940,1945,1968.0,,36.0,Heller,5,1942,Новейшее время,1960.0,58.0
391,HYTTY Napoleonic Polish Infantry (2001),1807,1814,,31.0,44.0,HYTTY,7,1810,Новое время,,
392,Atlantic Sioux Camp (1012),1850,1900,1976.0,28.0,,Atlantic,50,1875,Новое время,1970.0,50.0
393,Atlantic French Infantry (87),1944,1945,1975.0,,,Atlantic,1,1944,Новейшее время,1970.0,51.0
394,Atlantic Divers (110),1960,1975,1972.0,30.0,,Atlantic,15,1967,Современность,1970.0,54.0
395,Airfix WWI German Infantry (01726),1914,1917,1966.0,41.0,45.0,Airfix,3,1915,Новейшее время,1960.0,60.0
396,HaT WW1 German Infantry (7001),1914,1916,,,,HaT,2,1915,Новейшее время,,
397,HaT Hannibal's Carthaginians - African Infantry (8020),-480,-146,1999.0,37.0,48.0,HaT,334,-313,Древний мир,1990.0,27.0
398,HaT Hannibal's Carthaginians - Spanish Infantry (8019),-300,-100,1999.0,35.0,48.0,HaT,200,-200,Древний мир,1990.0,27.0
399,HaT Carthaginian Command and Cavalry (8056),-300,-200,2001.0,44.0,36.0,HaT,100,-250,Древний мир,2000.0,25.0
400,Esci Warsaw Pact Troops (242),1981,1988,1989.0,46.0,48.0,Esci,7,1984,Современность,1980.0,37.0
401,Atlantic Anti-Air Missiles (121),1960,1975,1974.0,17.0,,Atlantic,15,1967,Современность,1970.0,52.0
402,Airfix Confederate Infantry (01713),1861,1865,1962.0,27.0,48.0,Airfix,4,1863,Новое время,1960.0,64.0
403,Accurate Confederate Infantry (7203),1861,1865,1991.0,48.0,50.0,Accurate,4,1863,Новое время,1990.0,35.0
404,Esci Confederate Infantry (223),1861,1865,1985.0,44.0,50.0,Esci,4,1863,Новое время,1980.0,41.0
405,IMEX Lewis and Clark (523),1804,1806,2003.0,48.0,18.0,IMEX,2,1805,Новое время,2000.0,23.0
406,Strelets English Cavalry of Edward I (014),1275,1310,2003.0,37.0,12.0,Strelets,35,1292,Средневековье,2000.0,23.0
407,Esci Zulu Warriors (213),1816,1880,1984.0,37.0,48.0,Esci,64,1848,Новое время,1980.0,42.0
408,Italeri Zulu Warriors (6051),1816,1890,1984.0,,48.0,Italeri,74,1853,Новое время,1980.0,42.0
409,Italeri British Infantry (6050),1875,1890,,,,Italeri,15,1882,Новое время,,
410,Strelets The Scottish Army of Wallace (007),1280,1310,2003.0,38.0,36.0,Strelets,30,1295,Средневековье,2000.0,23.0
411,Strelets Army of Henry V (006),1413,1422,2003.0,38.0,36.0,Strelets,9,1417,Средневековье,2000.0,23.0
412,Italeri English Knights and Archers (6027),1340,1450,2001.0,41.0,26.0,Italeri,110,1395,Средневековье,2000.0,25.0
413,Airfix Sheriff of Nottingham (01721),1160,1199,1964.0,28.0,24.0,Airfix,39,1179,Средневековье,1960.0,62.0
414,HaT Sheriff of Nottingham (7014),1300,1450,1964.0,,24.0,HaT,150,1375,Средневековье,1960.0,62.0
415,Revell British Paratroopers (02509),1941,1945,1992.0,45.0,50.0,Revell,4,1943,Новейшее время,1990.0,34.0
416,Esci British Paratroopers (208),1940,1945,1983.0,42.0,50.0,Esci,5,1942,Новейшее время,1980.0,43.0
417,Revell English Foot Soldiers (02562),1340,1450,,,,Revell,110,1395,Средневековье,,
418,Airfix British Paratroops (01723),1940,1945,1965.0,27.0,33.0,Airfix,5,1942,Новейшее время,1960.0,61.0
419,Airfix Waterloo French Imperial Guard (01749),1808,1815,1975.0,44.0,48.0,Airfix,7,1811,Новое время,1970.0,51.0
420,Esci French Imperial Guard (214),1804,1815,1984.0,40.0,50.0,Esci,11,1809,Новое время,1980.0,42.0
421,Revell Soviet Cossacks (02514),1935,1945,1995.0,40.0,17.0,Revell,10,1940,Новейшее время,1990.0,31.0
422,Airfix Astronauts (01741),1965,1975,1971.0,25.0,15.0,Airfix,10,1970,Современность,1970.0,55.0
423,Matchbox British Commandos (P5006),1940,1943,1978.0,42.0,46.0,Matchbox,3,1941,Новейшее время,1970.0,48.0
424,Airfix Zoo Animals No. 1 (01724),-2024,2024,1966.0,,2.0,Airfix,4048,0,Древний мир,1960.0,60.0
425,Dark Dream Studio Landsknechts (72002),1480,1550,2003.0,41.0,30.0,Dark Dream Studio,70,1515,Средневековье,2000.0,23.0
430,Airfix Station Accessories (01742),1951,1960,1958.0,31.0,24.0,Airfix,9,1955,Современность,1950.0,68.0
431,Airfix NATO Infantry (01759),1980,1985,1982.0,30.0,48.0,Airfix,5,1982,Современность,1980.0,44.0
433,Esci British Commandos (210),1940,1945,1983.0,39.0,50.0,Esci,5,1942,Новейшее время,1980.0,43.0
434,HaT WWI Turkish Infantry (8070),1909,1919,2003.0,42.0,48.0,HaT,10,1914,Новейшее время,2000.0,23.0
435,HaT WWI ANZAC Infantry (8071),1914,1918,2003.0,44.0,48.0,HaT,4,1916,Новейшее время,2000.0,23.0
436,Heller WW2 British Parachutists (79623),1941,1945,1965.0,,33.0,Heller,4,1943,Новейшее время,1960.0,61.0
437,HaT 1805 Russian Line Infantry (8072),1805,1809,2003.0,41.0,48.0,HaT,4,1807,Новое время,2000.0,23.0
438,HaT 1805 Russian Light Infantry (8073),1802,1807,2003.0,42.0,48.0,HaT,5,1804,Новое время,2000.0,23.0
439,Atlantic Davy Crockett (1005),1820,1836,1975.0,25.0,,Atlantic,16,1828,Новое время,1970.0,51.0
440,Revell French Infantry (02505),1916,1918,1991.0,40.0,44.0,Revell,2,1917,Новейшее время,1990.0,35.0
441,Nexus Panzer Grenadiers (ATL19),1935,1945,1975.0,,,Nexus,10,1940,Новейшее время,1970.0,51.0
442,Airfix Waterloo French Artillery (01737),1813,1815,1971.0,30.0,25.0,Airfix,2,1814,Новое время,1970.0,55.0
443,Revell German Artillery (02515),1937,1945,1995.0,49.0,15.0,Revell,8,1941,Новейшее время,1990.0,31.0
444,Nexus Davy Crockett (ATL08),1810,1835,,,30.0,Nexus,25,1822,Новое время,,
445,Italeri Russian Artillery (6053),1850,1860,,,,Italeri,10,1855,Новое время,,
446,Italeri British and Scots Infantry (6058),1812,1815,,,,Italeri,3,1813,Новое время,,
447,Italeri Italian Mountain Troops (6059),1940,1943,,,,Italeri,3,1941,Новейшее время,,
448,Zvezda Samurai Army - Infantry (8017),1501,1699,2003.0,48.0,44.0,Zvezda,198,1600,Средневековье,2000.0,23.0
449,Italeri British Paratroopers (6034),1941,1945,1983.0,,50.0,Italeri,4,1943,Новейшее время,1980.0,43.0
450,Italeri Prussian Cuirassiers (6007),1800,1807,1996.0,43.0,17.0,Italeri,7,1803,Новое время,1990.0,30.0
451,HaT Prussian Uhlans (8005),1815,1815,1996.0,36.0,12.0,HaT,0,1815,Новое время,1990.0,30.0
452,HaT Prussian Dragoons (8002),1808,1816,1996.0,33.0,12.0,HaT,8,1812,Новое время,1990.0,30.0
453,Accurate Waterloo French Artillery (7213),1812,1815,1971.0,,25.0,Accurate,3,1813,Новое время,1970.0,55.0
454,Atlantic U.S. Camp (1007),1865,1870,1975.0,17.0,,Atlantic,5,1867,Новое время,1970.0,51.0
455,Airfix US Paratroops (01751),1942,1944,1975.0,37.0,48.0,Airfix,2,1943,Новейшее время,1970.0,51.0
456,Heller US Paratroopers (79651),1941,1945,,,,Heller,4,1943,Новейшее время,,
457,Esci U.S. Paratroopers (209),1942,1944,1983.0,44.0,48.0,Esci,2,1943,Новейшее время,1980.0,43.0
458,Revell U.S. Paratroopers (02517),1943,1945,1995.0,42.0,44.0,Revell,2,1944,Новейшее время,1990.0,31.0
459,Esci French Foreign Legion (237),1870,1913,1987.0,44.0,50.0,Esci,43,1891,Новое время,1980.0,39.0
460,Airfix Foreign Legion (01710),1901,1914,,39.0,44.0,Airfix,13,1907,Новейшее время,,
461,Airfix Foreign Legion (1710),1901,1914,1961.0,27.0,44.0,Airfix,13,1907,Новейшее время,1960.0,65.0
462,HaT Foreign Legion (7012),1875,1913,,,44.0,HaT,38,1894,Новое время,,
463,Atlantic Indian Brigade (86),1940,1945,1977.0,24.0,,Atlantic,5,1942,Новейшее время,1970.0,49.0
464,IMEX Chuck Wagon and Prairie Schooner (513),1830,1890,1997.0,,2.0,IMEX,60,1860,Новое время,1990.0,29.0
465,Zvezda Livonian Knights (8016),1202,1299,,42.0,33.0,Zvezda,97,1250,Средневековье,,
466,Airfix WWII Luftwaffe Personnel (01755),1936,1945,1977.0,48.0,48.0,Airfix,9,1940,Новейшее время,1970.0,49.0
467,Revell German Crisis Reaction Forces (KRK) (02522),2000,2000,2002.0,44.0,50.0,Revell,0,2000,Современность,2000.0,24.0
468,Orion Polish Winged Hussars (72007),1670,1699,2003.0,50.0,12.0,Orion,29,1684,Новое время,2000.0,23.0
469,HYTTY Macedonian Infantry (2002),-350,-320,,17.0,11.0,HYTTY,30,-335,Древний мир,,
470,Airfix Civil War Artillery (01714),1861,1865,1962.0,18.0,15.0,Airfix,4,1863,Новое время,1960.0,64.0
471,Atlantic Italian Carabinieri Band (9005),1862,1970,1971.0,19.0,,Atlantic,108,1916,Новейшее время,1970.0,55.0
472,Airfix Zoo Animals No. 2 (01725),-2024,2024,1966.0,,,Airfix,4048,0,Древний мир,1960.0,60.0
473,A Call To Arms Parliament Infantry (63),1642,1650,2003.0,40.0,32.0,A Call To Arms,8,1646,Новое время,2000.0,23.0
474,Atlantic At The Pharaoh's Court (1501),-2024,-1000,1976.0,41.0,,Atlantic,1024,-1512,Древний мир,1970.0,50.0
475,HaT British Heavy Dragoons (8033),1813,1815,2000.0,41.0,12.0,HaT,2,1814,Новое время,2000.0,26.0
476,Atlantic Medical Personnel (112),1970,1975,1975.0,37.0,,Atlantic,5,1972,Современность,1970.0,51.0
477,IMEX Munitions Wagon and Ambulance Wagon (514),1840,1890,1997.0,,4.0,IMEX,50,1865,Новое время,1990.0,29.0
482,Heller Luftwaffe Personnel (79655),1936,1945,,,,Heller,9,1940,Новейшее время,,
484,Airfix Farm Stock (01704),1750,2024,1960.0,,,Airfix,274,1887,Новое время,1960.0,66.0
490,IMEX American Pioneers (516),1840,1890,2003.0,49.0,34.0,IMEX,50,1865,Новое время,2000.0,23.0
491,Atlantic The Trojan Army (1511),-1300,-1150,1977.0,,,Atlantic,150,-1225,Древний мир,1970.0,49.0
492,Strelets Russian and Prussian Chiefs of Staff (002),1804,1815,2003.0,44.0,44.0,Strelets,11,1809,Новое время,2000.0,23.0
493,Strelets French Foot Dragoons and Polish Grenadiers (009),1806,1813,2003.0,41.0,48.0,Strelets,7,1809,Новое время,2000.0,23.0
494,HaT Waterloo Dutch Infantry (8025),1815,1815,2000.0,39.0,48.0,HaT,0,1815,Новое время,2000.0,26.0
495,Revell US Infantry (02520),1997,1999,1999.0,47.0,48.0,Revell,2,1998,Современность,1990.0,27.0
496,Italeri Celtic Cavalry (6029),-300,200,2001.0,34.0,17.0,Italeri,500,-50,Древний мир,2000.0,25.0
497,HaT Celtic Cavalry (8022),-300,100,1999.0,38.0,12.0,HaT,400,-100,Древний мир,1990.0,27.0
498,Airfix WWI American Infantry (01729),1917,1918,1967.0,34.0,48.0,Airfix,1,1917,Новейшее время,1960.0,59.0
499,Revell Austrian Infantry (02574),1756,1763,1993.0,40.0,47.0,Revell,7,1759,Новое время,1990.0,33.0
500,HaT WW1 U.S. Infantry (7004),1917,1918,,,,HaT,1,1917,Новейшее время,,
501,Esci Commonwealth Infantry (231),1940,1942,1986.0,46.0,50.0,Esci,2,1941,Новейшее время,1980.0,40.0
502,Atlantic Greek Cavalry (1510),-500,-350,1977.0,22.0,,Atlantic,150,-425,Древний мир,1970.0,49.0
503,Nexus Greek Cavalry (ATL06),-500,-350,1977.0,,,Nexus,150,-425,Древний мир,1970.0,49.0
504,Waterloo 1815 Greek Cavalry (P001),-400,-330,1977.0,,,Waterloo 1815,70,-365,Древний мир,1970.0,49.0
505,HaT French Dragoons (8009),1804,1813,1998.0,31.0,12.0,HaT,9,1808,Новое время,1990.0,28.0
506,Italeri French Dragoons (6015),1804,1812,1998.0,47.0,17.0,Italeri,8,1808,Новое время,1990.0,28.0
507,Airfix WWII Gurkhas (01754),1939,1945,1976.0,40.0,48.0,Airfix,6,1942,Новейшее время,1970.0,50.0
508,HaT WW2 Gurkhas (7017),1941,1945,1976.0,,48.0,HaT,4,1943,Новейшее время,1970.0,50.0
509,Revell Indians (02555),1850,1880,1990.0,43.0,49.0,Revell,30,1865,Новое время,1990.0,36.0
510,Esci Russian Grenadiers (236),1812,1815,1987.0,44.0,50.0,Esci,3,1813,Новое время,1980.0,39.0
511,Waterloo 1815 Folgore Division Infantry (002),1942,1943,2003.0,42.0,44.0,Waterloo 1815,1,1942,Новейшее время,2000.0,23.0
512,Waterloo 1815 Folgore Division Light Artillery (004),1940,1945,2003.0,42.0,21.0,Waterloo 1815,5,1942,Новейшее время,2000.0,23.0
513,LW German Cavalry 1914 (53),1914,1916,2003.0,32.0,6.0,LW,2,1915,Новейшее время,2000.0,23.0
514,HaT Persian Heavy Cavalry (8050),-350,-300,2003.0,42.0,12.0,HaT,50,-325,Древний мир,2000.0,23.0
515,HaT Persian Light Cavalry (8077),-400,-300,2003.0,41.0,12.0,HaT,100,-350,Древний мир,2000.0,23.0
516,Zvezda Persian Chariot and Cavalry (8008),-550,-300,,45.0,8.0,Zvezda,250,-425,Древний мир,,
517,Italeri Persian Cavalry with Chariot (6036),-550,-300,,,8.0,Italeri,250,-425,Древний мир,,
518,LW Medieval Knights (12),1400,1480,2003.0,,5.0,LW,80,1440,Средневековье,2000.0,23.0
519,HaT Spanish Cavalry (8055),-300,-100,2003.0,44.0,12.0,HaT,200,-200,Древний мир,2000.0,23.0
520,Odemars German Commanders (PF05),1939,1945,2003.0,47.0,42.0,Odemars,6,1942,Новейшее время,2000.0,23.0
521,HaT Italian Ally Cavalry (8054),-300,-140,2003.0,41.0,12.0,HaT,160,-220,Древний мир,2000.0,23.0
522,Atlantic Heavy Artillery (107),1960,1975,1974.0,21.0,,Atlantic,15,1967,Современность,1970.0,52.0
523,Italeri French Foreign Legion (6054),1875,1913,1987.0,,50.0,Italeri,38,1894,Новое время,1980.0,39.0
524,Esci Modern U.S. Soldiers (239),1980,1987,1987.0,44.0,50.0,Esci,7,1983,Современность,1980.0,39.0
525,Atlantic Mao - Chinese Revolution (9010),1930,1950,1972.0,23.0,,Atlantic,20,1940,Новейшее время,1970.0,54.0
526,Airfix German Mountain Troops (01752),1939,1945,1977.0,43.0,37.0,Airfix,6,1942,Новейшее время,1970.0,49.0
527,Revell British Foot Artillery (02577),1812,1815,1993.0,43.0,19.0,Revell,3,1813,Новое время,1990.0,33.0
528,Atlantic Fliers (103),1960,1975,1973.0,32.0,,Atlantic,15,1967,Современность,1970.0,53.0
529,LW Ancient Artillery Part 2 (27),0,0,,16.0,1.0,LW,0,0,Древний мир,,
530,Airfix Guards Band (01701),1860,2015,1960.0,34.0,44.0,Airfix,155,1937,Новейшее время,1960.0,66.0
531,Atlantic Ambulance (113),1960,1975,1975.0,14.0,,Atlantic,15,1967,Современность,1970.0,51.0
532,HaT British Rocket Troops (8003),1813,1815,2001.0,43.0,24.0,HaT,2,1814,Новое время,2000.0,25.0
533,Atlantic Air Force (102),1960,1975,1971.0,11.0,,Atlantic,15,1967,Современность,1970.0,55.0
534,HaT Austrian Line Infantry (8027),1809,1815,2001.0,40.0,48.0,HaT,6,1812,Новое время,2000.0,25.0
536,Esci Battlefield Accessories (216),-2024,2024,,,,Esci,4048,0,Древний мир,,
537,Atlantic Outlaws and Sheriffs (1014),1850,1900,1977.0,37.0,,Atlantic,50,1875,Новое время,1970.0,49.0
538,Revell Praetorians (02552),-99,-1,1989.0,,50.0,Revell,98,-50,Древний мир,1980.0,37.0
539,Dark Dream Studio Pilots of the First World War (72003),1914,1918,2003.0,48.0,48.0,Dark Dream Studio,4,1916,Новейшее время,2000.0,23.0
540,Italeri British Hussars (6052),1850,1855,,,,Italeri,5,1852,Новое время,,
541,Italeri Union Infantry (6012),1861,1865,1995.0,45.0,50.0,Italeri,4,1863,Новое время,1990.0,31.0
542,Airfix WWI British Infantry (01727),1908,1915,1966.0,38.0,44.0,Airfix,7,1911,Новейшее время,1960.0,60.0
543,Airfix Waterloo British Cavalry (Hussars) (01743),1813,1815,1972.0,37.0,12.0,Airfix,2,1814,Новое время,1970.0,54.0
544,Accurate Waterloo British Cavalry (7210),1810,1815,1972.0,,12.0,Accurate,5,1812,Новое время,1970.0,54.0
545,HaT Imperial Roman Command (8075),20,200,2003.0,41.0,44.0,HaT,180,110,Древний мир,2000.0,23.0
546,HaT Imperial Roman Auxiliaries (8074),-100,250,2003.0,35.0,48.0,HaT,350,75,Древний мир,2000.0,23.0
547,Italeri Battlefield Accessory Set (6030),-500,2000,,,,Italeri,2500,750,Средневековье,,
548,Zvezda Russian Foot Artillery (8022),1812,1815,2003.0,48.0,22.0,Zvezda,3,1813,Новое время,2000.0,23.0
549,Italeri French Infantry (6043),1779,1785,2003.0,37.0,49.0,Italeri,6,1782,Новое время,2000.0,23.0
550,Zvezda Russian Heavy Infantry Grenadiers (8020),1812,1815,2003.0,48.0,46.0,Zvezda,3,1813,Новое время,2000.0,23.0
551,HaT WW1 British Infantry (7002),1914,1916,,,,HaT,2,1915,Новейшее время,,
552,Italeri Austrian Grenadiers and Infantry (6005),1798,1809,1996.0,40.0,48.0,Italeri,11,1803,Новое время,1990.0,30.0
553,Zvezda Gauls (8012),-250,100,2000.0,,40.0,Zvezda,350,-75,Древний мир,2000.0,26.0
554,Italeri Austrian and Russian Allied General Staff (6037),1804,1814,2003.0,33.0,39.0,Italeri,10,1809,Новое время,2000.0,23.0
555,Revell German Engineers (02508),1939,1945,1992.0,42.0,40.0,Revell,6,1942,Новейшее время,1990.0,34.0
556,Atlantic Buffalo Hunt (1001),1800,1860,1975.0,16.0,,Atlantic,60,1830,Новое время,1970.0,51.0
557,Nexus Buffalo Hunt (ATL17),1800,1870,,,20.0,Nexus,70,1835,Новое время,,
558,Esci Colonial India British Infantry (232),1873,1890,1986.0,43.0,50.0,Esci,17,1881,Новое время,1980.0,40.0
559,LW Soviet 45mm Anti-Tank Gun 1932 (21),1933,1945,,31.0,3.0,LW,12,1939,Новейшее время,,
560,Revell Confederate Infantry (02558),1861,1865,1991.0,,50.0,Revell,4,1863,Новое время,1990.0,35.0
561,Airfix NATO Ground Crew (01758),1975,1980,1981.0,43.0,48.0,Airfix,5,1977,Современность,1980.0,45.0
562,Strelets Swedish Infantry of Charles XII (021),1704,1721,2004.0,42.0,44.0,Strelets,17,1712,Новое время,2000.0,22.0
563,MiniArt French Knights with Assault Ladders (72002),1401,1499,2003.0,38.0,32.0,MiniArt,98,1450,Средневековье,2000.0,23.0
564,HaT Nubian Infantry (8079),-2000,-500,2004.0,30.0,48.0,HaT,1500,-1250,Древний мир,2000.0,22.0
565,HaT Sea Peoples (8078),-1250,-1150,2004.0,32.0,48.0,HaT,100,-1200,Древний мир,2000.0,22.0
566,Strelets Russian Uhlans (015),1803,1815,2004.0,43.0,12.0,Strelets,12,1809,Новое время,2000.0,22.0
567,MiniArt French Foot Soldiers with Rams (72003),1401,1499,2003.0,35.0,22.0,MiniArt,98,1450,Средневековье,2000.0,23.0
568,Strelets Russian Dragoons of Peter I (010),1699,1725,2004.0,37.0,16.0,Strelets,26,1712,Новое время,2000.0,22.0
569,Atlantic Roman Legion (1515),-200,-50,1978.0,18.0,,Atlantic,150,-125,Древний мир,1970.0,48.0
570,HaT French Line Fusiliers (8041),1813,1815,2001.0,41.0,48.0,HaT,2,1814,Новое время,2000.0,25.0
571,Revell German Paratroops (02521),1995,2000,2000.0,46.0,39.0,Revell,5,1997,Современность,2000.0,26.0
572,LW Russian 122mm Howitzer M30 (41),1939,1980,,,,LW,41,1959,Современность,,
573,HaT War Elephants (8023),-290,-205,1999.0,41.0,18.0,HaT,85,-248,Древний мир,1990.0,27.0
574,Orion Boxer Rebellion (72009),1900,1901,2004.0,49.0,42.0,Orion,1,1900,Новое время,2000.0,22.0
575,Airfix Waterloo Highland Infantry (01735),1808,1815,1969.0,30.0,1.0,Airfix,7,1811,Новое время,1960.0,57.0
576,Esci Muslim Warriors (238),1860,1920,1987.0,41.0,50.0,Esci,60,1890,Новое время,1980.0,39.0
577,Revell German Infantry (02504),1916,1918,1990.0,46.0,48.0,Revell,2,1917,Новейшее время,1990.0,36.0
578,Atlantic Geronimo - Apache (1003),1876,1886,1975.0,22.0,,Atlantic,10,1881,Новое время,1970.0,51.0
579,Italeri Arab Warriors (6055),1860,1910,1987.0,,50.0,Italeri,50,1885,Новое время,1980.0,39.0
580,Nexus Geronimo's Apaches (ATL04),1860,1880,,,15.0,Nexus,20,1870,Новое время,,
581,Emhar Viking Warriors (7205),801,999,2004.0,45.0,50.0,Emhar,198,900,Средневековье,2000.0,22.0
583,IMEX Vikings (7214),801,999,,,,IMEX,198,900,Средневековье,,
584,Airfix Modern Russians (01760),1970,1985,1982.0,34.0,48.0,Airfix,15,1977,Современность,1980.0,44.0
585,HaT Numidian Cavalry (8024),-300,100,1999.0,39.0,12.0,HaT,400,-100,Древний мир,1990.0,27.0
586,Revell Austrian Artillery (02579),1756,1763,1994.0,48.0,24.0,Revell,7,1759,Новое время,1990.0,32.0
587,Atlantic Roman Cavalry (1516),-200,-50,1978.0,14.0,,Atlantic,150,-125,Древний мир,1970.0,48.0
588,Zvezda French Infantry (8021),1806,1813,1995.0,,50.0,Zvezda,7,1809,Новое время,1990.0,31.0
589,Zvezda French Guard Horse Artillery (8023),1807,1813,2000.0,,11.0,Zvezda,6,1810,Новое время,2000.0,26.0
590,Zvezda French Carabiniers (8033),1810,1815,,,,Zvezda,5,1812,Новое время,,
591,Italeri British and Prussian Allied General Staff (6065),1808,1815,2004.0,30.0,18.0,Italeri,7,1811,Новое время,2000.0,22.0
592,HaT Russian Dragoons (8012),1803,1808,1998.0,33.0,12.0,HaT,5,1805,Новое время,1990.0,28.0
593,Airfix Waterloo British Artillery (01746),1800,1815,1972.0,34.0,14.0,Airfix,15,1807,Новое время,1970.0,54.0
595,Italeri British Infantry (6056),1939,1945,1982.0,,50.0,Italeri,6,1942,Новейшее время,1980.0,44.0
596,HaT Waterloo Lutzow Freikorps & Nassau Grenadiers (8097),1810,1815,2004.0,38.0,48.0,HaT,5,1812,Новое время,2000.0,22.0
597,HaT Dacians (8069),-168,106,2004.0,40.0,48.0,HaT,274,-31,Древний мир,2000.0,22.0
598,HaT Ancient Germans (8068),-200,100,2004.0,27.0,48.0,HaT,300,-50,Древний мир,2000.0,22.0
599,Waterloo 1815 WWII Italian Infantry (007),1940,1943,1980.0,,48.0,Waterloo 1815,3,1941,Новейшее время,1980.0,46.0
600,A Call To Arms British Foot Artillery (64),1812,1816,2004.0,40.0,16.0,A Call To Arms,4,1814,Новое время,2000.0,22.0
601,HaT Waterloo Netherlands Militia and Belgian Infantry (8096),1815,1815,2004.0,39.0,48.0,HaT,0,1815,Новое время,2000.0,22.0
602,IMEX Southwestern Alamo Accessories (533),-2024,2024,,,,IMEX,4048,0,Древний мир,,
603,Esci NATO Pilots and Ground Crew (243),1985,1990,1989.0,43.0,48.0,Esci,5,1987,Современность,1980.0,37.0
604,Atlantic Buffalo Bill (1002),1850,1890,1975.0,20.0,,Atlantic,40,1870,Новое время,1970.0,51.0
605,Nexus Buffalo Bill (ATL12),1840,1910,1975.0,,,Nexus,70,1875,Новое время,1970.0,51.0
606,IMEX Eastern Friendly Indians (522),1600,1750,2004.0,45.0,30.0,IMEX,150,1675,Новое время,2000.0,22.0
607,Revell German Armoured Infantry (02518),1990,1997,1997.0,44.0,45.0,Revell,7,1993,Современность,1990.0,29.0
608,HaT Austrian Chevauxleger (8031),1805,1814,2000.0,38.0,12.0,HaT,9,1809,Новое время,2000.0,26.0
609,Pegasus German Waffen SS (7201),1940,1945,2004.0,48.0,46.0,Pegasus,5,1942,Новейшее время,2000.0,22.0
610,Airfix Romans (01730),40,150,1967.0,24.0,28.0,Airfix,110,95,Древний мир,1960.0,59.0
611,HaT Romans (7010),30,150,1967.0,,28.0,HaT,120,90,Древний мир,1960.0,59.0
612,Atlantic The March on Rome - Mussolini and the Black Shirts (9007),1922,1939,1972.0,31.0,,Atlantic,17,1930,Новейшее время,1970.0,54.0
615,Revell Prussian Infantry (02580),1810,1816,1996.0,45.0,42.0,Revell,6,1813,Новое время,1990.0,30.0
616,Italeri Russian Infantry (6057),1941,1945,,,,Italeri,4,1943,Новейшее время,,
617,HaT Italian Allies (8040),-300,-102,2001.0,39.0,48.0,HaT,198,-201,Древний мир,2000.0,25.0
618,Italeri French Artillery Set (6031),1810,1815,2001.0,,11.0,Italeri,5,1812,Новое время,2000.0,25.0
619,Atlantic Sioux - Sitting Bull (1009),1600,1880,1975.0,24.0,,Atlantic,280,1740,Новое время,1970.0,51.0
620,Orion Red 1st Cavalry (72011),1918,1924,2004.0,46.0,12.0,Orion,6,1921,Новейшее время,2000.0,22.0
621,Airfix Royal Horse Artillery (01731),1914,1915,1968.0,29.0,14.0,Airfix,1,1914,Новейшее время,1960.0,58.0
622,Revell Austrian Dragoons (02573),1756,1763,1992.0,45.0,15.0,Revell,7,1759,Новое время,1990.0,34.0
623,Atlantic Military Hospital (114),1970,1975,1975.0,,,Atlantic,5,1972,Современность,1970.0,51.0
624,HaT French Young Guard (8034),1813,1815,2000.0,38.0,48.0,HaT,2,1814,Новое время,2000.0,26.0
625,BUM La Legion (5000),1934,1939,2004.0,44.0,36.0,BUM,5,1936,Новейшее время,2000.0,22.0
626,Strelets Russian Medieval Horsemen (017),1200,1350,2004.0,41.0,12.0,Strelets,150,1275,Средневековье,2000.0,22.0
627,Strelets Russian Mounted Jägers (018),1813,1815,2004.0,40.0,12.0,Strelets,2,1814,Новое время,2000.0,22.0
628,Strelets Anglo-Saxons (016),900,1066,2004.0,36.0,43.0,Strelets,166,983,Средневековье,2000.0,22.0
629,Strelets Norman Cavalry (012),1050,1100,2004.0,37.0,12.0,Strelets,50,1075,Средневековье,2000.0,22.0
630,HaT WW1 Royal Horse Artillery (7005),1914,1916,,,,HaT,2,1915,Новейшее время,,
631,HaT Carthaginian Allies (8058),-400,-200,2001.0,35.0,48.0,HaT,200,-300,Древний мир,2000.0,25.0
632,HaT French Light Infantry (8042),1812,1815,2001.0,44.0,48.0,HaT,3,1813,Новое время,2000.0,25.0
633,Atlantic Stampede (1013),1850,1890,1977.0,23.0,,Atlantic,40,1870,Новое время,1970.0,49.0
634,Nexus Stampede (ATL13),1840,1910,,,16.0,Nexus,70,1875,Новое время,,
635,Atlantic Hitler - Brown Shirts - SS (9008),1925,1945,1972.0,26.0,,Atlantic,20,1935,Новейшее время,1970.0,54.0
637,Zvezda French Dragoons (8024),1804,1812,1998.0,,17.0,Zvezda,8,1808,Новое время,1990.0,28.0
638,Matchbox German Infantry (40190),1942,1945,1990.0,,48.0,Matchbox,3,1943,Новейшее время,1990.0,36.0
639,Matchbox US Infantry (40191),1942,1945,1990.0,,47.0,Matchbox,3,1943,Новейшее время,1990.0,36.0
640,Matchbox German Pioneers (40192),1939,1945,1992.0,,40.0,Matchbox,6,1942,Новейшее время,1990.0,34.0
641,Matchbox British Paratroopers (40193),1940,1945,1992.0,,50.0,Matchbox,5,1942,Новейшее время,1990.0,34.0
642,Revell Conquistadors (02568),1490,1580,1991.0,41.0,44.0,Revell,90,1535,Средневековье,1990.0,35.0
643,Revell Aztecs (02569),1450,1525,1991.0,46.0,48.0,Revell,75,1487,Средневековье,1990.0,35.0
644,HaT British Marines and Sailors (8098),1799,1808,2004.0,40.0,80.0,HaT,9,1803,Новое время,2000.0,22.0
645,HaT 1806 Prussian Musketeers (8083),1797,1808,2004.0,41.0,48.0,HaT,11,1802,Новое время,2000.0,22.0
646,HaT 1806 Prussian Fusiliers (8084),1801,1807,2004.0,42.0,48.0,HaT,6,1804,Новое время,2000.0,22.0
647,Almark British Infantry (WD1),1939,1945,1972.0,31.0,12.0,Almark,6,1942,Новейшее время,1970.0,54.0
648,Almark British Infantry Weapons (WD2),1939,1945,1972.0,29.0,8.0,Almark,6,1942,Новейшее время,1970.0,54.0
649,Waterloo 1815 X Mas (010),1943,1945,2004.0,45.0,44.0,Waterloo 1815,2,1944,Новейшее время,2000.0,22.0
650,LW Russo-Balt 1914 (52),1912,1918,2004.0,,,LW,6,1915,Новейшее время,2000.0,22.0
651,Evolution Russo-Balt 1914 (EVC002),1912,1918,2004.0,,,Evolution,6,1915,Новейшее время,2000.0,22.0
652,Odemars Oscan Infantry (PF10),-350,150,2004.0,36.0,42.0,Odemars,500,-100,Древний мир,2000.0,22.0
653,Evolution Polish Infantry 1809-14 (EVF001),1809,1814,,,44.0,Evolution,5,1811,Новое время,,
654,Evolution Macedonian Cavalry (EVF002),-350,-300,,,11.0,Evolution,50,-325,Древний мир,,
655,Evolution Napoleonic French Military Band (EVF024),1800,1815,,,44.0,Evolution,15,1807,Новое время,,
656,Evolution Napoleonic Polish Infantry (EVF027),1807,1814,,,44.0,Evolution,7,1810,Новое время,,
657,Evolution Carthaginian Mercenaries (EVF029),-450,-50,2004.0,30.0,16.0,Evolution,400,-250,Древний мир,2000.0,22.0
658,Evolution Bactrian Cavalry (EVF003),-490,-300,2002.0,,5.0,Evolution,190,-395,Древний мир,2000.0,24.0
659,Evolution Scythian Cavalry (EVF004),-650,-250,2002.0,,5.0,Evolution,400,-450,Древний мир,2000.0,24.0
660,Evolution Macedonian Artillery (EVF005),-350,-250,,,3.0,Evolution,100,-300,Древний мир,,
661,Evolution Parthian Cataphracts with M Crassus (EVF006),-250,250,,,7.0,Evolution,500,0,Древний мир,,
662,Evolution Parthian Cataphracts with Roman Prisoners (EVF007),-250,250,,,7.0,Evolution,500,0,Древний мир,,
663,Evolution Gastraphet (EVF008),0,0,,,,Evolution,0,0,Древний мир,,
664,Evolution Ballista (EVF009),0,0,,,1.0,Evolution,0,0,Древний мир,,
665,Evolution Onager and Crew (EVF010),0,0,2002.0,,5.0,Evolution,0,0,Древний мир,2000.0,24.0
666,Evolution Vinea (EVF012),30,200,2004.0,19.0,5.0,Evolution,170,115,Древний мир,2000.0,22.0
667,Evolution Inquisition (EVF013),0,0,2002.0,,6.0,Evolution,0,0,Древний мир,2000.0,24.0
668,Evolution Medieval Knights (EVF014),1400,1480,2003.0,,5.0,Evolution,80,1440,Средневековье,2000.0,23.0
669,Evolution Medieval Mortar and Crew (EVF015),1490,1570,,,3.0,Evolution,80,1530,Средневековье,,
670,Evolution Pirates (EVF016),1540,1740,,,15.0,Evolution,200,1640,Новое время,,
671,Evolution Napoleonic War French Engineers (EVF017),1804,1815,,,16.0,Evolution,11,1809,Новое время,,
672,Evolution Wellington's Generals (EVF018),1806,1815,,,20.0,Evolution,9,1810,Новое время,,
673,Evolution Russian M30 Howitzer (EVF019),1938,1950,,,,Evolution,12,1944,Новейшее время,,
674,Evolution Russian Anti-tank Gun (EVF020),1932,1945,,,3.0,Evolution,13,1938,Новейшее время,,
675,Evolution Russian Artillery Crew (EVF021),1941,1945,,,16.0,Evolution,4,1943,Новейшее время,,
676,Evolution Russian Pilots and Ground Crew (EVF022),1939,1945,,,24.0,Evolution,6,1942,Новейшее время,,
677,Evolution War Elephant (EVF023),0,0,,,1.0,Evolution,0,0,Древний мир,,
678,Evolution Celtic Warriors (EVF028),-300,200,,,4.0,Evolution,500,-50,Древний мир,,
679,Evolution World War I German Cavalry (EVF030),1914,1916,2003.0,,6.0,Evolution,2,1915,Новейшее время,2000.0,23.0
680,Evolution Cavalry of Imperial Rome (EVF034),-50,150,,,4.0,Evolution,200,50,Древний мир,,
681,Hasegawa WWII Pilot Figure Set (35008),1939,1945,1998.0,33.0,12.0,Hasegawa,6,1942,Новейшее время,1990.0,28.0
682,Italeri US Paratroopers (6063),1941,1945,,,,Italeri,4,1943,Новейшее время,,
683,Armourfast WWII German Mortar Team (99006),1941,1945,2004.0,46.0,20.0,Armourfast,4,1943,Новейшее время,2000.0,22.0
684,Armourfast WWII German Machine Gun Team (99007),1942,1945,2004.0,45.0,24.0,Armourfast,3,1943,Новейшее время,2000.0,22.0
685,Zvezda Samurai Warriors - Cavalry (8025),1501,1699,2004.0,46.0,17.0,Zvezda,198,1600,Средневековье,2000.0,22.0
686,IMEX Stagecoach (517),1827,1890,2004.0,45.0,8.0,IMEX,63,1858,Новое время,2000.0,22.0
687,Evolution Russian Tank Crew (EVF031),1941,1945,2004.0,38.0,14.0,Evolution,4,1943,Новейшее время,2000.0,22.0
688,Orion Turkish Janissaries (72010),1601,1699,2004.0,46.0,48.0,Orion,98,1650,Новое время,2000.0,22.0
689,LW Russian Tank Crew (20),1939,1945,2004.0,,14.0,LW,6,1942,Новейшее время,2000.0,22.0
690,Evolution German Horse Wagon (EVF025),1000,1950,2004.0,,,Evolution,950,1475,Средневековье,2000.0,22.0
691,LW German Horse Wagon (15),1000,2024,2004.0,,,LW,1024,1512,Средневековье,2000.0,22.0
692,IMEX Conestoga Wagon (518),1740,1870,2004.0,,2.0,IMEX,130,1805,Новое время,2000.0,22.0
693,Accurate Waterloo British Artillery (7211),1800,1815,1972.0,,14.0,Accurate,15,1807,Новое время,1970.0,54.0
694,LW Carthaginian Mercenaries (47),-450,-50,2004.0,,16.0,LW,400,-250,Древний мир,2000.0,22.0
695,Strelets Russian Line Infantry (025),1846,1862,2004.0,39.0,44.0,Strelets,16,1854,Новое время,2000.0,22.0
696,LW Cossack Artillery (2012),1501,1899,2004.0,,20.0,LW,398,1700,Новое время,2000.0,22.0
697,Strelets British Heavy Dragoons (023),1847,1855,2004.0,43.0,12.0,Strelets,8,1851,Новое время,2000.0,22.0
698,Strelets French Light Infantry (024),1845,1855,2004.0,40.0,44.0,Strelets,10,1850,Новое время,2000.0,22.0
699,Strelets Russian Terek Cossacks (026),1830,1915,2004.0,42.0,12.0,Strelets,85,1872,Новое время,2000.0,22.0
701,LW War Elephant (32),-500,-200,,12.0,1.0,LW,300,-350,Древний мир,,
702,First To Fight Polish Infantry Support Weapons (PL1939-027),1939,1939,2015.0,41.0,15.0,First To Fight,0,1939,Новейшее время,2010.0,11.0
703,Italeri British Commandos (6064),1940,1945,1983.0,,50.0,Italeri,5,1942,Новейшее время,1980.0,43.0
704,Hasegawa U.S. Infantry Combat Team (31129),1941,1945,1991.0,39.0,24.0,Hasegawa,4,1943,Новейшее время,1990.0,35.0
705,Zvezda Republican Roman Infantry (8034),-299,-101,2004.0,45.0,40.0,Zvezda,198,-200,Древний мир,2000.0,22.0
706,HaT Napoleonic Swedish Infantry (8091),1810,1813,2004.0,38.0,100.0,HaT,3,1811,Новое время,2000.0,22.0
709,LW Samurai Warriors (2011),1550,1650,2004.0,34.0,30.0,LW,100,1600,Средневековье,2000.0,22.0
710,Revell WWII German Paratroops (02532),1939,1945,,,,Revell,6,1942,Новейшее время,,
711,Ykreol Chiefs of War (YK23),-60,1960,,,20.0,Ykreol,2020,950,Средневековье,,
712,Lucky Toys Austrian Uhlans (TL0005),1862,1866,2004.0,32.0,16.0,Lucky Toys,4,1864,Новое время,2000.0,22.0
713,Italeri British Light Cavalry (6044),1775,1785,2004.0,42.0,17.0,Italeri,10,1780,Новое время,2000.0,22.0
714,Evolution Cossack Artillery (EVF040),1501,1899,2004.0,,20.0,Evolution,398,1700,Новое время,2000.0,22.0
715,Lucky Toys Custer - The Last Hunt (TL0003),1870,1880,2004.0,23.0,36.0,Lucky Toys,10,1875,Новое время,2000.0,22.0
716,"Lucky Toys Cheyennes, People of the Big Grasslands (TL0004)",1840,1880,2004.0,26.0,24.0,Lucky Toys,40,1860,Новое время,2000.0,22.0
717,Italeri NATO Pilots and Ground Crews (1246),1975,1988,1989.0,,48.0,Italeri,13,1981,Современность,1980.0,37.0
718,Lucky Toys Late Empire Romans (TL0002),301,499,2004.0,27.0,40.0,Lucky Toys,198,400,Древний мир,2000.0,22.0
719,Italeri Gladiators (6062),-100,250,2004.0,41.0,14.0,Italeri,350,75,Древний мир,2000.0,22.0
720,Esci Japanese Imperial Guard (8061),1933,1945,,36.0,17.0,Esci,12,1939,Новейшее время,,
721,Odemars French Revolution (PF09),1789,1795,2004.0,42.0,10.0,Odemars,6,1792,Новое время,2000.0,22.0
722,Esci Eighth Army (8019),1939,1945,,41.0,19.0,Esci,6,1942,Новейшее время,,
723,Caesar SAS (H001),1980,2000,2004.0,49.0,42.0,Caesar,20,1990,Современность,2000.0,22.0
725,Caesar German Infantry (H002),1943,1945,2004.0,46.0,42.0,Caesar,2,1944,Новейшее время,2000.0,22.0
726,BUM Pz.KpfW-1a (5002),1935,1940,2004.0,,3.0,BUM,5,1937,Новейшее время,2000.0,22.0
728,Caesar Japanese Samurai with Ninja (H003),1401,1699,2004.0,43.0,39.0,Caesar,298,1550,Средневековье,2000.0,22.0
729,Strelets Saxon Garde du Corps (022),1810,1812,2004.0,41.0,12.0,Strelets,2,1811,Новое время,2000.0,22.0
730,HaT WWI Russian Infantry Heavy Weapons Set (8080),1912,1918,2004.0,43.0,80.0,HaT,6,1915,Новейшее время,2000.0,22.0
731,BUM Pilots and Ground Crew (5012),1936,1939,2004.0,,12.0,BUM,3,1937,Новейшее время,2000.0,22.0
732,Strelets British Highlanders (029),1850,1855,2004.0,45.0,42.0,Strelets,5,1852,Новое время,2000.0,22.0
733,HaT WWI Austrian Infantry Heavy Weapons Set (8081),1914,1918,2004.0,41.0,52.0,HaT,4,1916,Новейшее время,2000.0,22.0
734,Strelets Russian Cossack Infantry and Sailors (027),1820,1870,2004.0,43.0,46.0,Strelets,50,1845,Новое время,2000.0,22.0
735,Revell French Hussars (02586),1800,1815,1996.0,,17.0,Revell,15,1807,Новое время,1990.0,30.0
736,Revell French Dragoons (02587),1804,1812,1998.0,,17.0,Revell,8,1808,Новое время,1990.0,28.0
737,BUM Italian CTV (5003),1936,1939,2004.0,,26.0,BUM,3,1937,Новейшее время,2000.0,22.0
738,Zvezda Russian Cuirassiers (8026),1812,1815,2004.0,48.0,16.0,Zvezda,3,1813,Новое время,2000.0,22.0
739,Strelets Russian Hussars (019),1812,1816,2004.0,43.0,12.0,Strelets,4,1814,Новое время,2000.0,22.0
740,BUM T-26 B (5006),1936,1939,2004.0,,4.0,BUM,3,1937,Новейшее время,2000.0,22.0
741,Esci German Anti-Tank Gun (8020),1936,1945,,,8.0,Esci,9,1940,Новейшее время,,
742,Preiser Modern US Infantry (72500),1986,1995,,39.0,16.0,Preiser,9,1990,Современность,,
743,HaT Imperial Roman Auxiliary Cavalry (8066),35,150,2005.0,39.0,12.0,HaT,115,92,Древний мир,2000.0,21.0
744,HaT Imperial Roman Praetorian Cavalry (8067),-30,250,2005.0,39.0,12.0,HaT,280,110,Древний мир,2000.0,21.0
745,HaT Late Roman Cataphracts (8086),236,500,2005.0,44.0,12.0,HaT,264,368,Древний мир,2000.0,21.0
746,Waterloo 1815 Dervish Infantry (011),1880,1885,2005.0,41.0,36.0,Waterloo 1815,5,1882,Новое время,2000.0,21.0
747,HaT Gothic Cavalry (8085),200,450,2005.0,43.0,12.0,HaT,250,325,Древний мир,2000.0,21.0
748,LW Imperial Rome Legionary Artillery (7),30,70,2004.0,15.0,7.0,LW,40,50,Древний мир,2000.0,22.0
749,LW Medieval Russian Warriors (13),1300,1500,2004.0,28.0,8.0,LW,200,1400,Средневековье,2000.0,22.0
750,Evolution Medieval Russian Warriors (EVF033),1300,1500,2004.0,,8.0,Evolution,200,1400,Средневековье,2000.0,22.0
751,Orion Medieval Siege Engines Part 1 (72015),1400,1480,2004.0,,,Orion,80,1440,Средневековье,2000.0,22.0
752,Orion Medieval Siege Engines Part 2 (72016),1000,1450,2004.0,,,Orion,450,1225,Средневековье,2000.0,22.0
753,Evolution Roman Legionary Artillery (EVF032),0,0,2004.0,,7.0,Evolution,0,0,Древний мир,2000.0,22.0
754,Esci 'Red Devils' British Paratroopers (8034),1940,1945,,37.0,13.0,Esci,5,1942,Новейшее время,,
756,Hasegawa German Infantry Attack Group (31130),1939,1945,1991.0,35.0,24.0,Hasegawa,6,1942,Новейшее время,1990.0,35.0
757,Preiser German Tank Crew 1939-45 (72515),1939,1945,1998.0,50.0,20.0,Preiser,6,1942,Новейшее время,1990.0,28.0
758,Revell French Horse Guard Artillery (02588),1807,1813,2000.0,,11.0,Revell,6,1810,Новое время,2000.0,26.0
759,Revell Prussian Cuirassiers (02589),1800,1807,1996.0,,17.0,Revell,7,1803,Новое время,1990.0,30.0
760,Hasegawa US Pilot/Ground Crew Set (35007),1980,1988,1985.0,46.0,16.0,Hasegawa,8,1984,Современность,1980.0,41.0
761,Hasegawa Check Point (31131),1939,1945,,,,Hasegawa,6,1942,Новейшее время,,
763,Esci Red Guards (8017),1936,1945,,38.0,26.0,Esci,9,1940,Новейшее время,,
764,Strelets Crimean Russian Hussars (034),1850,1855,2005.0,44.0,12.0,Strelets,5,1852,Новое время,2000.0,21.0
765,Strelets Napoleon's General Staff (013),1804,1815,2005.0,42.0,36.0,Strelets,11,1809,Новое время,2000.0,21.0
766,Strelets Scots Greys (030),1842,1874,2005.0,45.0,12.0,Strelets,32,1858,Новое время,2000.0,21.0
767,HaT 1808-1812 French Line Infantry (8095),1808,1813,2005.0,46.0,100.0,HaT,5,1810,Новое время,2000.0,21.0
768,Armourfast WWII German BMW with Sidecar (99010),1940,1945,2005.0,44.0,15.0,Armourfast,5,1942,Новейшее время,2000.0,21.0
769,HaT Russian Militia (8099),1812,1814,2005.0,37.0,100.0,HaT,2,1813,Новое время,2000.0,21.0
771,Strelets Russian Naval Artillery (032),1840,1870,2005.0,45.0,25.0,Strelets,30,1855,Новое время,2000.0,21.0
773,Linear-B Roman Port - 2 (075),-100,400,2014.0,45.0,60.0,Linear-B,500,150,Древний мир,2010.0,12.0
776,Armourfast WWII German Zundapp Motorcycle (99011),1938,1945,2005.0,45.0,21.0,Armourfast,7,1941,Новейшее время,2000.0,21.0
777,Preiser Horse Drawn Light Field Howitzer (16513),1936,1945,,50.0,8.0,Preiser,9,1940,Новейшее время,,
778,A Call To Arms British Infantry 1775 (65),1768,1796,2005.0,38.0,32.0,A Call To Arms,28,1782,Новое время,2000.0,21.0
780,Preiser Modern US Infantry (16529),1983,1988,,,16.0,Preiser,5,1985,Современность,,
781,Strelets Zouaves (033),1830,1914,2005.0,37.0,44.0,Strelets,84,1872,Новое время,2000.0,21.0
782,Preiser Soviet Infantry and Partisans 1942/43 (72522),1941,1945,2003.0,42.0,12.0,Preiser,4,1943,Новейшее время,2000.0,23.0
783,Preiser Soviet Infantry and Partisans 1942/43 (16530),1941,1945,2003.0,,12.0,Preiser,4,1943,Новейшее время,2000.0,23.0
784,BUM Republican Army (5001),1935,1939,2005.0,43.0,36.0,BUM,4,1937,Новейшее время,2000.0,21.0
785,Esci US Soldiers (8016),1942,1946,,39.0,22.0,Esci,4,1944,Новейшее время,,
786,"Preiser German Paratroopers, Pilots and Ground Crew (16503)",1939,1945,,,40.0,Preiser,6,1942,Новейшее время,,
787,"Preiser German Paratroopers, Pilots and Ground Crew (72516)",1939,1945,,39.0,40.0,Preiser,6,1942,Новейшее время,,
788,Preiser Home Leave (16542),1936,1945,2002.0,,6.0,Preiser,9,1940,Новейшее время,2000.0,24.0
789,Preiser Home Leave (72521),1936,1945,2002.0,42.0,6.0,Preiser,9,1940,Новейшее время,2000.0,24.0
791,Esci Iwo-Jima Marines Landing (8062),1945,1945,1977.0,39.0,6.0,Esci,0,1945,Новейшее время,1970.0,49.0
792,Revell WWII German Navy (02525),1939,1945,2005.0,46.0,51.0,Revell,6,1942,Новейшее время,2000.0,21.0
793,"Preiser Pilots, Ground Crew and Passengers 1925 (72510)",1920,1930,,42.0,36.0,Preiser,10,1925,Новейшее время,,
794,Waterloo 1815 Anglo-Egyptian Army (013),1880,1886,2005.0,41.0,48.0,Waterloo 1815,6,1883,Новое время,2000.0,21.0
795,Zvezda French Knights (8036),1401,1499,2005.0,40.0,19.0,Zvezda,98,1450,Средневековье,2000.0,21.0
796,Caesar Ch'in Dynasty Army (H004),-225,-200,2005.0,44.0,42.0,Caesar,25,-213,Древний мир,2000.0,21.0
797,Caesar German Infantry with Winter Gear (H005),1941,1945,2005.0,45.0,42.0,Caesar,4,1943,Новейшее время,2000.0,21.0
798,Caesar WWII Underground Resisters (Partisans) (H006),1939,1945,2005.0,44.0,42.0,Caesar,6,1942,Новейшее время,2000.0,21.0
801,Preiser WWII German Infantry Advancing (72504),1939,1945,1998.0,44.0,12.0,Preiser,6,1942,Новейшее время,1990.0,28.0
802,Preiser WWII German Infantry Advancing (16519),1936,1945,,,,Preiser,9,1940,Новейшее время,,
803,Odemars Wellington's Staff (PF14),1808,1815,2005.0,29.0,42.0,Odemars,7,1811,Новое время,2000.0,21.0
804,Odemars Portuguese Infantry (CF02),1810,1813,2005.0,26.0,42.0,Odemars,3,1811,Новое время,2000.0,21.0
805,IMEX Pilgrims (521),1607,1680,2005.0,49.0,43.0,IMEX,73,1643,Новое время,2000.0,21.0
806,IMEX Korean War US Army (529),1950,1955,2005.0,43.0,51.0,IMEX,5,1952,Современность,2000.0,21.0
807,IMEX Chinese People's Liberation Army (531),1949,1952,2005.0,47.0,50.0,IMEX,3,1950,Современность,2000.0,21.0
808,IMEX Republic of Korea Troops (530),1946,1955,2005.0,46.0,50.0,IMEX,9,1950,Современность,2000.0,21.0
809,Dark Dream Studio Landsknechts (Pikemen) (72004),1501,1525,2005.0,35.0,24.0,Dark Dream Studio,24,1513,Средневековье,2000.0,21.0
810,IMEX North Korean KPA (532),1947,1955,2005.0,45.0,53.0,IMEX,8,1951,Современность,2000.0,21.0
811,Italeri Russian Infantry (6073),1812,1815,,,,Italeri,3,1813,Новое время,,
813,Strelets British Lancers (036),1817,1870,2005.0,45.0,12.0,Strelets,53,1843,Новое время,2000.0,21.0
814,Strelets British Light Dragoons (040),1840,1870,2005.0,47.0,12.0,Strelets,30,1855,Новое время,2000.0,21.0
815,Pegasus California Mission Indians (7051),1769,1833,2005.0,50.0,28.0,Pegasus,64,1801,Новое время,2000.0,21.0
816,Strelets Guard of Peter I (031),1695,1720,2005.0,42.0,36.0,Strelets,25,1707,Новое время,2000.0,21.0
817,HaT WWI German Artillery (8109),1916,1918,2005.0,44.0,48.0,HaT,2,1917,Новейшее время,2000.0,21.0
818,Italeri French Grenadiers (6072),1804,1815,1984.0,,50.0,Italeri,11,1809,Новое время,1980.0,42.0
819,Pegasus Waffen SS - Set 2 (7202),1942,1945,2005.0,47.0,43.0,Pegasus,3,1943,Новейшее время,2000.0,21.0
820,A Call To Arms Netherlands Infantry 1815 (66),1815,1815,2005.0,32.0,32.0,A Call To Arms,0,1815,Новое время,2000.0,21.0
821,HaT Late Roman Heavy Infantry (8087),350,490,2005.0,40.0,40.0,HaT,140,420,Древний мир,2000.0,21.0
822,Pegasus Germans in Berlin 1945 (7228),1944,1945,2005.0,47.0,39.0,Pegasus,1,1944,Новейшее время,2000.0,21.0
823,HaT Renault FT-17 with 37mm Cannon (8113),1917,1949,2005.0,,,HaT,32,1933,Новейшее время,2000.0,21.0
824,HaT Renault FT-17 with Hotchkiss Machine Gun (8114),1917,1949,2005.0,,,HaT,32,1933,Новейшее время,2000.0,21.0
825,Strelets Reitars of Charles XII (035),1690,1702,2005.0,35.0,12.0,Strelets,12,1696,Новое время,2000.0,21.0
826,Strelets Russian Grenadiers (039),1846,1862,2005.0,37.0,42.0,Strelets,16,1854,Новое время,2000.0,21.0
827,HaT WWII Polish Infantry (8115),1935,1939,2005.0,40.0,96.0,HaT,4,1937,Новейшее время,2000.0,21.0
828,Odemars Spanish Infantry (CF01),1812,1813,2005.0,39.0,42.0,Odemars,1,1812,Новое время,2000.0,21.0
829,HaT WWI Ottoman Artillery and Machine Guns (8094),1914,1918,2005.0,44.0,56.0,HaT,4,1916,Новейшее время,2000.0,21.0
830,Pegasus German Mortar Teams (7204),1936,1943,2005.0,49.0,23.0,Pegasus,7,1939,Новейшее время,2000.0,21.0
831,HaT WWI German Heavy Weapons Set (8110),1916,1918,2005.0,44.0,72.0,HaT,2,1917,Новейшее время,2000.0,21.0
832,HaT Imperial Roman Extra Heavy Legionaries (8064),80,180,2005.0,40.0,48.0,HaT,100,130,Древний мир,2000.0,21.0
833,Preiser Resting Infantry and Provost Corps Officers (16501),1936,1945,1997.0,,12.0,Preiser,9,1940,Новейшее время,1990.0,29.0
834,Preiser Resting Infantry (72505),1936,1945,1997.0,44.0,12.0,Preiser,9,1940,Новейшее время,1990.0,29.0
835,Zvezda French Imperial Old Guard (8030),1804,1815,2005.0,48.0,41.0,Zvezda,11,1809,Новое время,2000.0,21.0
836,Italeri Indian Warriors (6061),1700,1800,2005.0,44.0,48.0,Italeri,100,1750,Новое время,2000.0,21.0
837,Italeri American Infantry (6060),1775,1783,2005.0,33.0,48.0,Italeri,8,1779,Новое время,2000.0,21.0
839,Esci Afrika Korps (8018),1941,1943,,36.0,21.0,Esci,2,1942,Новейшее время,,
840,Odemars Carpentum (PF08),0,0,2005.0,,1.0,Odemars,0,0,Древний мир,2000.0,21.0
841,Fujimi British Infantry (76029),1939,1943,,26.0,10.0,Fujimi,4,1941,Новейшее время,,
842,Caesar Assyrian Army (H007),-710,-612,2005.0,46.0,42.0,Caesar,98,-661,Древний мир,2000.0,21.0
843,Caesar Egyptian Army (H009),-1550,-1000,2005.0,48.0,42.0,Caesar,550,-1275,Древний мир,2000.0,21.0
845,Emhar Saxon Warriors (7206),801,999,2005.0,45.0,50.0,Emhar,198,900,Средневековье,2000.0,21.0
846,IMEX Saxons (7215),801,999,2005.0,,50.0,IMEX,198,900,Средневековье,2000.0,21.0
847,LW Portugal Artillery (2004),1810,1814,2005.0,37.0,32.0,LW,4,1812,Новое время,2000.0,21.0
849,Preiser German Soldiers Walking and Standing (16543),1980,2000,,48.0,39.0,Preiser,20,1990,Современность,,
850,Hasegawa Kubelwagen / BMW Side Car (31112),1939,1945,1991.0,,3.0,Hasegawa,6,1942,Новейшее время,1990.0,35.0
851,Preiser Rural Groups. Wagons (16327),1800,1960,,48.0,31.0,Preiser,160,1880,Новое время,,
852,Fujimi German Infantry with Gasmasks (76028),1939,1945,,20.0,10.0,Fujimi,6,1942,Новейшее время,,
853,Esci Accessories (8060),1930,1980,,,,Esci,50,1955,Современность,,
854,Esci Nebelwerfer 41 (8033),1941,1945,1983.0,41.0,12.0,Esci,4,1943,Новейшее время,1980.0,43.0
855,Orion Roman Siege Troops (72008),25,199,2005.0,39.0,42.0,Orion,174,112,Древний мир,2000.0,21.0
856,LW Swiss Mercenaries (8),1470,1490,2005.0,37.0,14.0,LW,20,1480,Средневековье,2000.0,21.0
857,Preiser German Motorised Infantry (72503),1936,1945,1998.0,50.0,20.0,Preiser,9,1940,Новейшее время,1990.0,28.0
858,Preiser German Motorised Infantry (16520),1936,1945,1998.0,,20.0,Preiser,9,1940,Новейшее время,1990.0,28.0
859,Evolution Roman Artillery (EVF041),0,0,2004.0,,7.0,Evolution,0,0,Древний мир,2000.0,22.0
860,Evolution Russian Medieval Knights (EVF055),1300,1500,2004.0,,8.0,Evolution,200,1400,Средневековье,2000.0,22.0
861,Caesar Saladin with Saracen Cavalry (H018),1050,1250,2005.0,45.0,12.0,Caesar,200,1150,Средневековье,2000.0,21.0
862,Caesar Medieval Knights (Crusaders) (H017),1165,1230,2005.0,46.0,12.0,Caesar,65,1197,Средневековье,2000.0,21.0
863,Fujimi Diorama Accessories (76073),1800,2000,,,,Fujimi,200,1900,Новое время,,
864,Preiser German Infantry Dismounting (16528),1935,1945,1999.0,,12.0,Preiser,10,1940,Новейшее время,1990.0,27.0
865,Preiser German Infantry Dismounting (72501),1936,1945,1999.0,47.0,12.0,Preiser,9,1940,Новейшее время,1990.0,27.0
866,MiniArt Burgundian Mounted Knights (72006),1401,1499,2005.0,29.0,20.0,MiniArt,98,1450,Средневековье,2000.0,21.0
867,MiniArt French Mounted Knights (72007),1401,1499,2005.0,31.0,20.0,MiniArt,98,1450,Средневековье,2000.0,21.0
868,Strelets Allied Chiefs of Staff (2) (011),1790,1815,2005.0,46.0,35.0,Strelets,25,1802,Новое время,2000.0,21.0
869,Strelets US Cavalry (1) (041),1865,1890,2005.0,42.0,12.0,Strelets,25,1877,Новое время,2000.0,21.0
870,Strelets Artillery of Peter I (042),1700,1725,2005.0,44.0,24.0,Strelets,25,1712,Новое время,2000.0,21.0
871,Strelets Artillery of Charles XII (043),1701,1714,2005.0,42.0,24.0,Strelets,13,1707,Новое время,2000.0,21.0
872,Strelets Roman Auxiliaries Ranks (M124),50,150,2017.0,,40.0,Strelets,100,100,Древний мир,2010.0,9.0
873,Strelets French Foreign Legion Artillery (290),1925,1938,2020.0,38.0,18.0,Strelets,13,1931,Новейшее время,2020.0,6.0
874,Linear-A Imperial Guardsmen of Emperor Justinian I (040),527,565,2023.0,44.0,48.0,Linear-A,38,546,Средневековье,2020.0,3.0
875,Linear-A The Nika Revolt (041),500,600,2025.0,41.0,52.0,Linear-A,100,550,Средневековье,2020.0,1.0
876,Emhar Russian Artillery (7208),1854,1855,2005.0,50.0,27.0,Emhar,1,1854,Новое время,2000.0,21.0
877,Emhar American Infantry (7209),1917,1918,2005.0,44.0,50.0,Emhar,1,1917,Новейшее время,2000.0,21.0
878,Emhar Charge of the Light Brigade (7207),1850,1857,2005.0,,18.0,Emhar,7,1853,Новое время,2000.0,21.0
879,Atlantic Seamen (108),1960,1975,1972.0,29.0,,Atlantic,15,1967,Современность,1970.0,54.0
880,Strelets Medieval Britain (071),1200,1450,2005.0,44.0,124.0,Strelets,250,1325,Средневековье,2000.0,21.0
881,Strelets Lieb-Drabants of Charles XII (044),1700,1720,2005.0,39.0,12.0,Strelets,20,1710,Новое время,2000.0,21.0
882,Zvezda Saxon Cuirassiers (8035),1810,1814,2005.0,44.0,16.0,Zvezda,4,1812,Новое время,2000.0,21.0
883,Waterloo 1815 Italian Carabiniers (005),1840,1849,2005.0,43.0,14.0,Waterloo 1815,9,1844,Новое время,2000.0,21.0
884,Waterloo 1815 Italian Bersaglieri (015),1850,1875,2005.0,39.0,48.0,Waterloo 1815,25,1862,Новое время,2000.0,21.0
885,Fujimi Japanese Infantry (76030),1935,1945,,21.0,15.0,Fujimi,10,1940,Новейшее время,,
886,Italeri Prussian Infantry (6067),1810,1815,2005.0,31.0,48.0,Italeri,5,1812,Новое время,2000.0,21.0
887,Italeri French Infantry (6066),1812,1815,2005.0,43.0,48.0,Italeri,3,1813,Новое время,2000.0,21.0
888,Zvezda Samurai Army Headquarters (8029),1501,1699,2005.0,47.0,28.0,Zvezda,198,1600,Средневековье,2000.0,21.0
889,Lucky Toys Roman Commander's Cavalry (TL0007),80,150,2005.0,37.0,7.0,Lucky Toys,70,115,Древний мир,2000.0,21.0
890,HaT WWII German Motorcycle with Sidecar (8126),1940,1945,2005.0,,15.0,HaT,5,1942,Новейшее время,2000.0,21.0
891,HaT WWII German Motorcycles (8127),1939,1945,,,,HaT,6,1942,Новейшее время,,
892,Fujimi Flight Deck Crew and Carrier Tractor (35001),1980,1988,1988.0,43.0,11.0,Fujimi,8,1984,Современность,1980.0,38.0
893,Fujimi Flight Deck Crew and Fire Engine (35002),1980,1988,1989.0,43.0,13.0,Fujimi,8,1984,Современность,1980.0,37.0
894,Lucky Toys King Porus' Army (TL0008),-340,-300,2006.0,44.0,18.0,Lucky Toys,40,-320,Древний мир,2000.0,20.0
896,Odemars Bosnian Infantry (PF11),1941,1945,2006.0,39.0,39.0,Odemars,4,1943,Новейшее время,2000.0,20.0
897,Strelets Confederate General Staff (047),1861,1865,2006.0,44.0,12.0,Strelets,4,1863,Новое время,2000.0,20.0
899,Strelets Napoleon's General Staff (2) (048),1798,1815,2006.0,42.0,12.0,Strelets,17,1806,Новое время,2000.0,20.0
900,Italeri Russian Infantry (Winter Uniform) (6069),1938,1945,2005.0,43.0,48.0,Italeri,7,1941,Новейшее время,2000.0,21.0
901,Strelets British Line Infantry (028),1844,1855,2006.0,37.0,44.0,Strelets,11,1849,Новое время,2000.0,20.0
902,Italeri German Elite Troops (6068),1940,1945,2006.0,40.0,48.0,Italeri,5,1942,Новейшее время,2000.0,20.0
904,Caesar Biblical Era Libyan Warriors (H022),-2024,-500,2006.0,46.0,42.0,Caesar,1524,-1262,Древний мир,2000.0,20.0
905,HaT Assyrian Infantry (8092),-699,-609,2006.0,42.0,44.0,HaT,90,-654,Древний мир,2000.0,20.0
906,Orion Parthian Heavy Cavalry (72021),-250,230,2006.0,30.0,12.0,Orion,480,-10,Древний мир,2000.0,20.0
907,Strelets Union General Staff (1) (046),1861,1865,2006.0,39.0,37.0,Strelets,4,1863,Новое время,2000.0,20.0
908,MiniArt Italian Knights (72008),1401,1499,2005.0,38.0,48.0,MiniArt,98,1450,Средневековье,2000.0,21.0
909,Caesar Hittite Warriors (H008),-1630,-1200,2006.0,46.0,42.0,Caesar,430,-1415,Древний мир,2000.0,20.0
910,Coates & Shine WWI Serbian Infantry (8122),1914,1915,2006.0,29.0,48.0,Coates & Shine,1,1914,Новейшее время,2000.0,20.0
911,Coates & Shine WWI German Colonial Infantry (8123),1914,1918,2006.0,30.0,48.0,Coates & Shine,4,1916,Новейшее время,2000.0,20.0
912,HaT Assyrian Allied Infantry (8121),-699,-609,2006.0,38.0,44.0,HaT,90,-654,Древний мир,2000.0,20.0
913,Mars German Don Cossacks (72113),1941,1945,2018.0,39.0,40.0,Mars,4,1943,Новейшее время,2010.0,8.0
914,Hegemony Long Range Desert Group (HG001),1940,1945,2018.0,33.0,24.0,Hegemony,5,1942,Новейшее время,2010.0,8.0
915,Revell German Mechanized Infantrymen (02584),1941,1945,,,,Revell,4,1943,Новейшее время,,
916,Zvezda Republican Roman Cavalry (8038),-299,-1,2006.0,47.0,18.0,Zvezda,298,-150,Древний мир,2000.0,20.0
917,Caesar Trojan Army (H019),-1300,-1150,2006.0,,42.0,Caesar,150,-1225,Древний мир,2000.0,20.0
918,Caesar Mycenaean Army (H020),-1400,-1100,2006.0,47.0,42.0,Caesar,300,-1250,Древний мир,2000.0,20.0
919,HaT WWII Romanian Infantry (8118),1939,1945,2006.0,40.0,96.0,HaT,6,1942,Новейшее время,2000.0,20.0
920,Preiser US Army Air Force Personnel (16521),1941,1945,1999.0,,12.0,Preiser,4,1943,Новейшее время,1990.0,27.0
921,Preiser US Army Air Force Personnel (72502),1942,1945,1999.0,46.0,12.0,Preiser,3,1943,Новейшее время,1990.0,27.0
922,"Preiser German Kit, 1939-45 (18357)",1939,1945,,,,Preiser,6,1942,Новейшее время,,
923,HaT WWI US Infantry (8112),1917,1919,2006.0,41.0,80.0,HaT,2,1918,Новейшее время,2000.0,20.0
924,Hasegawa Field Camp Equipment (31132),1939,1945,,,,Hasegawa,6,1942,Новейшее время,,
925,Esci British 25 Pdr Gun (8045),1939,1943,,44.0,6.0,Esci,4,1941,Новейшее время,,
926,Italeri German Afrikakorps (6076),1941,1943,,,,Italeri,2,1942,Новейшее время,,
927,Italeri British 8th Army (6077),1940,1945,1983.0,,50.0,Italeri,5,1942,Новейшее время,1980.0,43.0
928,Fujimi US Army Infantry (76027),1941,1945,,31.0,10.0,Fujimi,4,1943,Новейшее время,,
930,Preiser Modern US Infantry in Action (16533),1990,2010,2002.0,,12.0,Preiser,20,2000,Современность,2000.0,24.0
931,Preiser Modern US Infantry in Action (72519),1990,2000,2002.0,46.0,12.0,Preiser,10,1995,Современность,2000.0,24.0
932,Preiser Soviet Infantrymen on a Tank (72525),1941,1945,,49.0,12.0,Preiser,4,1943,Новейшее время,,
933,Preiser Soviet Infantrymen on a Tank (16545),1941,1945,,,12.0,Preiser,4,1943,Новейшее время,,
934,Preiser Soviet Infantrymen on a Tank (16532),1941,1945,,,12.0,Preiser,4,1943,Новейшее время,,
935,Preiser Soviet Infantrymen on a Tank (72523),1941,1945,2004.0,45.0,12.0,Preiser,4,1943,Новейшее время,2000.0,22.0
936,Pegasus U.S.M.C. in Vietnam (7401),1962,1967,2006.0,47.0,40.0,Pegasus,5,1964,Современность,2000.0,20.0
937,Pegasus US Rangers D-Day (7351),1944,1944,2006.0,50.0,39.0,Pegasus,0,1944,Новейшее время,2000.0,20.0
938,Preiser Luftwaffe Pilots and Ground Crew (72508),1936,1945,1994.0,,26.0,Preiser,9,1940,Новейшее время,1990.0,32.0
939,Preiser Luftwaffe Pilots and Ground Crew (16502),1939,1945,1994.0,,26.0,Preiser,6,1942,Новейшее время,1990.0,32.0
940,Hegemony Northern Wei (HG002),386,534,2018.0,,24.0,Hegemony,148,460,Древний мир,2010.0,8.0
941,Strelets Pickett's Charge 1 (148),1861,1865,2017.0,43.0,45.0,Strelets,4,1863,Новое время,2010.0,9.0
942,Waterloo 1815 Austrian Infantry 1859 (017),1850,1862,2006.0,29.0,40.0,Waterloo 1815,12,1856,Новое время,2000.0,20.0
943,Caesar Assyrian Cavalry (H010),-710,-612,2006.0,46.0,12.0,Caesar,98,-661,Древний мир,2000.0,20.0
944,Waterloo 1815 Austrian Artillery 1859 (018),1859,1859,2006.0,24.0,16.0,Waterloo 1815,0,1859,Новое время,2000.0,20.0
945,Preiser WWII German Air and Ground Crew (72509),1936,1945,,44.0,30.0,Preiser,9,1940,Новейшее время,,
949,Caesar Assyrian Chariot (H011),-699,-601,2006.0,43.0,8.0,Caesar,98,-650,Древний мир,2000.0,20.0
950,Fujimi German Infantry (76025),1939,1945,,25.0,10.0,Fujimi,6,1942,Новейшее время,,
951,Strelets Boers (056),1880,1902,2006.0,44.0,44.0,Strelets,22,1891,Новое время,2000.0,20.0
952,Preiser Modern German/NATO Pilots and Ground Crew (72520),1980,2010,,42.0,36.0,Preiser,30,1995,Современность,,
953,Strelets British Lancers (055),1898,1902,2006.0,40.0,12.0,Strelets,4,1900,Новое время,2000.0,20.0
955,Strelets Australian Lancers (054),1895,1905,2006.0,41.0,12.0,Strelets,10,1900,Новое время,2000.0,20.0
956,Strelets Bengal Lancers (057),1875,1910,2006.0,43.0,12.0,Strelets,35,1892,Новое время,2000.0,20.0
957,Strelets Mounted Boers (037),1880,1905,2006.0,35.0,12.0,Strelets,25,1892,Новое время,2000.0,20.0
958,Italeri American Special Forces (6078),1962,1973,1986.0,,50.0,Italeri,11,1967,Современность,1980.0,40.0
959,Italeri Vietnamese Army / Vietcong (6079),1950,1975,1986.0,,50.0,Italeri,25,1962,Современность,1980.0,40.0
961,Strelets British Infantry (038),1888,1901,2006.0,38.0,44.0,Strelets,13,1894,Новое время,2000.0,20.0
962,Fujimi Bridge and Checkpoint (36039),1933,1945,,,3.0,Fujimi,12,1939,Новейшее время,,
963,Fujimi Field Accessories (36038),1936,1945,,21.0,6.0,Fujimi,9,1940,Новейшее время,,
965,Zvezda French Foot Artillery (8028),1807,1813,2006.0,46.0,25.0,Zvezda,6,1810,Новое время,2000.0,20.0
967,Preiser German Tank Crew (16500),1935,1945,1998.0,,20.0,Preiser,10,1940,Новейшее время,1990.0,28.0
968,Preiser German Tank Crew (72507),1936,1945,1996.0,46.0,20.0,Preiser,9,1940,Новейшее время,1990.0,30.0
969,Odemars Iberian Infantry (PF13),-300,-150,,18.0,32.0,Odemars,150,-225,Древний мир,,
971,Pobeda BTR 152V-K and Soviet Army Figures (72001),1950,2020,,,,Pobeda,70,1985,Современность,,
972,Pobeda BTR 152 S Command and Soviet Army Figures (72002),1950,2020,,,,Pobeda,70,1985,Современность,,
973,Pobeda ZIL-157 Truck and Soviet Army Figures (72003),1958,2000,,,,Pobeda,42,1979,Современность,,
974,Pobeda BM-24-12 Rocket and Soviet Army Figures (72004),1947,1960,,,,Pobeda,13,1953,Современность,,
975,Pobeda ZIL-157 Fuel Truck and Soviet Army Figures (72005),1958,1994,,,,Pobeda,36,1976,Современность,,
976,Pobeda BM 13-16 Katyuska and Soviet Army Figures (72006),1941,1960,,,,Pobeda,19,1950,Современность,,
977,Pobeda BM-13-16 ZIL-131 Soviet-Egyptian Army (72008),1964,2010,,,,Pobeda,46,1987,Современность,,
978,Pobeda Ural 375D Truck Egyptian-Soviet Army (72009),1961,1995,,,,Pobeda,34,1978,Современность,,
979,Pobeda Ural 375 A Command Egyptian-Soviet Army (72010),1961,1995,,,,Pobeda,34,1978,Современность,,
980,Fujimi Kubel Wagen (76054),1939,1945,,,9.0,Fujimi,6,1942,Новейшее время,,
981,Orion Medieval Siege Troops (72019),1350,1500,2006.0,39.0,50.0,Orion,150,1425,Средневековье,2000.0,20.0
982,HaT French Limber (8105),1807,1813,2006.0,44.0,9.0,HaT,6,1810,Новое время,2000.0,20.0
983,Coates & Shine Indian Cavalry (8131),-340,-300,2006.0,41.0,12.0,Coates & Shine,40,-320,Древний мир,2000.0,20.0
984,HaT WWII German Mounted Infantry (8120),1936,1945,2006.0,35.0,12.0,HaT,9,1940,Новейшее время,2000.0,20.0
985,HaT WWII German Bicyclists (8119),1936,1945,2006.0,36.0,12.0,HaT,9,1940,Новейшее время,2000.0,20.0
986,Pobeda Russo-Balt Armoured Car (72020),1914,1920,,,,Pobeda,6,1917,Новейшее время,,
987,Pobeda BMP-1 and Soviet Army Figures (72030),1980,2000,,,,Pobeda,20,1990,Современность,,
988,Pobeda SU-76 Soviet Tank WW2 (72040),1939,1945,,,,Pobeda,6,1942,Новейшее время,,
989,Pobeda Volkswagen Lazaret (72041),1944,1945,,,,Pobeda,1,1944,Новейшее время,,
990,Pobeda German Pak40 and Panther Tanks (72042),1943,1945,,,,Pobeda,2,1944,Новейшее время,,
991,Pobeda RBT-5 Rocket Launcher (72043),1935,1945,,,,Pobeda,10,1940,Новейшее время,,
992,Pobeda ZSU-37 Antiaircraft Tank (72044),1943,1960,,,,Pobeda,17,1951,Современность,,
993,Pobeda Soviet ZIS-3 Gun with Crew (72045),1941,1945,,,,Pobeda,4,1943,Новейшее время,,
994,Pobeda T-26 Twin Turret with Crew (72046),1931,1935,,,,Pobeda,4,1933,Новейшее время,,
995,Pobeda SPG BT-42 Finnish 1944 Vyborg Battle (72047),1943,1945,,,,Pobeda,2,1944,Новейшее время,,
996,Pobeda XT-26 Russian Flamethrower (72048),1930,1945,,,,Pobeda,15,1937,Новейшее время,,
997,Pobeda Die in Stalingrad (72101),1942,1943,,,,Pobeda,1,1942,Новейшее время,,
998,Pobeda 1812 Brezina Cross (72100),1812,1813,,,,Pobeda,1,1812,Новое время,,
999,Pobeda Crimean Death Artillery (72102),1854,1855,,,,Pobeda,1,1854,Новое время,,
1000,Pobeda Sudan Death Dervishes (72103),1880,1900,,,,Pobeda,20,1890,Новое время,,
1001,Pobeda Ancient Destroyed Catapult (72104),-300,-300,,,,Pobeda,0,-300,Древний мир,,
1002,Pobeda Cossack Artillery (72105),1500,1890,,,,Pobeda,390,1695,Новое время,,
1003,Pobeda Siege of Sagunto (72106),1811,1811,,,,Pobeda,0,1811,Новое время,,
1004,Pobeda Russian Pilots (72107),1939,1945,,,,Pobeda,6,1942,Новейшее время,,
1005,Metch Ukrainian Medieval Army (172001),1200,1400,,,,Metch,200,1300,Средневековье,,
1006,Metch Sapeurs and French Camp (172002),1804,1815,,,,Metch,11,1809,Новое время,,
1007,Metch Samurai Warlords (172003),1500,1799,,,,Metch,299,1649,Новое время,,
1008,Metch Roman Siege Troops (172004),30,70,,,,Metch,40,50,Древний мир,,
1009,Metch Roman Vinea (172005),0,0,,,,Metch,0,0,Древний мир,,
1010,Metch Roman Ballista (172006),30,180,,,,Metch,150,105,Древний мир,,
1011,Hegemony WW2 Civilians (HG003),1930,1950,2018.0,30.0,24.0,Hegemony,20,1940,Новейшее время,2010.0,8.0
1012,Metch Swiss Army (172008),1460,1490,,,,Metch,30,1475,Средневековье,,
1013,Metch TODT Operation (172101),1933,1945,,,,Metch,12,1939,Новейшее время,,
1014,Linear-A The Etruscans Cavalry: Set 2 (022),-899,-401,2020.0,43.0,12.0,Linear-A,498,-650,Древний мир,2020.0,6.0
1015,Metch Volkssturm Posen 1945 (172102),1945,1945,,,,Metch,0,1945,Новейшее время,,
1016,Metch Kettenkrad (172103),1941,1945,,,,Metch,4,1943,Новейшее время,,
1017,Metch Repair Truck (172104),1935,1945,,,,Metch,10,1940,Новейшее время,,
1018,Metch SD KFZ 138/1 Grille (172106),1942,1945,,,,Metch,3,1943,Новейшее время,,
1019,Metch SS Handchar Division (172108),1940,1945,,,,Metch,5,1942,Новейшее время,,
1020,HaT Assyrian Cavalry (8125),-699,-609,2006.0,44.0,12.0,HaT,90,-654,Древний мир,2000.0,20.0
1021,HaT French Ammunition Caisson (8101),1806,1813,2006.0,,6.0,HaT,7,1809,Новое время,2000.0,20.0
1022,Orion German Paratroopers (72018),1939,1945,2006.0,42.0,24.0,Orion,6,1942,Новейшее время,2000.0,20.0
1023,Zvezda Russian Strelets Infantry (8040),1550,1699,2006.0,46.0,46.0,Zvezda,149,1624,Новое время,2000.0,20.0
1024,Strelets German Dragoons (045),1916,1918,2006.0,40.0,12.0,Strelets,2,1917,Новейшее время,2000.0,20.0
1025,Strelets Russian Dragoons (058),1882,1918,2006.0,43.0,12.0,Strelets,36,1900,Новое время,2000.0,20.0
1026,Strelets Don Cossacks (059),1910,1918,2006.0,43.0,12.0,Strelets,8,1914,Новейшее время,2000.0,20.0
1027,Strelets German Hussars (060),1910,1916,2006.0,41.0,12.0,Strelets,6,1913,Новейшее время,2000.0,20.0
1028,Strelets German Uhlans (072),1908,1915,2006.0,44.0,12.0,Strelets,7,1911,Новейшее время,2000.0,20.0
1029,Strelets Kuban\Terek Cossacks (073),1900,1922,2006.0,43.0,12.0,Strelets,22,1911,Новейшее время,2000.0,20.0
1030,RedBox Picts (72001),250,850,2006.0,34.0,48.0,RedBox,600,550,Средневековье,2000.0,20.0
1031,IMEX The Charge of the Light Brigade (7216),1850,1856,2005.0,,18.0,IMEX,6,1853,Новое время,2000.0,21.0
1032,IMEX Russian Artillery (7217),1850,1860,2005.0,,27.0,IMEX,10,1855,Новое время,2000.0,21.0
1033,IMEX American WWI Infantry (7218),1917,1918,2005.0,,50.0,IMEX,1,1917,Новейшее время,2000.0,21.0
1034,LW Roman Assault Troops (9),30,200,2006.0,20.0,18.0,LW,170,115,Древний мир,2000.0,20.0
1035,Evolution Roman Assault Troops Testudo (EVF035),30,200,2006.0,,18.0,Evolution,170,115,Древний мир,2000.0,20.0
1036,MiniArt Swiss Infantry (72009),1450,1490,2006.0,41.0,48.0,MiniArt,40,1470,Средневековье,2000.0,20.0
1037,IMEX American Artillery (554),1776,1783,2006.0,45.0,24.0,IMEX,7,1779,Новое время,2000.0,20.0
1038,IMEX British Artillery (555),1750,1790,2006.0,39.0,24.0,IMEX,40,1770,Новое время,2000.0,20.0
1039,Evolution Dacian Cavalry (EVF036),50,150,2006.0,22.0,5.0,Evolution,100,100,Древний мир,2000.0,20.0
1040,Zvezda Carthaginian Infantry (8010),-300,-146,2006.0,47.0,42.0,Zvezda,154,-223,Древний мир,2000.0,20.0
1041,Evolution Sarmat Cavalry (EVF037),-100,200,2006.0,30.0,5.0,Evolution,300,50,Древний мир,2000.0,20.0
1042,IMEX Mexican Round Hat Infantry (553),1820,1850,2006.0,48.0,49.0,IMEX,30,1835,Новое время,2000.0,20.0
1043,Caesar Modern US Army (H030),2001,2006,2006.0,44.0,42.0,Caesar,5,2003,Современность,2000.0,20.0
1044,Caesar Modern Urban Resisters (H031),1970,2020,2006.0,45.0,42.0,Caesar,50,1995,Современность,2000.0,20.0
1045,BUM Militian Army (5004),1936,1939,2006.0,39.0,36.0,BUM,3,1937,Новейшее время,2000.0,20.0
1046,Caesar Arab Camel Riders and Bedouin (H023),-2024,300,2006.0,46.0,37.0,Caesar,2324,-862,Древний мир,2000.0,20.0
1047,Evolution Bosporan Cavalry (EVF038),-450,400,2006.0,33.0,5.0,Evolution,850,-25,Древний мир,2000.0,20.0
1048,Caesar Hittite Chariots (H012),-1630,-1200,2006.0,45.0,10.0,Caesar,430,-1415,Древний мир,2000.0,20.0
1049,Caesar Mitannian Mariyannu Chariot (H015),-1680,-1360,2006.0,48.0,10.0,Caesar,320,-1520,Древний мир,2000.0,20.0
1050,Atlantic Navy (109),1970,1975,1973.0,22.0,,Atlantic,5,1972,Современность,1970.0,53.0
1051,RedBox Vinea and Ram (72002),-200,500,2006.0,,,RedBox,700,150,Древний мир,2000.0,20.0
1052,Preiser German Panzergrenadiers Advancing (16557),1936,1945,,,12.0,Preiser,9,1940,Новейшее время,,
1053,Preiser German Panzergrenadiers Advancing (72527),1939,1945,,44.0,12.0,Preiser,6,1942,Новейшее время,,
1054,Strelets Auxiliaries on the March (M125),100,100,2017.0,,40.0,Strelets,0,100,Древний мир,2010.0,9.0
1055,RedBox Colonial British Army 1890 (72003),1885,1895,2006.0,32.0,48.0,RedBox,10,1890,Новое время,2000.0,20.0
1056,RedBox Afghan Warriors (72004),1860,1900,2006.0,35.0,48.0,RedBox,40,1880,Новое время,2000.0,20.0
1058,Preiser German Paratroopers (16508),1972,1995,,45.0,30.0,Preiser,23,1983,Современность,,
1059,Revell German Africa Corps (02505(2)),1940,1943,1983.0,,50.0,Revell,3,1941,Новейшее время,1980.0,43.0
1060,Revell British 8th Army (02507(2)),1940,1945,1983.0,,50.0,Revell,5,1942,Новейшее время,1980.0,43.0
1061,Italeri British 95th Regiment (6083),1802,1815,2006.0,46.0,48.0,Italeri,13,1808,Новое время,2000.0,20.0
1062,Italeri Mamelukes (6082),1799,1815,2006.0,48.0,17.0,Italeri,16,1807,Новое время,2000.0,20.0
1065,Preiser Soviet Guards Infantry 1942 (16505),1941,1945,,47.0,18.0,Preiser,4,1943,Новейшее время,,
1066,Preiser German Armoured Infantry (16504),1939,1945,,47.0,16.0,Preiser,6,1942,Новейшее время,,
1067,Evolution Scorpion and Crew (EVF011),0,0,,,6.0,Evolution,0,0,Древний мир,,
1068,Strelets British Hussars (050),1840,1857,2006.0,43.0,12.0,Strelets,17,1848,Новое время,2000.0,20.0
1069,MiniArt German Knights (72011),1401,1470,2006.0,40.0,36.0,MiniArt,69,1435,Средневековье,2000.0,20.0
1070,Strelets German Cuirassiers (077),1914,1916,2006.0,43.0,12.0,Strelets,2,1915,Новейшее время,2000.0,20.0
1071,Strelets Scottish Army of Robert Bruce (081),1300,1330,2006.0,39.0,24.0,Strelets,30,1315,Средневековье,2000.0,20.0
1073,RedBox Japanese Warrior Monks (72005),900,1595,2006.0,40.0,48.0,RedBox,695,1247,Средневековье,2000.0,20.0
1074,Strelets Union General Staff (2) (080),1861,1865,2006.0,45.0,12.0,Strelets,4,1863,Новое время,2000.0,20.0
1075,RedBox Ashigaru (Archers and Arquebusiers) (72006),1500,1650,2006.0,40.0,52.0,RedBox,150,1575,Средневековье,2000.0,20.0
1076,Strelets Russian Hussars (076),1914,1921,2006.0,44.0,12.0,Strelets,7,1917,Новейшее время,2000.0,20.0
1077,Strelets Russian Army of Alexander Nevsky (082),1200,1300,2006.0,42.0,24.0,Strelets,100,1250,Средневековье,2000.0,20.0
1078,HaT Spanish Guerillas (8116),1808,1814,2006.0,43.0,96.0,HaT,6,1811,Новое время,2000.0,20.0
1081,HaT French Heavy Ambulance (8104),1807,1815,2006.0,,3.0,HaT,8,1811,Новое время,2000.0,20.0
1082,Italeri French Cuirassiers (6084),1800,1815,1987.0,,12.0,Italeri,15,1807,Новое время,1980.0,39.0
1083,Zvezda Medieval Field Powder Artillery (8027),1310,1500,2006.0,48.0,10.0,Zvezda,190,1405,Средневековье,2000.0,20.0
1084,Zvezda Swedish Infantry (8048),1706,1721,2006.0,39.0,43.0,Zvezda,15,1713,Новое время,2000.0,20.0
1085,HaT French Baggage Wagon (8106),1800,1815,2006.0,,3.0,HaT,15,1807,Новое время,2000.0,20.0
1086,HaT Assyrian Chariots (8124),-670,-609,2006.0,44.0,12.0,HaT,61,-640,Древний мир,2000.0,20.0
1087,Metch Macedonian Artillery (172009),-350,-250,,,,Metch,100,-300,Древний мир,,
1088,Metch WWI Kaiser Army Tannenberg (172109),1914,1916,,,,Metch,2,1915,Новейшее время,,
1089,Pobeda Warsaw Resistance (72110),1942,1945,,,,Pobeda,3,1943,Новейшее время,,
1090,Strelets British Infantry on the March (141),1812,1816,2016.0,47.0,44.0,Strelets,4,1814,Новое время,2010.0,10.0
1091,BUM FT-17 Tank Cannon (5034),1936,1939,,,,BUM,3,1937,Новейшее время,,
1092,BUM FT-17 Tank Machinegun (5036),1936,1939,,,,BUM,3,1937,Новейшее время,,
1093,Preiser US Tank Crew 2000 (72524),1990,2005,,49.0,16.0,Preiser,15,1997,Современность,,
1094,Italeri Prussian Light Cavalry (6081),1808,1815,2006.0,32.0,17.0,Italeri,7,1811,Новое время,2000.0,20.0
1095,Caesar Inca Warriors (H026),1300,1570,2006.0,48.0,42.0,Caesar,270,1435,Средневековье,2000.0,20.0
1096,Caesar Hebrew Warriors (H014),-1275,-586,2006.0,,42.0,Caesar,689,-931,Древний мир,2000.0,20.0
1097,Odemars French Grenadiers (CF03),1804,1815,2006.0,38.0,42.0,Odemars,11,1809,Новое время,2000.0,20.0
1098,Caesar Ancient Egyptian Warriors (H047),-1550,-1000,2006.0,49.0,42.0,Caesar,550,-1275,Древний мир,2000.0,20.0
1099,Evolution Roxolan Cavalry (EVF039),-100,300,2006.0,36.0,5.0,Evolution,400,100,Древний мир,2000.0,20.0
1100,Caesar Egyptian Sherden the Royal Guards (H050),-1350,-950,2006.0,49.0,43.0,Caesar,400,-1150,Древний мир,2000.0,20.0
1101,Italeri French Light Cavalry (6080),1805,1810,2006.0,38.0,17.0,Italeri,5,1807,Новое время,2000.0,20.0
1102,Caesar The Sea Peoples (H048),-1275,-1170,2006.0,49.0,43.0,Caesar,105,-1223,Древний мир,2000.0,20.0
1103,Strelets Normans (M001),1000,1200,2006.0,47.0,48.0,Strelets,200,1100,Средневековье,2000.0,20.0
1104,Orion Ukrainian Foot Cossacks and Artillery (72013),1550,1750,2006.0,45.0,34.0,Orion,200,1650,Новое время,2000.0,20.0
1105,RedBox Ashigaru (Spearmen) (72007),1500,1650,2006.0,34.0,48.0,RedBox,150,1575,Средневековье,2000.0,20.0
1106,Caesar Maya Warriors (H027),250,1550,2006.0,43.0,42.0,Caesar,1300,900,Средневековье,2000.0,20.0
1107,Strelets Norman Archers (M002),1000,1150,2006.0,47.0,48.0,Strelets,150,1075,Средневековье,2000.0,20.0
1108,Orion Assyrian Rams (72022),-750,-700,2007.0,,,Orion,50,-725,Древний мир,2000.0,19.0
1109,Odemars The Nativity (CREA02),-50,50,2006.0,47.0,11.0,Odemars,100,0,Древний мир,2000.0,20.0
1110,Strelets Anglo-Saxons (M003),1000,1066,2006.0,45.0,48.0,Strelets,66,1033,Средневековье,2000.0,20.0
1111,Zvezda French Elite Infantry. Voltigeurs (8042),1805,1813,2006.0,45.0,40.0,Zvezda,8,1809,Новое время,2000.0,20.0
1112,Mars Pirates of the Caribbean (72009),1660,1750,2006.0,34.0,48.0,Mars,90,1705,Новое время,2000.0,20.0
1113,Strelets Vikings (M004),750,1100,2006.0,45.0,48.0,Strelets,350,925,Средневековье,2000.0,20.0
1114,Caesar Philistine Warriors (H046),-1230,-750,2006.0,47.0,42.0,Caesar,480,-990,Древний мир,2000.0,20.0
1115,Zvezda Medieval Heavy Bombard (8032),1390,1490,2006.0,45.0,7.0,Zvezda,100,1440,Средневековье,2000.0,20.0
1116,Strelets Don Cossacks (052),1840,1857,2006.0,42.0,12.0,Strelets,17,1848,Новое время,2000.0,20.0
1117,Emhar French Infantry 1854-1871 (7211),1852,1914,2007.0,47.0,50.0,Emhar,62,1883,Новое время,2000.0,19.0
1119,Strelets Russian General Staff and Hospital (051),1850,1860,2006.0,42.0,115.0,Strelets,10,1855,Новое время,2000.0,20.0
1120,Emhar Zouaves (7212),1830,1914,2007.0,40.0,50.0,Emhar,84,1872,Новое время,2000.0,19.0
1122,Waterloo 1815 Italian Infantry (019),1916,1918,2007.0,34.0,48.0,Waterloo 1815,2,1917,Новейшее время,2000.0,19.0
1124,Strelets Don Cossacks in Summer Dress (083),1890,1920,2006.0,43.0,12.0,Strelets,30,1905,Новейшее время,2000.0,20.0
1127,Revell Vietcong (02526),1946,1975,1986.0,,50.0,Revell,29,1960,Современность,1980.0,40.0
1130,HaT WWI Canadian Infantry (8111),1916,1918,2007.0,39.0,84.0,HaT,2,1917,Новейшее время,2000.0,19.0
1131,Italeri Walls and Ruins (6087),1200,2024,2007.0,,,Italeri,824,1612,Новое время,2000.0,19.0
1132,IMEX German Troops (528),1936,1945,2007.0,42.0,50.0,IMEX,9,1940,Новейшее время,2000.0,19.0
1133,HaT Parthian Heavy Cavalry (8145),-250,250,2007.0,43.0,18.0,HaT,500,0,Древний мир,2000.0,19.0
1134,HaT Parthian Light Cavalry (8144),-249,225,2007.0,46.0,18.0,HaT,474,-12,Древний мир,2000.0,19.0
1135,HaT 1806 Prussian Elites (8136),1798,1807,2007.0,44.0,48.0,HaT,9,1802,Новое время,2000.0,19.0
1136,HaT 1806 Prussian Grenadiers (8135),1799,1807,2007.0,41.0,48.0,HaT,8,1803,Новое время,2000.0,19.0
1138,Pegasus German Army Infantry 1939 (7499),1938,1941,2007.0,48.0,42.0,Pegasus,3,1939,Новейшее время,2000.0,19.0
1139,IMEX Easy Company American (527),1943,1945,2007.0,45.0,43.0,IMEX,2,1944,Новейшее время,2000.0,19.0
1140,Valiant Classic German Infantry 1944/45 (VM002),1944,1945,2007.0,43.0,68.0,Valiant,1,1944,Новейшее время,2000.0,19.0
1141,Valiant British Tommies 1944/45 (VM001),1944,1945,2007.0,42.0,68.0,Valiant,1,1944,Новейшее время,2000.0,19.0
1143,HaT Württemberg Infantry (8093),1811,1814,2007.0,45.0,100.0,HaT,3,1812,Новое время,2000.0,19.0
1144,Italeri Iwo Jima Flag Raisers (6098),1945,1945,1977.0,,6.0,Italeri,0,1945,Новейшее время,1970.0,49.0
1145,Revell American Special Forces (02527),1960,1973,1986.0,,50.0,Revell,13,1966,Современность,1980.0,40.0
1146,Zvezda Carthaginian Numidian Cavalry (8031),-300,100,2007.0,44.0,17.0,Zvezda,400,-100,Древний мир,2000.0,19.0
1147,Strelets Russian Crimean Uhlans (061),1854,1856,2007.0,41.0,12.0,Strelets,2,1855,Новое время,2000.0,19.0
1148,Strelets Russian Crimean Dragoons (063),1846,1864,2007.0,41.0,12.0,Strelets,18,1855,Новое время,2000.0,19.0
1149,Strelets Roman Legion on the March (M007),25,150,2007.0,44.0,48.0,Strelets,125,87,Древний мир,2000.0,19.0
1150,Strelets Roman Legion in Battle (M009),20,140,2007.0,42.0,48.0,Strelets,120,80,Древний мир,2000.0,19.0
1151,Zvezda Russian Infantry of Peter the Great (8049),1698,1725,2007.0,45.0,43.0,Zvezda,27,1711,Новое время,2000.0,19.0
1152,Strelets Medieval Levy (1) (M005),1100,1400,2007.0,40.0,48.0,Strelets,300,1250,Средневековье,2000.0,19.0
1153,Caesar The Conquistadores (H025),1490,1560,2007.0,45.0,35.0,Caesar,70,1525,Средневековье,2000.0,19.0
1155,Strelets Roman Auxiliaries in Battle (M008),40,180,2007.0,42.0,48.0,Strelets,140,110,Древний мир,2000.0,19.0
1156,Odemars Jesus' Home (with Jesus) (CREA03),20,50,2007.0,,1.0,Odemars,30,35,Древний мир,2000.0,19.0
1157,Zvezda The Janissaries (8050),1501,1799,2007.0,47.0,43.0,Zvezda,298,1650,Новое время,2000.0,19.0
1158,MiniArt Roman Infantry (72012),301,499,2007.0,37.0,48.0,MiniArt,198,400,Древний мир,2000.0,19.0
1159,GerMan Musketeers of the French King (0001),1622,1650,2007.0,45.0,22.0,GerMan,28,1636,Новое время,2000.0,19.0
1160,Co.Ma. Bersaglieri (409),1915,1915,,,,Co.Ma.,0,1915,Новейшее время,,
1161,Dapol Railway Workmen (C002),1840,1950,,47.0,39.0,Dapol,110,1895,Новое время,,
1162,Dapol Platform Figures (C008),1950,1970,,43.0,36.0,Dapol,20,1960,Современность,,
1163,Coates & Shine Macedonian Elephant (8141),-330,-250,2007.0,47.0,4.0,Coates & Shine,80,-290,Древний мир,2000.0,19.0
1164,HaT Nassau Infantry (8147),1808,1833,2007.0,47.0,96.0,HaT,25,1820,Новое время,2000.0,19.0
1165,HaT Late Roman Missile Troops (8137),300,450,2007.0,38.0,36.0,HaT,150,375,Древний мир,2000.0,19.0
1166,Zvezda English Knights of the 100 Years War (8044),1325,1375,2007.0,48.0,33.0,Zvezda,50,1350,Средневековье,2000.0,19.0
1167,HaT 1805 French Line Infantry in Greatcoats (8146),1800,1806,2007.0,45.0,96.0,HaT,6,1803,Новое время,2000.0,19.0
1168,Zvezda Roman Imperial Legionaries (8043),30,180,2007.0,44.0,53.0,Zvezda,150,105,Древний мир,2000.0,19.0
1169,Strelets Russian Grenadiers in Winter Dress (M011),1812,1815,2007.0,39.0,48.0,Strelets,3,1813,Новое время,2000.0,19.0
1170,GerMan Cuban War Spanish Infantry (0003),1890,1898,2007.0,46.0,24.0,GerMan,8,1894,Новое время,2000.0,19.0
1171,HaT Gallic Warband (8089),-300,200,2007.0,39.0,48.0,HaT,500,-50,Древний мир,2000.0,19.0
1173,Italeri French Infantry 1798-1805 (6092),1798,1805,2007.0,43.0,48.0,Italeri,7,1801,Новое время,2000.0,19.0
1174,Strelets French Cuirassiers in Winter Dress (089),1812,1815,2007.0,47.0,12.0,Strelets,3,1813,Новое время,2000.0,19.0
1175,Odemars Defenders of Berlin (PF07),1944,1945,,,42.0,Odemars,1,1944,Новейшее время,,
1176,Odemars The Last Defenders of Berlin (PF17),1944,1945,2007.0,37.0,42.0,Odemars,1,1944,Новейшее время,2000.0,19.0
1177,Strelets Russian Hussars in Winter Dress (087),1812,1815,2007.0,44.0,12.0,Strelets,3,1813,Новое время,2000.0,19.0
1178,MiniArt Hussites (72010),1401,1499,2007.0,35.0,24.0,MiniArt,98,1450,Средневековье,2000.0,19.0
1179,RedBox Japanese Peasant Infantry (72010),1540,1650,2007.0,33.0,48.0,RedBox,110,1595,Средневековье,2000.0,19.0
1180,Strelets Borodino (084),1812,1812,2007.0,45.0,48.0,Strelets,0,1812,Новое время,2000.0,19.0
1181,Caesar Nubian Warriors (H049),-2024,-500,2007.0,44.0,,Caesar,1524,-1262,Древний мир,2000.0,19.0
1182,Strelets French Guard Chasseurs in Winter Dress (M010),1804,1815,2007.0,39.0,48.0,Strelets,11,1809,Новое время,2000.0,19.0
1183,Coates & Shine Indian Elephant (8142),-340,-300,2007.0,48.0,6.0,Coates & Shine,40,-320,Древний мир,2000.0,19.0
1184,BUM Spanish Security Forces (5010),1935,1939,2007.0,41.0,22.0,BUM,4,1937,Новейшее время,2000.0,19.0
1185,Strelets Norman Knights (085),950,1150,2007.0,44.0,12.0,Strelets,200,1050,Средневековье,2000.0,19.0
1186,Strelets Breton Knights (086),1000,1150,2007.0,40.0,12.0,Strelets,150,1075,Средневековье,2000.0,19.0
1187,Caesar Ancient Egyptian Chariots (H024),-1400,-1000,2007.0,48.0,14.0,Caesar,400,-1200,Древний мир,2000.0,19.0
1188,Italeri British Infantry 1815 (6095),1812,1816,2007.0,45.0,48.0,Italeri,4,1814,Новое время,2000.0,19.0
1189,Strelets Medieval Levy (2) (M006),1100,1400,2007.0,41.0,48.0,Strelets,300,1250,Средневековье,2000.0,19.0
1190,Caesar Roman Legionary (H041),10,120,2007.0,47.0,41.0,Caesar,110,65,Древний мир,2000.0,19.0
1191,RedBox Ashigaru (Command and Support Group) (72008),1500,1650,2007.0,38.0,48.0,RedBox,150,1575,Средневековье,2000.0,19.0
1192,Orion Assyrian Siege Tower (72023),-1000,-600,2007.0,,,Orion,400,-800,Древний мир,2000.0,19.0
1193,Caesar Ancient Germans (H040),1,99,2007.0,44.0,39.0,Caesar,98,50,Древний мир,2000.0,19.0
1194,Odemars Macedonians (PF18),0,0,,,11.0,Odemars,0,0,Древний мир,,
1195,RedBox Ninja (72011),1450,1650,2007.0,37.0,48.0,RedBox,200,1550,Средневековье,2000.0,19.0
1196,RedBox Ikko-ikki (72009),1471,1585,2007.0,34.0,48.0,RedBox,114,1528,Средневековье,2000.0,19.0
1197,Strelets Arab Cavalry (092),1080,1300,2007.0,43.0,12.0,Strelets,220,1190,Средневековье,2000.0,19.0
1198,Strelets Turcopoles (090),1100,1300,2007.0,43.0,12.0,Strelets,200,1200,Средневековье,2000.0,19.0
1199,Strelets Military Order Sergeants (088),1160,1299,2007.0,43.0,12.0,Strelets,139,1229,Средневековье,2000.0,19.0
1200,Strelets Muslim Foot Warriors (M013),1000,1400,2007.0,41.0,48.0,Strelets,400,1200,Средневековье,2000.0,19.0
1201,Strelets Muslim Archers (M014),1000,1400,2007.0,44.0,48.0,Strelets,400,1200,Средневековье,2000.0,19.0
1202,Strelets Foot Military Order Knights (M015),1201,1280,2008.0,39.0,48.0,Strelets,79,1240,Средневековье,2000.0,18.0
1203,Strelets Into The Valley of Death (901),1853,1855,2007.0,44.0,62.0,Strelets,2,1854,Новое время,2000.0,19.0
1204,MiniArt Roman Cavalry (72014),301,499,2007.0,34.0,20.0,MiniArt,198,400,Древний мир,2000.0,19.0
1205,Zvezda Vikings (8046),801,1099,2007.0,46.0,41.0,Zvezda,298,950,Средневековье,2000.0,19.0
1206,Zvezda Ancient Egyptian Infantry (8051),-2024,-1950,2007.0,42.0,46.0,Zvezda,74,-1987,Древний мир,2000.0,19.0
1207,Strelets Military Order Warriors (M012),1100,1300,2007.0,42.0,48.0,Strelets,200,1200,Средневековье,2000.0,19.0
1208,Italeri Austrian Infantry 1798-1805 (6093),1798,1805,2007.0,43.0,48.0,Italeri,7,1801,Новое время,2000.0,19.0
1209,Italeri ZiS 3 AT Gun with servants (6097),1941,1945,2007.0,47.0,12.0,Italeri,4,1943,Новейшее время,2000.0,19.0
1210,GerMan Jacobite Highlanders (0010),1745,1746,2007.0,41.0,22.0,GerMan,1,1745,Новое время,2000.0,19.0
1211,Orion Volkssturm (72017),1944,1945,2007.0,37.0,46.0,Orion,1,1944,Новейшее время,2000.0,19.0
1212,BUM Winter Infantry (5007),1936,1939,2007.0,41.0,22.0,BUM,3,1937,Новейшее время,2000.0,19.0
1213,Waterloo 1815 Prussian Infantry 1815 (020),1810,1815,2007.0,40.0,48.0,Waterloo 1815,5,1812,Новое время,2000.0,19.0
1214,Strelets Roman Auxiliaries 2 (M016),40,180,2007.0,43.0,48.0,Strelets,140,110,Древний мир,2000.0,19.0
1215,BUM Spanish Civil War Cavalry (5014),1936,1939,,,,BUM,3,1937,Новейшее время,,
1216,Strelets Napoleonic French Cuirassiers (Summer Dress) (094),1800,1815,2007.0,46.0,12.0,Strelets,15,1807,Новое время,2000.0,19.0
1217,Strelets Guides of Napoleon (095),1813,1814,2007.0,38.0,12.0,Strelets,1,1813,Новое время,2000.0,19.0
1218,Strelets French Hussars (096),1804,1810,2007.0,43.0,12.0,Strelets,6,1807,Новое время,2000.0,19.0
1219,Orion Cossack Cavalry (72014),1550,1700,2007.0,44.0,12.0,Orion,150,1625,Новое время,2000.0,19.0
1220,Coates & Shine Indian Infantry IV BC (8154),-400,-300,2007.0,38.0,48.0,Coates & Shine,100,-350,Древний мир,2000.0,19.0
1221,Strelets Germanic Horsemen (098),-200,50,2007.0,38.0,12.0,Strelets,250,-75,Древний мир,2000.0,19.0
1222,Strelets Batavian Cavalry in Roman Service (097),-50,300,2007.0,41.0,12.0,Strelets,350,125,Древний мир,2000.0,19.0
1223,Strelets Turkish Seljukes Cavalry (093),1037,1194,2007.0,44.0,12.0,Strelets,157,1115,Средневековье,2000.0,19.0
1224,LW Buccaneers (2014),1540,1740,,,,LW,200,1640,Новое время,,
1225,Valdemar Medieval Army on the March (VS001),1200,1450,2007.0,44.0,14.0,Valdemar,250,1325,Средневековье,2000.0,19.0
1226,HaT French Middle Guard: Fusilier Grenadiers (8167),1809,1815,2007.0,43.0,48.0,HaT,6,1812,Новое время,2000.0,19.0
1227,HaT 1805-1812 French Line Grenadiers (8166),1805,1812,2007.0,42.0,48.0,HaT,7,1808,Новое время,2000.0,19.0
1228,MiniArt Germanic Warriors (72013),301,499,2007.0,42.0,36.0,MiniArt,198,400,Древний мир,2000.0,19.0
1229,Waterloo 1815 Japanese Infantry (022),1938,1945,2007.0,47.0,48.0,Waterloo 1815,7,1941,Новейшее время,2000.0,19.0
1230,Coates & Shine Theban Army (8129),-490,-320,2007.0,43.0,60.0,Coates & Shine,170,-405,Древний мир,2000.0,19.0
1231,HaT Late Roman Medium Infantry (8100),300,450,2007.0,40.0,48.0,HaT,150,375,Древний мир,2000.0,19.0
1232,Emhar Prussian Infantry (7213),1870,1871,2008.0,45.0,50.0,Emhar,1,1870,Новое время,2000.0,18.0
1233,HaT Napoleonic French Wurst Wagon (8102),1806,1813,2007.0,,12.0,HaT,7,1809,Новое время,2000.0,19.0
1234,Zvezda Roman Auxiliary Infantry (8052),40,180,2007.0,48.0,45.0,Zvezda,140,110,Древний мир,2000.0,19.0
1235,RedBox Korean Infantry (72012),1501,1699,2007.0,35.0,48.0,RedBox,198,1600,Средневековье,2000.0,19.0
1236,Italeri PaK 40 AT Gun with Servants (6096),1941,1945,2007.0,47.0,12.0,Italeri,4,1943,Новейшее время,2000.0,19.0
1237,LW Sarmation Cavalry (16),0,0,2006.0,,5.0,LW,0,0,Древний мир,2000.0,20.0
1238,LW Dacian Cavalry (17),0,0,2006.0,,5.0,LW,0,0,Древний мир,2000.0,20.0
1239,Coates & Shine Gothic Army (8133),160,390,2007.0,35.0,51.0,Coates & Shine,230,275,Древний мир,2000.0,19.0
1240,HaT French Field Forge (8107),1806,1813,2007.0,,9.0,HaT,7,1809,Новое время,2000.0,19.0
1241,Italeri British Light Cavalry 1815 (6094),1812,1815,2008.0,44.0,17.0,Italeri,3,1813,Новое время,2000.0,18.0
1242,Airfix WWII British Infantry (01762),1939,1945,,,,Airfix,6,1942,Новейшее время,,
1243,GerMan Spanish Rifle Battalion 'La Patria' (0004),1898,1898,2008.0,39.0,24.0,GerMan,0,1898,Новое время,2000.0,18.0
1244,LW Dacian Infantry (2010),85,106,2007.0,36.0,42.0,LW,21,95,Древний мир,2000.0,19.0
1245,Zvezda English Infantry of the 100 Years War (8060),1330,1430,2008.0,46.0,45.0,Zvezda,100,1380,Средневековье,2000.0,18.0
1246,Orion Scythian Infantry (72025),-550,-250,2008.0,42.0,48.0,Orion,300,-400,Древний мир,2000.0,18.0
1247,Strelets Russian Infantry in Summer Uniform (M018),1916,1918,2008.0,40.0,48.0,Strelets,2,1917,Новейшее время,2000.0,18.0
1248,Strelets Russian Infantry in Winter Uniform (M017),1882,1925,2008.0,42.0,48.0,Strelets,43,1903,Новейшее время,2000.0,18.0
1249,Valiant American GIs 1942/44 (VM003),1942,1944,2008.0,47.0,64.0,Valiant,2,1943,Новейшее время,2000.0,18.0
1250,Strelets Roman Legion before Battle (M019),0,0,2008.0,44.0,56.0,Strelets,0,0,Древний мир,2000.0,18.0
1251,Zvezda French Infantry of the Hundred Years War (8053),1330,1460,2008.0,46.0,43.0,Zvezda,130,1395,Средневековье,2000.0,18.0
1252,RedBox Chinese Infantry (72015),1501,1699,2008.0,36.0,48.0,RedBox,198,1600,Средневековье,2000.0,18.0
1253,Strelets Roman Cavalry in Battle (100),20,150,2008.0,42.0,12.0,Strelets,130,85,Древний мир,2000.0,18.0
1254,Strelets Roman Cavalry on the March (099),110,200,2008.0,44.0,12.0,Strelets,90,155,Древний мир,2000.0,18.0
1255,Italeri Mongol Cavalry (6124),1200,1350,2008.0,47.0,15.0,Italeri,150,1275,Средневековье,2000.0,18.0
1256,HaT British Camel Corps (8194),1884,1885,2008.0,43.0,12.0,HaT,1,1884,Новое время,2000.0,18.0
1257,HaT Egyptian Camel Corps (8193),1885,1899,2008.0,43.0,12.0,HaT,14,1892,Новое время,2000.0,18.0
1258,Pegasus Gladiators (7100),-100,250,2008.0,50.0,36.0,Pegasus,350,75,Древний мир,2000.0,18.0
1259,Strelets Heavy Brigade (902),1850,1855,2008.0,43.0,62.0,Strelets,5,1852,Новое время,2000.0,18.0
1260,Pegasus Russian Naval Infantry (7270),1939,1945,2008.0,47.0,40.0,Pegasus,6,1942,Новейшее время,2000.0,18.0
1261,Pobeda Finnish Army (72300),1939,1944,2008.0,36.0,30.0,Pobeda,5,1941,Новейшее время,2000.0,18.0
1262,Pobeda Finnish Morane Saulnier 406 (72302),1939,1941,,,,Pobeda,2,1940,Новейшее время,,
1263,Pobeda PE-2 Bomber (72303),1939,1943,,,,Pobeda,4,1941,Новейшее время,,
1264,Pobeda Flame-Thrower OT-133 (72304),1939,1942,,,,Pobeda,3,1940,Новейшее время,,
1265,Pobeda T-26 Light Tank (72305),1939,1940,,,,Pobeda,1,1939,Новейшее время,,
1266,Pobeda T-26 T Ammunition Transport (72306),1939,1945,,,,Pobeda,6,1942,Новейшее время,,
1267,Pobeda Russian Tank BT-7 (72314),1939,1942,,,,Pobeda,3,1940,Новейшее время,,
1268,Pobeda Russian Tank BA-10 (72315),1939,1943,,,,Pobeda,4,1941,Новейшее время,,
1269,Pobeda Russian T-26 TN Recon (72316),1939,1942,,,,Pobeda,3,1940,Новейшее время,,
1270,Pobeda Russian T-26-1 (72317),1939,1945,,,,Pobeda,6,1942,Новейшее время,,
1271,Mars Swedish Infantry (72020),1704,1721,2008.0,36.0,48.0,Mars,17,1712,Новое время,2000.0,18.0
1272,Mars Russian Paratroopers Spetsnaz (72001),1975,1985,,,,Mars,10,1980,Современность,,
1273,Mars Modern US Soldiers (72003),1980,1985,,,,Mars,5,1982,Современность,,
1274,Mars Normans (72004),1050,1120,,,,Mars,70,1085,Средневековье,,
1275,Mars Saracen Infantry (72005),1090,1150,,,,Mars,60,1120,Средневековье,,
1276,Mars Saracens Cavalry & Camels (72006),1090,1150,,,,Mars,60,1120,Средневековье,,
1277,Mars Crusaders (72007),1090,1150,,,,Mars,60,1120,Средневековье,,
1278,Mars Russian Heavy Weapon Team (72008),1941,1945,,,,Mars,4,1943,Новейшее время,,
1279,Mars Xerxes Army (72010),-480,-450,2008.0,28.0,48.0,Mars,30,-465,Древний мир,2000.0,18.0
1280,Mars Swedish Cavalry Dragoons (72011),1610,1650,,,,Mars,40,1630,Новое время,,
1281,Mars Soviet Assault Group (72012),1941,1945,,,,Mars,4,1943,Новейшее время,,
1282,Mars German Auto-Crew in Action (72013),1939,1945,,,,Mars,6,1942,Новейшее время,,
1283,Mars Swedish Cavalry Cuirassiers (72014),1610,1650,,,,Mars,40,1630,Новое время,,
1284,Mars Swedish Artillery (72015),1610,1650,,,,Mars,40,1630,Новое время,,
1285,Mars French Artillery (72016),1800,1815,,,,Mars,15,1807,Новое время,,
1286,Mars US Infantry with 37mm Gun (72017),1941,1945,,,,Mars,4,1943,Новейшее время,,
1287,Mars Aztec Warriors (72018),1450,1525,,,,Mars,75,1487,Средневековье,,
1288,Mars Conquistadores (72019),1510,1550,,,,Mars,40,1530,Средневековье,,
1289,Mars Mujahideen (72002),1870,1987,,,,Mars,117,1928,Новейшее время,,
1290,Zvezda Russian Mounted Knights (8039),1201,1399,2008.0,47.0,18.0,Zvezda,198,1300,Средневековье,2000.0,18.0
1291,HaT Gallic Chariot with Warrior Queen (8140),-250,90,2008.0,46.0,9.0,HaT,340,-80,Древний мир,2000.0,18.0
1292,Odemars British Infantry for Hougoumont (PF20),1812,1816,2008.0,36.0,42.0,Odemars,4,1814,Новое время,2000.0,18.0
1293,GerMan Mounted Musketeers (0011),1622,1673,2008.0,48.0,9.0,GerMan,51,1647,Новое время,2000.0,18.0
1294,HaT WWI French Infantry (Early) (8148),1914,1915,2008.0,43.0,92.0,HaT,1,1914,Новейшее время,2000.0,18.0
1295,Strelets Napoleonic French Uhlans in Winter Dress (101),1809,1815,2008.0,39.0,12.0,Strelets,6,1812,Новое время,2000.0,18.0
1296,LW Jewish Infantry (2008),65,75,2008.0,27.0,42.0,LW,10,70,Древний мир,2000.0,18.0
1297,RedBox Korean Heavy Infantry (72014),1501,1699,2008.0,37.0,48.0,RedBox,198,1600,Средневековье,2000.0,18.0
1298,Zvezda Turkish Cavalry (8054),1600,1700,2008.0,45.0,18.0,Zvezda,100,1650,Новое время,2000.0,18.0
1299,Odemars French Infantry for Hougoumont (PF19),1807,1811,2008.0,30.0,42.0,Odemars,4,1809,Новое время,2000.0,18.0
1300,Orion Scythian Cavalry (72024),-699,-101,2008.0,43.0,13.0,Orion,598,-400,Древний мир,2000.0,18.0
1301,HaT Napoleonic Swedish Cavalry (8178),1808,1814,2008.0,39.0,27.0,HaT,6,1811,Новое время,2000.0,18.0
1302,GerMan Napoleonic French Camel Corps (0022),1799,1802,2008.0,43.0,10.0,GerMan,3,1800,Новое время,2000.0,18.0
1303,Caesar WWII Chinese Army (H036),1930,1950,2008.0,47.0,40.0,Caesar,20,1940,Новейшее время,2000.0,18.0
1304,LW Carthaginian Artillery and Infantry (Part 1) (2015),-450,-50,,,,LW,400,-250,Древний мир,,
1305,Pegasus German 75mm le IG18 (7510),1932,1945,2008.0,49.0,8.0,Pegasus,13,1938,Новейшее время,2000.0,18.0
1306,Orion Basmachi (72026),1916,1933,2008.0,43.0,12.0,Orion,17,1924,Новейшее время,2000.0,18.0
1307,HaT French Guard Chasseurs (8170),1800,1815,2008.0,42.0,48.0,HaT,15,1807,Новое время,2000.0,18.0
1308,RedBox Korean Guerrillas (72013),1501,1699,2008.0,38.0,48.0,RedBox,198,1600,Средневековье,2000.0,18.0
1309,Valdemar Mercenary Crossbowmen (VA106),1150,1450,2008.0,47.0,10.0,Valdemar,300,1300,Средневековье,2000.0,18.0
1310,Caesar German Army (H035),1916,1918,2008.0,46.0,45.0,Caesar,2,1917,Новейшее время,2000.0,18.0
1311,Lucky Toys Piedmont Infantry and Bersaglieri (TL0006),1848,1850,2008.0,40.0,38.0,Lucky Toys,2,1849,Новое время,2000.0,18.0
1312,Lucky Toys Garibaldi 'Red Shirts' (TL0009),1846,1860,2008.0,33.0,30.0,Lucky Toys,14,1853,Новое время,2000.0,18.0
1313,GerMan Bergisel 1809 (0030),1809,1810,2008.0,36.0,26.0,GerMan,1,1809,Новое время,2000.0,18.0
1314,Mars Austrian Uhlans (72021),1805,1815,2008.0,38.0,15.0,Mars,10,1810,Новое время,2000.0,18.0
1315,Zvezda Polish Winged Hussars (8041),1670,1699,2008.0,48.0,16.0,Zvezda,29,1684,Новое время,2000.0,18.0
1316,RedBox US Infantry (72017),1899,1905,2008.0,37.0,48.0,RedBox,6,1902,Новейшее время,2000.0,18.0
1317,Emhar Viking Oarsmen (7218),700,1100,2008.0,50.0,42.0,Emhar,400,900,Средневековье,2000.0,18.0
1318,Italeri Templar Knights (6125),1120,1200,2008.0,43.0,15.0,Italeri,80,1160,Средневековье,2000.0,18.0
1319,Caesar German Panzergrenadiers (Set 1) (H052),1942,1945,2008.0,47.0,43.0,Caesar,3,1943,Новейшее время,2000.0,18.0
1320,LW Dacian Allies (10),0,0,,,,LW,0,0,Древний мир,,
1321,LW Dacian Cavalry (2009),0,0,,,,LW,0,0,Древний мир,,
1322,LW Roman Siege Troops (2017),30,70,,,,LW,40,50,Древний мир,,
1323,Mars Japanese Infantry with 75mm Mountain Gun (72022),1936,1945,,,,Mars,9,1940,Новейшее время,,
1324,Mars Artillery Serving Staff for Piece of Ordnance 17C (72023),1610,1650,,,,Mars,40,1630,Новое время,,
1325,HaT Gallic Command (8138),-300,100,2008.0,47.0,24.0,HaT,400,-100,Древний мир,2000.0,18.0
1326,RedBox Sikhs (72021),1888,1905,2008.0,28.0,48.0,RedBox,17,1896,Новое время,2000.0,18.0
1327,BUM National Regular Army (5005),1935,1940,2008.0,41.0,29.0,BUM,5,1937,Новейшее время,2000.0,18.0
1328,Zvezda Swedish Dragoons of Charles XII (8057),1700,1721,2008.0,47.0,18.0,Zvezda,21,1710,Новое время,2000.0,18.0
1329,Waterloo 1815 Prussian Hussars (021),1813,1815,2008.0,42.0,14.0,Waterloo 1815,2,1814,Новое время,2000.0,18.0
1330,Waterloo 1815 Prussian Death's Head Hussars (032),1807,1815,2008.0,41.0,14.0,Waterloo 1815,8,1811,Новое время,2000.0,18.0
1331,Caesar Republican Roman Army (H045),-120,30,2008.0,43.0,41.0,Caesar,150,-45,Древний мир,2000.0,18.0
1332,Italeri D.A.K. Infantry (6099),1941,1943,2008.0,43.0,48.0,Italeri,2,1942,Новейшее время,2000.0,18.0
1334,Dapol Station Accessories (C012),1950,1970,1958.0,,24.0,Dapol,20,1960,Современность,1950.0,68.0
1335,HaT 1805 French Grenadiers and Voltigeurs (8171),1803,1807,2008.0,42.0,48.0,HaT,4,1805,Новое время,2000.0,18.0
1336,RedBox Russian Infantry (72018),1885,1912,2008.0,30.0,48.0,RedBox,27,1898,Новое время,2000.0,18.0
1337,RedBox Japanese Infantry (72020),1882,1910,2008.0,33.0,48.0,RedBox,28,1896,Новое время,2000.0,18.0
1338,BUM Rif War 1920-1927 (5100),1920,1927,2008.0,41.0,25.0,BUM,7,1923,Новейшее время,2000.0,18.0
1339,Emhar Crested Knights (7210),1200,1400,2014.0,49.0,8.0,Emhar,200,1300,Средневековье,2010.0,12.0
1340,Emhar British Infantry (7214),1808,1814,2014.0,48.0,48.0,Emhar,6,1811,Новое время,2010.0,12.0
1341,Emhar French Infantry (7216),1808,1814,2014.0,38.0,44.0,Emhar,6,1811,Новое время,2010.0,12.0
1342,Emhar Spanish Infantry (7215),1808,1810,2014.0,47.0,46.0,Emhar,2,1809,Новое время,2010.0,12.0
1343,A Call To Arms British Infantry of the 1970s (67),1970,1980,2013.0,43.0,32.0,A Call To Arms,10,1975,Современность,2010.0,13.0
1344,Hegemony British Army Fusiliers (HG005),1857,1858,2019.0,16.0,21.0,Hegemony,1,1857,Новое время,2010.0,7.0
1346,Mars Lithuanian-Russian Heavy Infantry (72066),1400,1450,2014.0,38.0,48.0,Mars,50,1425,Средневековье,2010.0,12.0
1347,BUM Far-West Gunsmith (2104),1850,1920,2013.0,,4.0,BUM,70,1885,Новое время,2010.0,13.0
1348,RedBox Scurrers (72046),1455,1485,2013.0,46.0,12.0,RedBox,30,1470,Средневековье,2010.0,13.0
1349,Mars Spanish Field Artillery (72092),1600,1650,2015.0,37.0,24.0,Mars,50,1625,Новое время,2010.0,11.0
1350,BUM Far-West Town Jail (2102),1850,1930,2013.0,,5.0,BUM,80,1890,Новое время,2010.0,13.0
1351,BUM Far-West Ticket Station (2103),1850,1920,2013.0,,4.0,BUM,70,1885,Новое время,2010.0,13.0
1352,Mars Imperial Field Artillery (72093),1600,1650,2015.0,34.0,24.0,Mars,50,1625,Новое время,2010.0,11.0
1353,Caesar German Army in Stalingrad (HB09),1942,1943,2014.0,38.0,19.0,Caesar,1,1942,Новейшее время,2010.0,12.0
1354,Caesar German Army Combat Team One (HB06),1939,1945,2014.0,44.0,23.0,Caesar,6,1942,Новейшее время,2010.0,12.0
1355,Caesar German Army Combat Team Two (HB07),1939,1945,2014.0,43.0,21.0,Caesar,6,1942,Новейшее время,2010.0,12.0
1356,Caesar German Army Sturmpioniere (HB08),1939,1945,2014.0,43.0,20.0,Caesar,6,1942,Новейшее время,2010.0,12.0
1362,BUM Fort West Accessories (2117),1865,1895,2013.0,,4.0,BUM,30,1880,Новое время,2010.0,13.0
1363,BUM Lakotas-Sioux (2130),1800,1900,2013.0,,9.0,BUM,100,1850,Новое время,2010.0,13.0
1364,BUM Sioux Cheyennes Tribe (2131),1800,1900,2013.0,,7.0,BUM,100,1850,Новое время,2010.0,13.0
1365,Heller US Infantry (49601),1942,1945,,,,Heller,3,1943,Новейшее время,,
1366,Heller French Infantry (49602),1938,1940,,,,Heller,2,1939,Новейшее время,,
1367,Heller British Infantry (49604),1939,1945,,,,Heller,6,1942,Новейшее время,,
1368,Heller Russian Infantry (49603),1941,1945,,,,Heller,4,1943,Новейшее время,,
1369,Strelets French Foreign Legion in Skirmish (M150),1903,1914,2021.0,40.0,56.0,Strelets,11,1908,Новейшее время,2020.0,5.0
1370,Strelets British Infantry in Attack (145),1812,1815,2017.0,46.0,43.0,Strelets,3,1813,Новое время,2010.0,9.0
1371,Caesar Mycenaean Chariot (H021),-1450,-1100,2012.0,49.0,10.0,Caesar,350,-1275,Древний мир,2010.0,14.0
1372,Caesar Aztec Warriors (H028),1400,1500,2012.0,47.0,33.0,Caesar,100,1450,Средневековье,2010.0,14.0
1373,Caesar Ancient Chinese Shang vs Zhou Dynasty Troopers (H029),-1100,-1000,2017.0,,35.0,Caesar,100,-1050,Древний мир,2010.0,9.0
1374,Plastic Soldier Russian 45mm Anti-Tank Gun (WW2G20001),1939,1945,2011.0,44.0,16.0,Plastic Soldier,6,1942,Новейшее время,2010.0,15.0
1375,Zvezda Soviet 82mm Mortar with Crew (6109),1941,1945,2011.0,,4.0,Zvezda,4,1943,Новейшее время,2010.0,15.0
1376,Caesar WWI French Infantry (1914) (H034),1914,1915,2017.0,46.0,34.0,Caesar,1,1914,Новейшее время,2010.0,9.0
1377,Caesar German Army (H037),1939,1945,2009.0,47.0,37.0,Caesar,6,1942,Новейшее время,2000.0,17.0
1378,Caesar WWII French Army (H038),1939,1940,2009.0,45.0,37.0,Caesar,1,1939,Новейшее время,2000.0,17.0
1379,Mars German Paratroopers (Tropical Uniform) (72123),1943,1945,2021.0,44.0,40.0,Mars,2,1944,Новейшее время,2020.0,5.0
1380,Zvezda German 81mm Mortar and Crew (6111),1939,1942,2011.0,,4.0,Zvezda,3,1940,Новейшее время,2010.0,15.0
1382,Mars US Infantry (Winter Uniform) (72124),1942,1945,2021.0,38.0,40.0,Mars,3,1943,Новейшее время,2020.0,5.0
1383,Caesar Roman Legionary (Set II) (H051),50,150,2009.0,46.0,38.0,Caesar,100,100,Древний мир,2000.0,17.0
1384,Caesar WWII German Panzergrenadiers II (H053),1943,1945,2009.0,48.0,36.0,Caesar,2,1944,Новейшее время,2000.0,17.0
1385,Caesar WWII US Army (Set 1) (H054),1941,1945,2009.0,42.0,41.0,Caesar,4,1943,Новейшее время,2000.0,17.0
1386,Caesar British Army (H055),1941,1945,2009.0,45.0,40.0,Caesar,4,1943,Новейшее время,2000.0,17.0
1387,Caesar Partisans in Europe (H056),1940,1945,2008.0,45.0,34.0,Caesar,5,1942,Новейшее время,2000.0,18.0
1388,Caesar Modern Israeli Defence Force (H057),1995,2005,2011.0,46.0,40.0,Caesar,10,2000,Современность,2010.0,15.0
1389,Caesar Modern US Elite Force (H058),2005,2005,2008.0,47.0,40.0,Caesar,0,2005,Современность,2000.0,18.0
1390,Caesar Modern French Army & Chinese PLA (H059),2009,2009,2009.0,,37.0,Caesar,0,2009,Современность,2000.0,17.0
1391,Caesar Modern Special Forces Worldwide (H061),2005,2007,2008.0,49.0,41.0,Caesar,2,2006,Современность,2000.0,18.0
1392,Caesar Modern German Army (Bundeswehr) (H062),2005,2011,2011.0,45.0,37.0,Caesar,6,2008,Современность,2010.0,15.0
1393,Caesar Modern Militia (H063),2005,2005,2009.0,42.0,36.0,Caesar,0,2005,Современность,2000.0,17.0
1394,Caesar Celt Warriors (H064),-150,50,2009.0,48.0,37.0,Caesar,200,-50,Древний мир,2000.0,17.0
1395,Caesar Greek Warriors (Hoplites) (H065),-600,-400,2009.0,40.0,37.0,Caesar,200,-500,Древний мир,2000.0,17.0
1396,Caesar Persian Warriors (H066),-500,-500,2009.0,45.0,42.0,Caesar,0,-500,Древний мир,2000.0,17.0
1397,Caesar German Nebelwerfer 42 & Raketenwerfer 43 with Crew (H093),1942,1945,2016.0,49.0,10.0,Caesar,3,1943,Новейшее время,2010.0,10.0
1398,Caesar German Panzergrenadiers (Winter Greatcoat East) (CM7714),1939,1945,2012.0,,16.0,Caesar,6,1942,Новейшее время,2010.0,14.0
1399,Caesar German Panzergrenadier (Kursk) (CM7715),1943,1943,2012.0,,16.0,Caesar,0,1943,Новейшее время,2010.0,14.0
1400,Valiant Germans in Normandy 1944 (VM004),1943,1945,2008.0,45.0,68.0,Valiant,2,1944,Новейшее время,2000.0,18.0
1401,Mars Turkish Heavy Infantry (72091),1601,1699,2015.0,,48.0,Mars,98,1650,Новое время,2010.0,11.0
1402,Heller German Infantry (49605),1936,1945,1974.0,,48.0,Heller,9,1940,Новейшее время,1970.0,52.0
1403,Heller German Panzergrenadiers (49606),1936,1945,,,,Heller,9,1940,Новейшее время,,
1404,Ykreol French Staff 1940 (YK20),1939,1940,2013.0,37.0,42.0,Ykreol,1,1939,Новейшее время,2010.0,13.0
1405,Pegasus WWII Russian Support Weapons Teams in Greatcoats (7274),1939,1945,2013.0,49.0,26.0,Pegasus,6,1942,Новейшее время,2010.0,13.0
1406,Zvezda Soviet 85mm Anti Aircraft Gun 52-K (6148),1939,1945,2013.0,,4.0,Zvezda,6,1942,Новейшее время,2010.0,13.0
1407,GerMan British Infantry in Egypt 1800 (0023),1801,1801,2010.0,41.0,24.0,GerMan,0,1801,Новое время,2010.0,16.0
1408,Pegasus WWII Russian Mortar Teams in Greatcoats (7273),1939,1945,2013.0,48.0,24.0,Pegasus,6,1942,Новейшее время,2010.0,13.0
1409,Pegasus WWII Russian Infantry in Winter Dress Set 2 (7272),1939,1945,2013.0,48.0,34.0,Pegasus,6,1942,Новейшее время,2010.0,13.0
1410,Pegasus WWII Russian Infantry in Greatcoats (7271),1939,1945,2013.0,49.0,40.0,Pegasus,6,1942,Новейшее время,2010.0,13.0
1411,Pegasus War Against Fascism (7267),1941,1945,2013.0,,16.0,Pegasus,4,1943,Новейшее время,2010.0,13.0
1412,Mars Medieval Arkbalista (72065),1200,1500,2013.0,37.0,16.0,Mars,300,1350,Средневековье,2010.0,13.0
1413,Mars Teutonic Field Artillery (72064),1400,1450,2013.0,39.0,16.0,Mars,50,1425,Средневековье,2010.0,13.0
1414,GerMan US Cavalry and Artillery (0007),1898,1898,,,,GerMan,0,1898,Новое время,,
1415,Pegasus German Fallschirmjäger (7224),1943,1945,2013.0,48.0,40.0,Pegasus,2,1944,Новейшее время,2010.0,13.0
1416,RedBox Osman Akinci Set 2 (72093),1501,1699,2016.0,39.0,12.0,RedBox,198,1600,Средневековье,2010.0,10.0
1417,HaT French Light Ambulance (8103),1797,1815,2009.0,,3.0,HaT,18,1806,Новое время,2000.0,17.0
1418,HaT French Pontoon (8108),1805,1815,2009.0,,,HaT,10,1810,Новое время,2000.0,17.0
1419,Orion USA Tank Crew Summer Dress (72049),1943,1945,2016.0,44.0,36.0,Orion,2,1944,Новейшее время,2010.0,10.0
1420,HaT Celtic Chariot (8139),-350,90,2008.0,41.0,9.0,HaT,440,-130,Древний мир,2000.0,18.0
1421,Coates & Shine Indian Chariot (8143),-1500,0,2008.0,43.0,15.0,Coates & Shine,1500,-750,Древний мир,2000.0,18.0
1422,HaT German PaK 36 Anti-tank Gun (8149),1939,1945,2008.0,38.0,16.0,HaT,6,1942,Новейшее время,2000.0,18.0
1423,HaT German PaK 40 Anti-tank Gun (8150),1941,1945,2008.0,37.0,16.0,HaT,4,1943,Новейшее время,2000.0,18.0
1424,HaT Australian Light Horse (8153),1914,1918,2009.0,44.0,30.0,HaT,4,1916,Новейшее время,2000.0,17.0
1425,Strelets Italian Infantry in Defence (M153),1940,1943,2021.0,37.0,52.0,Strelets,3,1941,Новейшее время,2020.0,5.0
1426,HaT German 7.62cm PaK 36(r) (8156),1941,1944,2008.0,37.0,16.0,HaT,3,1942,Новейшее время,2000.0,18.0
1427,HaT Polish Artillery Crew (8157),1939,1940,2016.0,43.0,32.0,HaT,1,1939,Новейшее время,2010.0,10.0
1428,HaT WWI US Artillery with 75mm Cannon (8158),1917,1918,2009.0,36.0,48.0,HaT,1,1917,Новейшее время,2000.0,17.0
1429,HaT WWI French Artillery Crew (Early) (8159),1914,1915,2018.0,45.0,32.0,HaT,1,1914,Новейшее время,2010.0,8.0
1430,HaT Romanian Artillery Crew (8160),1942,1945,2016.0,45.0,32.0,HaT,3,1943,Новейшее время,2010.0,10.0
1431,HaT WWI French 75mm Cannon (with Late War Crew) (8161),1916,1918,2009.0,40.0,48.0,HaT,2,1917,Новейшее время,2000.0,17.0
1432,HaT Hadendowah Camelry (8208),1850,1899,2010.0,47.0,15.0,HaT,49,1874,Новое время,2010.0,16.0
1433,HaT German 7.5cm IG 18 Gun (8163),1933,1945,2008.0,38.0,16.0,HaT,12,1939,Новейшее время,2000.0,18.0
1434,RedBox Turkish Siege Artillery Gun (72069),1501,1599,2015.0,37.0,16.0,RedBox,98,1550,Средневековье,2010.0,11.0
1435,RedBox Turkish Siege Artillery Mortar (72070),1501,1699,2015.0,39.0,16.0,RedBox,198,1600,Средневековье,2010.0,11.0
1436,HaT El Cid Andalusian Infantry (8168),1000,1100,2009.0,48.0,96.0,HaT,100,1050,Средневековье,2000.0,17.0
1437,HaT Bavarian Fusiliers (8169),1808,1815,2009.0,42.0,48.0,HaT,7,1811,Новое время,2000.0,17.0
1438,HaT Brunswick Cavalry (8174),1805,1815,2012.0,46.0,12.0,HaT,10,1810,Новое время,2010.0,14.0
1439,HaT Württemberg Cavalry (8175),1805,1814,2012.0,46.0,12.0,HaT,9,1809,Новое время,2010.0,14.0
1440,HaT El Cid Spanish Infantry (8176),1050,1099,2009.0,45.0,96.0,HaT,49,1074,Средневековье,2000.0,17.0
1441,HaT Gatling Gun (8179),1871,1890,2009.0,48.0,24.0,HaT,19,1880,Новое время,2000.0,17.0
1442,HaT Gardner Gun (8180),1880,1890,2009.0,46.0,24.0,HaT,10,1885,Новое время,2000.0,17.0
1443,HaT British 17th Lancers (8181),1879,1879,2012.0,47.0,15.0,HaT,0,1879,Новое время,2010.0,14.0
1444,HaT Natal Native Horse (8182),1879,1879,2008.0,43.0,18.0,HaT,0,1879,Новое время,2000.0,18.0
1445,HaT Late Roman Medium Cavalry (8183),300,500,2012.0,43.0,12.0,HaT,200,400,Древний мир,2010.0,14.0
1446,HaT Greek Catapult (8184),-500,-400,2009.0,49.0,24.0,HaT,100,-450,Древний мир,2000.0,17.0
1447,HaT Macedonian Hypaspists (8185),-320,-320,2009.0,44.0,48.0,HaT,0,-320,Древний мир,2000.0,17.0
1448,HaT Peninsular War British Infantry (8186),1808,1814,2009.0,46.0,92.0,HaT,6,1811,Новое время,2000.0,17.0
1449,HaT 1806 Saxon Infantry (8187),1806,1810,2009.0,42.0,96.0,HaT,4,1808,Новое время,2000.0,17.0
1450,HaT Late Roman Light Cavalry (8188),300,500,2010.0,44.0,24.0,HaT,200,400,Древний мир,2010.0,16.0
1451,HaT El Cid Almoravid Infantry (8189),1050,1150,2008.0,47.0,96.0,HaT,100,1100,Средневековье,2000.0,18.0
1452,HaT Zulus (8191),1820,1879,2011.0,40.0,32.0,HaT,59,1849,Новое время,2010.0,15.0
1453,HaT 1806 Prussian Hussars (8195),1806,1806,2008.0,45.0,12.0,HaT,0,1806,Новое время,2000.0,18.0
1454,HaT 1806 Prussian Dragoons (8196),1800,1807,2008.0,46.0,12.0,HaT,7,1803,Новое время,2000.0,18.0
1455,HaT Napoleonic Prussian Hussars (8197),1808,1815,2012.0,46.0,12.0,HaT,7,1811,Новое время,2010.0,14.0
1456,HaT Austrian Grenadiers (8198),1800,1810,2011.0,44.0,60.0,HaT,10,1805,Новое время,2010.0,15.0
1457,HaT WWI German Jaeger (8199),1914,1916,2009.0,39.0,48.0,HaT,2,1915,Новейшее время,2000.0,17.0
1458,HaT WWI German Infantry (8200),1914,1916,2009.0,40.0,48.0,HaT,2,1915,Новейшее время,2000.0,17.0
1459,HaT El Cid Spanish Light Cavalry (8201),1050,1100,2009.0,39.0,12.0,HaT,50,1075,Средневековье,2000.0,17.0
1460,HaT Colonial Highlanders (8202),1873,1895,2009.0,40.0,48.0,HaT,22,1884,Новое время,2000.0,17.0
1461,HaT Colonial Wars Indian Infantry (8203),1875,1900,2009.0,42.0,48.0,HaT,25,1887,Новое время,2000.0,17.0
1462,HaT Austrian Grenzers (8204),1808,1815,2009.0,42.0,48.0,HaT,7,1811,Новое время,2000.0,17.0
1463,HaT Frontier Light Horse (8206),1877,1879,2012.0,43.0,15.0,HaT,2,1878,Новое время,2010.0,14.0
1464,Ultima Ratio Union Infantry - Irish Brigade (UR014),1861,1865,2021.0,40.0,34.0,Ultima Ratio,4,1863,Новое время,2020.0,5.0
1465,HaT British Mounted Infantry (8209),1879,1879,2008.0,43.0,18.0,HaT,0,1879,Новое время,2000.0,18.0
1466,HaT British Colonial Artillery (8210),1871,1880,2009.0,45.0,24.0,HaT,9,1875,Новое время,2000.0,17.0
1467,HaT El Cid Spanish Heavy Cavalry (8213),1050,1100,2009.0,40.0,12.0,HaT,50,1075,Средневековье,2000.0,17.0
1468,HaT French Voltigeurs (8218),1804,1812,2009.0,44.0,56.0,HaT,8,1808,Новое время,2000.0,17.0
1469,HaT French Light Infantry Chasseurs (Marching) (8219),1806,1812,2010.0,49.0,40.0,HaT,6,1809,Новое время,2010.0,16.0
1470,HaT 1808-1812 French Light Infantry Carabiniers (8220),1808,1812,2009.0,46.0,56.0,HaT,4,1810,Новое время,2000.0,17.0
1471,HaT Sassanid Levy Infantry (8205),224,651,2013.0,44.0,32.0,HaT,427,437,Древний мир,2010.0,13.0
1472,RedBox Musketeers of the King of France (72145),1622,1660,2020.0,46.0,44.0,RedBox,38,1641,Новое время,2020.0,6.0
1473,HaT Sassanid Clibanarii (8285),224,651,2017.0,41.0,12.0,HaT,427,437,Древний мир,2010.0,9.0
1474,HaT Sassanid Light Cavalry (8283),224,651,2017.0,40.0,12.0,HaT,427,437,Древний мир,2010.0,9.0
1475,Strelets Highlanders in Square (287),1812,1816,2021.0,45.0,43.0,Strelets,4,1814,Новое время,2020.0,5.0
1476,HaT Swedish Artillery (8231),1807,1813,2010.0,42.0,16.0,HaT,6,1810,Новое время,2010.0,16.0
1477,RedBox Byzantine Clibanarii Set 1 (72151),600,1300,2024.0,41.0,12.0,RedBox,700,950,Средневековье,2020.0,2.0
1478,Strelets Russian Infantry in Overcoats Shoulder Arms (218),1811,1816,2021.0,48.0,44.0,Strelets,5,1813,Новое время,2020.0,5.0
1479,RedBox Irish Mounted Troops (72055),1450,1530,2015.0,43.0,12.0,RedBox,80,1490,Средневековье,2010.0,11.0
1480,Orion Soviet Assault Group 1945 (72048),1944,1945,2015.0,39.0,52.0,Orion,1,1944,Новейшее время,2010.0,11.0
1483,HaT WW2 German Field Wagon (8261),1939,1945,2012.0,,6.0,HaT,6,1942,Новейшее время,2010.0,14.0
1484,Strelets Highlanders' Firing Line (279),1808,1815,2021.0,48.0,43.0,Strelets,7,1811,Новое время,2020.0,5.0
1485,Waterloo 1815 Italian Mountain Troops 'Alpini' (057),1909,1916,2016.0,45.0,36.0,Waterloo 1815,7,1912,Новейшее время,2010.0,10.0
1486,Zvezda Russian Infantry Command (6815),1812,1815,2015.0,,5.0,Zvezda,3,1813,Новое время,2010.0,11.0
1487,Zvezda French Line Infantry Command (6816),1812,1815,2015.0,,5.0,Zvezda,3,1813,Новое время,2010.0,11.0
1488,Zvezda French Foot Artillery (6810),1812,1815,2015.0,,6.0,Zvezda,3,1813,Новое время,2010.0,11.0
1489,IMEX American Infantry (535),1846,1848,2008.0,45.0,49.0,IMEX,2,1847,Новое время,2000.0,18.0
1490,RedBox Samurai Artillery Set 1 (72090),1501,1699,2016.0,41.0,16.0,RedBox,198,1600,Средневековье,2010.0,10.0
1491,Zvezda Soviet Anti-Tank Gun ZIS 3 (6253),1942,1945,2015.0,,3.0,Zvezda,3,1943,Новейшее время,2010.0,11.0
1492,Zvezda Russian Dragoons (6811),1812,1815,2015.0,,3.0,Zvezda,3,1813,Новое время,2010.0,11.0
1493,Strelets Roman Senate 2 (138),-100,150,2016.0,44.0,35.0,Strelets,250,25,Древний мир,2010.0,10.0
1494,Zvezda German Anti-Tank Gun PaK 40 (6257),1941,1945,2015.0,,3.0,Zvezda,4,1943,Новейшее время,2010.0,11.0
1495,Zvezda Russian Foot Artillery (6809),1812,1815,2015.0,,6.0,Zvezda,3,1813,Новое время,2010.0,11.0
1496,Zvezda Russian Line Infantry (6808),1812,1815,2014.0,,6.0,Zvezda,3,1813,Новое время,2010.0,12.0
1497,Strelets Tecumseh (M107),1785,1813,2015.0,41.0,48.0,Strelets,28,1799,Новое время,2010.0,11.0
1498,Strelets Republican Roman Legion Ranks (M099),-200,-30,2015.0,,40.0,Strelets,170,-115,Древний мир,2010.0,11.0
1499,Orion German WWII Panzer Soldiers Basic Set 2 (72047),1939,1945,2015.0,47.0,39.0,Orion,6,1942,Новейшее время,2010.0,11.0
1500,Mars French Infantry & Guards (72083),1665,1685,2015.0,39.0,48.0,Mars,20,1675,Новое время,2010.0,11.0
1501,Zvezda Soviet Headquarters (6132),1941,1943,2016.0,,,Zvezda,2,1942,Новейшее время,2010.0,10.0
1502,Zvezda Romanian Infantry (6163),1939,1945,2015.0,,4.0,Zvezda,6,1942,Новейшее время,2010.0,11.0
1503,Zvezda French Dragoons (6812),1812,1815,2015.0,,3.0,Zvezda,3,1813,Новое время,2010.0,11.0
1504,Mars Crimean Tatar Infantry (72084),1600,1700,2015.0,36.0,48.0,Mars,100,1650,Новое время,2010.0,11.0
1505,First To Fight Polish Command (PL1939-023),1939,1939,2015.0,43.0,18.0,First To Fight,0,1939,Новейшее время,2010.0,11.0
1506,Heller British Commandos (49632),1940,1945,1968.0,,36.0,Heller,5,1942,Новейшее время,1960.0,58.0
1507,Italeri American Infantry (6120),1942,1945,2008.0,45.0,48.0,Italeri,3,1943,Новейшее время,2000.0,18.0
1508,Italeri German Motorcycles (6121),1939,1945,2009.0,48.0,16.0,Italeri,6,1942,Новейшее время,2000.0,17.0
1509,Italeri Italian 90/53 Gun with Crew (6122),1940,1945,2009.0,46.0,8.0,Italeri,5,1942,Новейшее время,2000.0,17.0
1510,Italeri Chinese Cavalry (6123),1200,1300,2009.0,46.0,15.0,Italeri,100,1250,Средневековье,2000.0,17.0
1511,Italeri Arab Warriors (6126),1100,1300,2008.0,35.0,15.0,Italeri,200,1200,Средневековье,2000.0,18.0
1512,Legio French Cuirassiers (P-720001),1812,1815,2009.0,49.0,16.0,Legio,3,1813,Новое время,2000.0,17.0
1513,Zvezda Soviet Frontier Guards (6144),1941,1945,2014.0,,4.0,Zvezda,4,1943,Новейшее время,2010.0,12.0
1514,Lucky Toys Vlad Tzepes (TL0011),1450,1475,2009.0,44.0,34.0,Lucky Toys,25,1462,Средневековье,2000.0,17.0
1515,Lucky Toys Medieval Turks (Mehmed II) (TL0012),1450,1490,2009.0,44.0,34.0,Lucky Toys,40,1470,Средневековье,2000.0,17.0
1516,Zvezda Soviet Air Force Ground Crew (6187),1941,1945,2015.0,,5.0,Zvezda,4,1943,Новейшее время,2010.0,11.0
1517,Mars Scots Greys (72024),1812,1815,,,,Mars,3,1813,Новое время,,
1518,Mars British Infantry (72025),1812,1815,,,,Mars,3,1813,Новое время,,
1519,Mars Burgundian Sergeants and Archers (72026),1300,1400,,,,Mars,100,1350,Средневековье,,
1520,Mars Arquebusiers (72027),1618,1648,2009.0,33.0,48.0,Mars,30,1633,Новое время,2000.0,17.0
1521,Mars Russian Uhlans (72028),1812,1815,2009.0,27.0,12.0,Mars,3,1813,Новое время,2000.0,17.0
1522,Mars Russian Dragoons (72029),1812,1814,2009.0,31.0,12.0,Mars,2,1813,Новое время,2000.0,17.0
1523,Mars Medieval Baltic Crusades (72030),1150,1400,2008.0,26.0,36.0,Mars,250,1275,Средневековье,2000.0,18.0
1524,Mars Swedish Army with Culverin (72031),1618,1648,2009.0,39.0,19.0,Mars,30,1633,Новое время,2000.0,17.0
1525,Hasegawa U.S. Aerospace Ground Equipment Set (35006),1975,1984,1984.0,44.0,4.0,Hasegawa,9,1979,Современность,1980.0,42.0
1526,Orion Modern Israeli Army (Set 1) (72012),2000,2009,2010.0,45.0,48.0,Orion,9,2004,Современность,2010.0,16.0
1527,Orion Turkish Cavalry Sipahi (72020),1501,1699,2017.0,44.0,12.0,Orion,198,1600,Средневековье,2010.0,9.0
1528,Orion Byzantine Infantry (12th - 15th Century) (72027),1100,1453,2008.0,37.0,44.0,Orion,353,1276,Средневековье,2000.0,18.0
1530,Pegasus WWI French Infantry (7199),1916,1918,2010.0,48.0,40.0,Pegasus,2,1917,Новейшее время,2010.0,16.0
1532,Pegasus WWII Russian Infantry (Summer Dress) (7268),1939,1945,2009.0,46.0,40.0,Pegasus,6,1942,Новейшее время,2000.0,17.0
1533,Pegasus WWII Russian Infantry (Winter Dress) (7269),1939,1945,2009.0,45.0,40.0,Pegasus,6,1942,Новейшее время,2000.0,17.0
1538,Pegasus WWII French Infantry (7306),1940,1940,2010.0,48.0,40.0,Pegasus,0,1940,Новейшее время,2010.0,16.0
1539,RedBox US Marines (72016),1900,1900,2008.0,36.0,48.0,RedBox,0,1900,Новое время,2000.0,18.0
1540,RedBox Russian Sailors (72019),1900,1900,2008.0,37.0,48.0,RedBox,0,1900,Новое время,2000.0,18.0
1541,RedBox British Royal Marine Light Infantry (72022),1900,1900,2009.0,36.0,48.0,RedBox,0,1900,Новое время,2000.0,17.0
1542,RedBox German Sea Battalion (72023),1900,1901,2009.0,37.0,48.0,RedBox,1,1900,Новое время,2000.0,17.0
1543,RedBox German East Asia Brigade (72024),1900,1901,2009.0,33.0,48.0,RedBox,1,1900,Новое время,2000.0,17.0
1544,RedBox French Sailors (72025),1900,1900,2009.0,41.0,48.0,RedBox,0,1900,Новое время,2000.0,17.0
1545,RedBox French Marines (72026),1895,1901,2009.0,38.0,48.0,RedBox,6,1898,Новое время,2000.0,17.0
1546,RedBox French Infantry (72027),1900,1900,2009.0,38.0,48.0,RedBox,0,1900,Новое время,2000.0,17.0
1547,RedBox Civilian Volunteers (72028),1900,1900,2009.0,37.0,56.0,RedBox,0,1900,Новое время,2000.0,17.0
1548,RedBox Italian Sailors (72029),1900,1900,2009.0,36.0,48.0,RedBox,0,1900,Новое время,2000.0,17.0
1549,RedBox Austrian Sailors (72031),1900,1900,2010.0,37.0,48.0,RedBox,0,1900,Новое время,2010.0,16.0
1550,RedBox Chinese Regiment (72032),1899,1906,2010.0,32.0,48.0,RedBox,7,1902,Новейшее время,2010.0,16.0
1551,RedBox Italian Bersaglieri (72030),1900,1901,2009.0,39.0,48.0,RedBox,1,1900,Новое время,2000.0,17.0
1552,RedBox British Naval Brigade (72033),1890,1905,2010.0,32.0,48.0,RedBox,15,1897,Новое время,2010.0,16.0
1553,RedBox Gurkhas (72034),1900,1900,2010.0,36.0,48.0,RedBox,0,1900,Новое время,2010.0,16.0
1554,RedBox Chinese Boxers (72035),1900,1900,2010.0,37.0,48.0,RedBox,0,1900,Новое время,2010.0,16.0
1555,RedBox Gangsters (72036),1935,1938,2010.0,38.0,56.0,RedBox,3,1936,Новейшее время,2010.0,16.0
1556,Strelets Sarmatian Cavalry (020),-100,100,2012.0,38.0,12.0,Strelets,200,0,Древний мир,2010.0,14.0
1557,Strelets French African Chasseurs (049),1850,1860,2008.0,45.0,12.0,Strelets,10,1855,Новое время,2000.0,18.0
1558,Strelets Highlanders 1898-1902 (M051),1898,1902,2011.0,34.0,48.0,Strelets,4,1900,Новое время,2010.0,15.0
1562,Strelets Jacobites (2) (068),1689,1746,2009.0,39.0,44.0,Strelets,57,1717,Новое время,2000.0,17.0
1563,Strelets Mounted Praetorians (069),60,140,2010.0,44.0,12.0,Strelets,80,100,Древний мир,2010.0,16.0
1564,Strelets Norman Cavalry on the March (070),1000,1120,2010.0,42.0,12.0,Strelets,120,1060,Средневековье,2010.0,16.0
1565,Strelets Austro-Hungarian Honved (074),1917,1918,2017.0,42.0,28.0,Strelets,1,1917,Новейшее время,2010.0,9.0
1566,Strelets British Cavalry (075),1914,1918,2011.0,40.0,12.0,Strelets,4,1916,Новейшее время,2010.0,15.0
1567,Strelets French Artillery (Egypt) (078),1798,1801,2012.0,45.0,14.0,Strelets,3,1799,Новое время,2010.0,14.0
1568,Strelets British Artillery (Egypt) (079),1798,1801,2012.0,38.0,14.0,Strelets,3,1799,Новое время,2010.0,14.0
1569,Strelets French Uhlans in Summer Uniform (102),1810,1815,2009.0,37.0,12.0,Strelets,5,1812,Новое время,2000.0,17.0
1570,Strelets Dacian Cavalry (103),100,110,2008.0,38.0,12.0,Strelets,10,105,Древний мир,2000.0,18.0
1571,Strelets Mounted Crusaders in Oriental Dress (104),1100,1290,2008.0,40.0,12.0,Strelets,190,1195,Средневековье,2000.0,18.0
1572,Strelets French Cuirassiers in Attack (105),1805,1815,2009.0,43.0,12.0,Strelets,10,1810,Новое время,2000.0,17.0
1573,Strelets French Early Carabiniers (106),1800,1804,2009.0,41.0,12.0,Strelets,4,1802,Новое время,2000.0,17.0
1574,Strelets Thin Red Line (903),1854,1854,2009.0,44.0,147.0,Strelets,0,1854,Новое время,2000.0,17.0
1575,Strelets Roman Legion in Advance (M020),25,150,2008.0,39.0,48.0,Strelets,125,87,Древний мир,2000.0,18.0
1576,Strelets Dacian Heavy Infantry (M021),100,100,2008.0,29.0,48.0,Strelets,0,100,Древний мир,2000.0,18.0
1577,Strelets Dacian Light Infantry (M022),85,108,2008.0,33.0,48.0,Strelets,23,96,Древний мир,2000.0,18.0
1578,Strelets French Infantry on the March (1) (M023),1812,1812,2008.0,38.0,48.0,Strelets,0,1812,Новое время,2000.0,18.0
1579,Strelets WWI Austrian Infantry (M024),1914,1918,2008.0,40.0,48.0,Strelets,4,1916,Новейшее время,2000.0,18.0
1580,Strelets Medieval Crossbowmen (M025),1100,1300,2009.0,42.0,56.0,Strelets,200,1200,Средневековье,2000.0,17.0
1581,Strelets French Infantry in Advance (M026),1812,1812,2009.0,26.0,48.0,Strelets,0,1812,Новое время,2000.0,17.0
1582,Strelets Russian Peasant Levy in Winter Dress (M027),1000,1200,2009.0,37.0,48.0,Strelets,200,1100,Средневековье,2000.0,17.0
1583,Strelets Dismounted Mongols (M028),1200,1300,2009.0,40.0,48.0,Strelets,100,1250,Средневековье,2000.0,17.0
1584,Valdemar Medieval University (VA121),1150,1450,2009.0,45.0,8.0,Valdemar,300,1300,Средневековье,2000.0,17.0
1585,Valdemar Teutonic Infantry on the March (VA110),1200,1300,2009.0,48.0,,Valdemar,100,1250,Средневековье,2000.0,17.0
1586,Valdemar Mounted Crusader Command (VA115),1125,1250,2009.0,44.0,8.0,Valdemar,125,1187,Средневековье,2000.0,17.0
1587,Valdemar Russian Hird (VA113),1100,1300,2009.0,45.0,5.0,Valdemar,200,1200,Средневековье,2000.0,17.0
1588,Waterloo 1815 Sioux (023),1800,1900,2009.0,47.0,12.0,Waterloo 1815,100,1850,Новое время,2000.0,17.0
1589,Waterloo 1815 US Marines (027),1944,1945,2009.0,44.0,43.0,Waterloo 1815,1,1944,Новейшее время,2000.0,17.0
1590,Waterloo 1815 Napoleonic Mounted Line Officers (028),1813,1815,2009.0,45.0,10.0,Waterloo 1815,2,1814,Новое время,2000.0,17.0
1591,HaT WWI Belgian Infantry (8290),1914,1915,2018.0,40.0,32.0,HaT,1,1914,Новейшее время,2010.0,8.0
1592,Waterloo 1815 Italian Infantry Support Group (034),1940,1944,2009.0,45.0,26.0,Waterloo 1815,4,1942,Новейшее время,2000.0,17.0
1593,Waterloo 1815 Japanese 70mm Gun (003),1931,1945,2009.0,47.0,16.0,Waterloo 1815,14,1938,Новейшее время,2000.0,17.0
1594,Waterloo 1815 Italian 149/40 Artillery (024),1940,1945,2009.0,47.0,9.0,Waterloo 1815,5,1942,Новейшее время,2000.0,17.0
1595,Zvezda French Cuirassiers 1807-1815 (8037),1807,1815,2010.0,48.0,19.0,Zvezda,8,1811,Новое время,2010.0,16.0
1596,Zvezda Russian Guard Heavy Artillery (8045),1812,1814,2010.0,50.0,35.0,Zvezda,2,1813,Новое время,2010.0,16.0
1597,Zvezda Russian Hussars (8055),1812,1814,2008.0,49.0,18.0,Zvezda,2,1813,Новое время,2000.0,18.0
1598,Zvezda Russian Artillery of Peter the Great (8058),1698,1721,2009.0,48.0,30.0,Zvezda,23,1709,Новое время,2000.0,17.0
1599,Zvezda Medieval Peasant Army (8059),1200,1500,2009.0,46.0,42.0,Zvezda,300,1350,Средневековье,2000.0,17.0
1600,Zvezda Austrian Musketeers and Pikemen (8061),1600,1650,2008.0,46.0,45.0,Zvezda,50,1625,Новое время,2000.0,18.0
1601,Zvezda Russian Foot Warriors (8062),1200,1400,2009.0,48.0,44.0,Zvezda,200,1300,Средневековье,2000.0,17.0
1602,Caesar German Mountain Troops (H067),1939,1945,2008.0,44.0,45.0,Caesar,6,1942,Новейшее время,2000.0,18.0
1603,LW Spanish Army 1500-1600 (2016),1501,1580,2008.0,25.0,40.0,LW,79,1540,Средневековье,2000.0,18.0
1604,LW Russian Artillery 1500-1700 (2018),1500,1700,2008.0,21.0,30.0,LW,200,1600,Средневековье,2000.0,18.0
1605,Tragik Dead French Infantry 1809/15 (1),1809,1815,2008.0,41.0,12.0,Tragik,6,1812,Новое время,2000.0,18.0
1606,Tragik Dead Prussian Landwehr 1813/15 (2),1813,1815,2008.0,42.0,12.0,Tragik,2,1814,Новое время,2000.0,18.0
1607,RedBox Osman Akinci Set 1 (72092),1501,1699,2016.0,40.0,12.0,RedBox,198,1600,Средневековье,2010.0,10.0
1608,RedBox Samurai Artillery Set 2 (72091),1501,1699,2016.0,,16.0,RedBox,198,1600,Средневековье,2010.0,10.0
1609,Strelets Confederate Infantry Standing (156),1861,1865,2017.0,45.0,50.0,Strelets,4,1863,Новое время,2010.0,9.0
1610,Orion Slavic Warriors (72028),500,800,2009.0,36.0,48.0,Orion,300,650,Средневековье,2000.0,17.0
1611,Orion Early Rus Warriors (72029),800,1000,2009.0,36.0,48.0,Orion,200,900,Средневековье,2000.0,17.0
1613,Odemars Operation Antarctica - Haunebu (CREA04),1935,1945,2009.0,,42.0,Odemars,10,1940,Новейшее время,2000.0,17.0
1614,Co.Ma. Elite Mountain Troops/Alpini (410),1950,1967,,,24.0,Co.Ma.,17,1958,Современность,,
1615,GerMan Catalan Artillery & Barricade (1001),1713,1714,2009.0,35.0,6.0,GerMan,1,1713,Новое время,2000.0,17.0
1616,LW Carthaginian Artillery and Mercenaries (2025),-300,-200,2002.0,,5.0,LW,100,-250,Древний мир,2000.0,24.0
1617,LW WWII Russian Tank Crew (2013),1939,1945,2004.0,,14.0,LW,6,1942,Новейшее время,2000.0,22.0
1618,Dark Dream Studio European Knights (72005),1500,1550,2009.0,44.0,12.0,Dark Dream Studio,50,1525,Средневековье,2000.0,17.0
1619,Strelets Jacobites (1) (066),1689,1746,2009.0,40.0,38.0,Strelets,57,1717,Новое время,2000.0,17.0
1620,Valdemar Teutonic Sergeant with Great Axe (VI006),1190,1400,2009.0,,1.0,Valdemar,210,1295,Средневековье,2000.0,17.0
1621,HaT WWI Skoda 75mm Mountain Gun (8244),1914,1918,2011.0,,,HaT,4,1916,Новейшее время,2010.0,15.0
1622,HaT Deport 75mm Gun (8242),1912,1918,2011.0,,,HaT,6,1915,Новейшее время,2010.0,15.0
1623,Linear-A Goths (Set 1) (058),401,599,2026.0,45.0,17.0,Linear-A,198,500,Древний мир,2020.0,0.0
1624,Strelets Obice da 75/18 Mod 35 Howitzer & Italian Crew (282),1935,1943,2021.0,39.0,12.0,Strelets,8,1939,Новейшее время,2020.0,5.0
1625,HaT Carthaginian Veterans (8212),-217,-145,2013.0,39.0,32.0,HaT,72,-181,Древний мир,2010.0,13.0
1626,Valdemar Crusader Knight (VI007),1200,1250,2009.0,,1.0,Valdemar,50,1225,Средневековье,2000.0,17.0
1627,Valdemar Crusader Knight with Great Helm (VI008),1225,1300,2009.0,,1.0,Valdemar,75,1262,Средневековье,2000.0,17.0
1628,Strelets Ancient Germans (M035),50,200,2009.0,41.0,48.0,Strelets,150,125,Древний мир,2000.0,17.0
1629,Valdemar Crusader with Shield and Horse Pike (VI005),1225,1400,2009.0,50.0,1.0,Valdemar,175,1312,Средневековье,2000.0,17.0
1630,Valdemar Sergeant Sitting and Resting (VI004),1150,1380,2009.0,50.0,1.0,Valdemar,230,1265,Средневековье,2000.0,17.0
1631,Valdemar Croatian Light Cavalryman (VI003),1200,1240,2009.0,49.0,1.0,Valdemar,40,1220,Средневековье,2000.0,17.0
1632,Valdemar Welsh Crusader (VI002),1097,1300,2009.0,49.0,1.0,Valdemar,203,1198,Средневековье,2000.0,17.0
1633,Valdemar Executioner (VI001),1100,1500,2009.0,50.0,1.0,Valdemar,400,1300,Средневековье,2000.0,17.0
1634,Pobeda Russian Women Snipers (72331),1941,1945,,,,Pobeda,4,1943,Новейшее время,,
1635,BUM Tanqueta Blindada 8 ton. 1921 (5047),1921,1921,,,,BUM,0,1921,Новейшее время,,
1636,BUM Horch 830 Radio (5043),1936,1939,,,,BUM,3,1937,Новейшее время,,
1637,Pegasus WWII Russian Infantry (7498),1939,1945,2009.0,,40.0,Pegasus,6,1942,Новейшее время,2000.0,17.0
1638,BUM International Brigade Artillery (5042),1936,1939,,,10.0,BUM,3,1937,Новейшее время,,
1639,Orion Khazar Army (72030),600,1000,2009.0,42.0,24.0,Orion,400,800,Средневековье,2000.0,17.0
1640,Zvezda Zaporozhian Cossacks (8064),1550,1730,2009.0,45.0,27.0,Zvezda,180,1640,Новое время,2000.0,17.0
1641,Strelets Court and Army of Peter I (905),1696,1725,2009.0,45.0,108.0,Strelets,29,1710,Новое время,2000.0,17.0
1642,Strelets Russian Dragoons in Winter Dress (067),1808,1814,2011.0,42.0,12.0,Strelets,6,1811,Новое время,2010.0,15.0
1643,Strelets Dacians Before Battle (M040),50,105,2010.0,47.0,56.0,Strelets,55,77,Древний мир,2010.0,16.0
1644,Strelets Normans on the March (M039),900,1100,2009.0,41.0,48.0,Strelets,200,1000,Средневековье,2000.0,17.0
1645,Strelets Roman Infantry in Winter Dress (M038),50,150,2009.0,34.0,48.0,Strelets,100,100,Древний мир,2000.0,17.0
1646,Strelets Roman Velites (M037),-30,150,2009.0,37.0,48.0,Strelets,180,60,Древний мир,2000.0,17.0
1647,Strelets Scottish Schiltron (M036),1280,1320,2009.0,38.0,32.0,Strelets,40,1300,Средневековье,2000.0,17.0
1648,Strelets French Line Infantry (M041),1854,1855,2009.0,39.0,48.0,Strelets,1,1854,Новое время,2000.0,17.0
1649,Fujimi German Anti-tank 88mm Flak 18 (76026),1939,1945,1992.0,26.0,6.0,Fujimi,6,1942,Новейшее время,1990.0,34.0
1650,Italeri Union Infantry (6177),1861,1865,1991.0,,50.0,Italeri,4,1863,Новое время,1990.0,35.0
1651,HaT Indian Infantry IV BC (8154),-400,-300,,,,HaT,100,-350,Древний мир,,
1652,HaT Indian Chariot (8143),0,0,,,,HaT,0,0,Древний мир,,
1653,HaT Indian Elephant (8142),0,0,,,,HaT,0,0,Древний мир,,
1654,HaT Macedonian Elephant (8141),-330,-250,,,,HaT,80,-290,Древний мир,,
1655,HaT Gothic Army (8133),160,390,,,,HaT,230,275,Древний мир,,
1656,HaT Indian Cavalry (8131),0,0,,,,HaT,0,0,Древний мир,,
1657,HaT Theban Army (8129),-490,-320,,,,HaT,170,-405,Древний мир,,
1658,HaT WWI German Colonial Infantry (8123),1914,1918,,,,HaT,4,1916,Новейшее время,,
1659,HaT WWI Serbian Infantry (8122),1914,1918,,,,HaT,4,1916,Новейшее время,,
1661,Strelets Praetorians Ranks (M108),-40,150,2016.0,,40.0,Strelets,190,55,Древний мир,2010.0,10.0
1663,Strelets Lawrence of Arabia (115),1915,1918,2016.0,44.0,,Strelets,3,1916,Новейшее время,2010.0,10.0
1670,HaT Napoleonic Spanish Light Infantry (8300),1806,1809,2014.0,41.0,32.0,HaT,3,1807,Новое время,2010.0,12.0
1672,Waterloo 1815 French Line Infantry 1815 (056),1812,1815,2017.0,46.0,58.0,Waterloo 1815,3,1813,Новое время,2010.0,9.0
1673,Ykreol French Foreign Legion at Bir Hakeim 1942 (YK11),1942,1942,2010.0,37.0,48.0,Ykreol,0,1942,Новейшее время,2010.0,16.0
1674,Pobeda Finnish Artillery (72301),1940,1940,2010.0,,5.0,Pobeda,0,1940,Новейшее время,2010.0,16.0
1675,Pobeda Russian Army (72310),1939,1940,2010.0,37.0,24.0,Pobeda,1,1939,Новейшее время,2010.0,16.0
1676,Pobeda Russian Artillery (72311),1940,1941,2010.0,,8.0,Pobeda,1,1940,Новейшее время,2010.0,16.0
1678,Preiser Christopher Columbus in America 1492 (16341),1490,1500,1992.0,46.0,35.0,Preiser,10,1495,Средневековье,1990.0,34.0
1679,Preiser Modern German Infantry (16506),1970,1990,1974.0,46.0,52.0,Preiser,20,1980,Современность,1970.0,52.0
1680,Preiser Modern German Sentries and Tank Crew (16510),1980,1995,,,20.0,Preiser,15,1987,Современность,,
1681,Preiser German Horse-Drawn Supply Wagon (16512),1939,1945,,49.0,5.0,Preiser,6,1942,Новейшее время,,
1682,Preiser German Field Howitzer (16514),1939,1945,,50.0,8.0,Preiser,6,1942,Новейшее время,,
1683,Preiser German Tank Crew (16515),1939,1945,1998.0,,20.0,Preiser,6,1942,Новейшее время,1990.0,28.0
1684,Strelets Red Army Winter War (M063),1939,1941,2011.0,42.0,48.0,Strelets,2,1940,Новейшее время,2010.0,15.0
1685,"Preiser General, Runner and Radio Operators (16536)",1939,1945,,49.0,4.0,Preiser,6,1942,Новейшее время,,
1686,Preiser German Howitzer Gun Crew (16537),1939,1945,,,7.0,Preiser,6,1942,Новейшее время,,
1687,Preiser German PaK Gun Crew (16539),1939,1945,2002.0,,5.0,Preiser,6,1942,Новейшее время,2000.0,24.0
1688,Preiser German Trench Mortar Crew (16540),1939,1945,,48.0,5.0,Preiser,6,1942,Новейшее время,,
1689,Preiser German Fighting Mortar Crew (16541),1939,1945,,,5.0,Preiser,6,1942,Новейшее время,,
1690,Preiser Soviet Tank Crew 1942 (16546),1941,1945,,,10.0,Preiser,4,1943,Новейшее время,,
1691,Preiser Horse and Hand-Drawn Infantry Carts (16547),1939,1945,,48.0,4.0,Preiser,6,1942,Новейшее время,,
1692,Preiser Modern US Tank Crew (16548),1990,2010,,,,Preiser,20,2000,Современность,,
1693,Ykreol The French Revolution 1789: The Years of Terror (YK14),1789,1793,2004.0,,10.0,Ykreol,4,1791,Новое время,2000.0,22.0
1694,Preiser Modern German Army Band (16550),1990,2010,,,59.0,Preiser,20,2000,Современность,,
1695,Preiser Refugees (16558),1936,1945,,,7.0,Preiser,9,1940,Новейшее время,,
1696,Mars Polish Infantry Mercenaries (Haiduks) (72033),1610,1640,2009.0,39.0,48.0,Mars,30,1625,Новое время,2000.0,17.0
1697,Preiser German Mortar and Crew (72517),1939,1945,,49.0,5.0,Preiser,6,1942,Новейшее время,,
1698,Preiser German PaK40 Crew (72518),1942,1945,2002.0,50.0,5.0,Preiser,3,1943,Новейшее время,2000.0,24.0
1699,"Preiser Soviet Tank Crewmen, 1942 (72526)",1942,1942,,50.0,10.0,Preiser,0,1942,Новейшее время,,
1700,"Preiser Civil Airline Personnel, Travellers & Ground Crews (72528)",2005,2010,,48.0,18.0,Preiser,5,2007,Современность,,
1701,"Preiser Military Police, Vienna 1945 (72529)",1945,1945,,41.0,5.0,Preiser,0,1945,Новейшее время,,
1702,Preiser Tank Crew US Army 2000 (72530),1990,2005,,47.0,8.0,Preiser,15,1997,Современность,,
1703,Preiser Refugees (72531),1939,1945,,42.0,7.0,Preiser,6,1942,Новейшее время,,
1704,Preiser German Military Police (72532),1939,1945,,46.0,6.0,Preiser,6,1942,Новейшее время,,
1705,Preiser German Riflemen Lined Up (72533),1939,1945,,49.0,36.0,Preiser,6,1942,Новейшее время,,
1706,Preiser German Troops Lined Up with Mortar (72536),1939,1945,,50.0,8.0,Preiser,6,1942,Новейшее время,,
1707,RedBox Stradioti Set 2 (72075),1495,1580,2015.0,39.0,12.0,RedBox,85,1537,Средневековье,2010.0,11.0
1708,RedBox Jinetes Set 1 (72076),1501,1599,2015.0,41.0,12.0,RedBox,98,1550,Средневековье,2010.0,11.0
1709,Revell Pilots and Ground Crew: German Airforce WWII (02400),1936,1945,2009.0,,30.0,Revell,9,1940,Новейшее время,2000.0,17.0
1710,Revell Pilots and Ground Crew: Royal Air Force (02401),1939,1945,2010.0,45.0,25.0,Revell,6,1942,Новейшее время,2010.0,16.0
1711,HaT El Cid Andalusian Light Cavalry (8214),1050,1200,2012.0,42.0,12.0,HaT,150,1125,Средневековье,2010.0,14.0
1712,Ykreol Project R.F.Z. (Set 1) (YK05),1944,1945,2009.0,,42.0,Ykreol,1,1944,Новейшее время,2000.0,17.0
1713,Zvezda Russian Noble Cavalry (8065),1400,1699,2009.0,46.0,19.0,Zvezda,299,1549,Средневековье,2000.0,17.0
1714,Zvezda Swedish Artillery of Charles XII (8066),1700,1710,2010.0,50.0,36.0,Zvezda,10,1705,Новое время,2010.0,16.0
1715,Zvezda Cataphracts (8067),-200,300,2009.0,48.0,20.0,Zvezda,500,50,Древний мир,2000.0,17.0
1716,"Zvezda Prussian Grenadiers of Frederick II ""the Great"" (8071)",1740,1780,2009.0,43.0,41.0,Zvezda,40,1760,Новое время,2000.0,17.0
1717,Zvezda Lifeguard Polish Uhlans (8075),1809,1815,2009.0,47.0,18.0,Zvezda,6,1812,Новое время,2000.0,17.0
1718,Zvezda Soviet Infantry Platoon (8077),1941,1945,2012.0,49.0,38.0,Zvezda,4,1943,Новейшее время,2010.0,14.0
1719,Zvezda German Infantry Platoon (8078),1942,1944,2013.0,48.0,35.0,Zvezda,2,1943,Новейшее время,2010.0,13.0
1720,Strelets British Grenadiers in Winter Dress (M029),1854,1855,2009.0,33.0,48.0,Strelets,1,1854,Новое время,2000.0,17.0
1721,Strelets British Light Infantry (M030),1854,1856,2009.0,44.0,48.0,Strelets,2,1855,Новое время,2000.0,17.0
1722,Strelets RKKA Infantry 1939-41 (M031),1939,1941,2009.0,41.0,48.0,Strelets,2,1940,Новейшее время,2000.0,17.0
1723,Strelets British Grenadiers in Summer Dress (M032),1854,1855,2009.0,35.0,48.0,Strelets,1,1854,Новое время,2000.0,17.0
1724,Strelets Roman Auxiliaries Before Battle (M033),50,150,2009.0,43.0,48.0,Strelets,100,100,Древний мир,2000.0,17.0
1725,Strelets Roman Auxiliaries Advancing (M034),50,150,2009.0,41.0,48.0,Strelets,100,100,Древний мир,2000.0,17.0
1726,Strelets From Narva to Poltava (904),1700,1709,2009.0,43.0,86.0,Strelets,9,1704,Новое время,2000.0,17.0
1727,Pegasus California Gold Miners (7050),1849,1860,2009.0,47.0,28.0,Pegasus,11,1854,Новое время,2000.0,17.0
1728,Pegasus Farm Animals (7052),1600,2024,2009.0,,,Pegasus,424,1812,Новое время,2000.0,17.0
1729,Italeri Confederate Infantry (6178),1861,1865,2000.0,,32.0,Italeri,4,1863,Новое время,2000.0,26.0
1730,Italeri Anti Tank Teams (6131),1939,1945,2009.0,36.0,32.0,Italeri,6,1942,Новейшее время,2000.0,17.0
1731,Strelets French Army Sledge Train 2 (134),1812,1813,2015.0,34.0,9.0,Strelets,1,1812,Новое время,2010.0,11.0
1732,Italeri US Infantry (Winter Uniform) (6133),1941,1945,2010.0,45.0,36.0,Italeri,4,1943,Новейшее время,2010.0,16.0
1733,Italeri German Paratroops (Tropical Uniform) (6134),1939,1945,2010.0,45.0,48.0,Italeri,6,1942,Новейшее время,2010.0,16.0
1734,Italeri French Imperial Guard Artillery (6135),1804,1815,,,,Italeri,11,1809,Новое время,,
1735,Italeri Scots Infantry (6136),1800,1815,2010.0,46.0,36.0,Italeri,15,1807,Новое время,2010.0,16.0
1736,Italeri Late Imperial Legion (6137),300,500,2010.0,45.0,36.0,Italeri,200,400,Древний мир,2010.0,16.0
1737,Italeri Gothic Cavalry (6138),300,500,2010.0,41.0,15.0,Italeri,200,400,Древний мир,2010.0,16.0
1738,HaT Austrian Ammunition Wagon (8225),1806,1814,2009.0,46.0,,HaT,8,1810,Новое время,2000.0,17.0
1739,HaT Austrian Cavalry Artillery (8226),1806,1814,2009.0,45.0,6.0,HaT,8,1810,Новое время,2000.0,17.0
1740,HaT 1805 French Artillery (8229),1805,1805,2010.0,43.0,16.0,HaT,0,1805,Новое время,2010.0,16.0
1741,HaT 1806 Prussian Artillery (8230),1798,1806,2010.0,43.0,16.0,HaT,8,1802,Новое время,2010.0,16.0
1742,HaT Württemberg Artillery (8232),1810,1813,2010.0,44.0,16.0,HaT,3,1811,Новое время,2010.0,16.0
1743,HaT WWI British Heavy Weapons (8177),1916,1918,2009.0,44.0,32.0,HaT,2,1917,Новейшее время,2000.0,17.0
1744,HaT WWI ANZAC Heavy Weapons (8190),1914,1916,2009.0,45.0,32.0,HaT,2,1915,Новейшее время,2000.0,17.0
1745,HaT British Mortars (8227),1939,1945,2009.0,47.0,32.0,HaT,6,1942,Новейшее время,2000.0,17.0
1746,HaT WW2 British Machine Guns (8228),1939,1945,2009.0,46.0,32.0,HaT,6,1942,Новейшее время,2000.0,17.0
1747,Emhar Portuguese Infantry and Cazadores (7217),1806,1812,2014.0,46.0,46.0,Emhar,6,1809,Новое время,2010.0,12.0
1748,HaT Zulu War British Infantry (8237),1879,1880,2012.0,43.0,48.0,HaT,1,1879,Новое время,2010.0,14.0
1749,RedBox Byzantine Light Cavalry Set 2 (72138),575,1400,2024.0,37.0,12.0,RedBox,825,987,Средневековье,2020.0,2.0
1750,RedBox Byzantine Clibanarii Set 2 (72152),600,1300,2024.0,41.0,12.0,RedBox,700,950,Средневековье,2020.0,2.0
1751,RedBox Byzantine Cataphracts Set 1 (72153),600,1400,2024.0,43.0,12.0,RedBox,800,1000,Средневековье,2020.0,2.0
1752,HaT Natal Native Contingent (8192),1878,1879,2013.0,38.0,32.0,HaT,1,1878,Новое время,2010.0,13.0
1753,HaT Austrian Landwehr (8233),1808,1815,2011.0,43.0,60.0,HaT,7,1811,Новое время,2010.0,15.0
1754,Strelets Spartacus Army Before Battle (M110),-75,-73,2018.0,45.0,52.0,Strelets,2,-74,Древний мир,2010.0,8.0
1755,Metch Roman Turtle and Wall (172015),30,150,,,,Metch,120,90,Древний мир,,
1757,Valdemar Cuman Cavalry (VA112),1000,1290,2009.0,46.0,7.0,Valdemar,290,1145,Средневековье,2000.0,17.0
1758,Metch Long Range Desert Patrol (172113),1940,1945,,,,Metch,5,1942,Новейшее время,,
1759,Metch Kiev 1943 (172114),1943,1943,,,,Metch,0,1943,Новейшее время,,
1760,Metch WW2 German Stug III F (172116),1940,1945,,,,Metch,5,1942,Новейшее время,,
1761,Metch Artillery Train Gran Capitan (172167),1400,1500,,,,Metch,100,1450,Средневековье,,
1762,Metch WW2 German SDK Command (172117),1938,1945,,,,Metch,7,1941,Новейшее время,,
1763,Metch Irak Insurgents (172201),2000,2015,,,,Metch,15,2007,Современность,,
1764,Pobeda KV-1 Russian Tank 76.2mm (72318),1939,1945,,,,Pobeda,6,1942,Новейшее время,,
1765,Pobeda KV-2 Russian Tank 152mm (72330),1939,1945,,,,Pobeda,6,1942,Новейшее время,,
1766,Pobeda WWI German Ambulance (72111),1914,1918,,,,Pobeda,4,1916,Новейшее время,,
1767,Pobeda Scout US Car WWI (72112),1916,1918,,,,Pobeda,2,1917,Новейшее время,,
1768,Pobeda Jewish Revolt - Masada (72113),70,80,,,,Pobeda,10,75,Древний мир,,
1769,GerMan Ultramar Civil Guard (0009),1898,1925,,,,GerMan,27,1911,Новейшее время,,
1770,GerMan Siege of Barcelona Catalans (1000),1713,1714,2009.0,44.0,27.0,GerMan,1,1713,Новое время,2000.0,17.0
1771,GerMan Army of Philip V (1010),1704,1714,2009.0,41.0,27.0,GerMan,10,1709,Новое время,2000.0,17.0
1772,Ykreol The Nativity (YK07),1,1,,,,Ykreol,0,1,Древний мир,,
1773,GerMan Hungarian Hussars and Artillery (1003),1713,1714,2009.0,37.0,11.0,GerMan,1,1713,Новое время,2000.0,17.0
1774,GerMan Catalan Cavalry (1004),1713,1714,2009.0,40.0,11.0,GerMan,1,1713,Новое время,2000.0,17.0
1775,RedBox English Sailors in Battle 16-17th Century (72082),1501,1599,2015.0,35.0,32.0,RedBox,98,1550,Средневековье,2010.0,11.0
1776,GerMan Battle of Almenar British Army (1020),1710,1710,2009.0,32.0,16.0,GerMan,0,1710,Новое время,2000.0,17.0
1777,GerMan Battle of Talamanca Catalan Army (1022),1714,1714,2010.0,43.0,22.0,GerMan,0,1714,Новое время,2010.0,16.0
1778,Strelets IJA Infantry in Defence (M115),1938,1945,2021.0,44.0,52.0,Strelets,7,1941,Новейшее время,2020.0,5.0
1779,GerMan Bourbon Artillery and Staff (1011),1714,1714,2009.0,38.0,5.0,GerMan,0,1714,Новое время,2000.0,17.0
1780,GerMan Cavalry of Phillip V Dragoons of Marimon (1012),1702,1714,2009.0,37.0,11.0,GerMan,12,1708,Новое время,2000.0,17.0
1781,RedBox English Sailors Artillery 16-17th Century (72083),1501,1599,2015.0,37.0,20.0,RedBox,98,1550,Средневековье,2010.0,11.0
1782,GerMan Castell de Montjuic (1023),1710,1710,2010.0,,8.0,GerMan,0,1710,Новое время,2010.0,16.0
1783,Zvezda German Airforce Ground Crew (6188),1939,1945,2015.0,,5.0,Zvezda,6,1942,Новейшее время,2010.0,11.0
1784,HaT Schutztruppe (8270),1908,1918,2014.0,36.0,44.0,HaT,10,1913,Новейшее время,2010.0,12.0
1785,HaT Askari (8268),1914,1918,2014.0,39.0,48.0,HaT,4,1916,Новейшее время,2010.0,12.0
1786,HaT Ruga-Ruga (8269),1880,1918,2014.0,40.0,48.0,HaT,38,1899,Новое время,2010.0,12.0
1787,Ultima Ratio Carthaginian Army: Hannibal's Veterans (UR019),-217,-200,2023.0,42.0,24.0,Ultima Ratio,17,-209,Древний мир,2020.0,3.0
1788,Waterloo 1815 Prussian Hussars of Frederick the Great (052),1750,1765,1993.0,,17.0,Waterloo 1815,15,1757,Новое время,1990.0,33.0
1789,Valdemar Catapult with Crew (VA123),1100,1300,2009.0,49.0,4.0,Valdemar,200,1200,Средневековье,2000.0,17.0
1790,"LW Swiss Infantry, Burgundian Wars (2005)",1470,1490,2005.0,,14.0,LW,20,1480,Средневековье,2000.0,21.0
1791,Valdemar Pilgrims (VA124),1000,1300,2009.0,50.0,3.0,Valdemar,300,1150,Средневековье,2000.0,17.0
1792,Valdemar Musicians (VA125),1200,1400,2009.0,50.0,7.0,Valdemar,200,1300,Средневековье,2000.0,17.0
1793,Strelets The Last Assault on Sevastopol (906),1855,1855,2010.0,44.0,190.0,Strelets,0,1855,Новое время,2010.0,16.0
1794,Strelets Roman Extra Heavy Infantry (M042),100,100,2009.0,38.0,48.0,Strelets,0,100,Древний мир,2000.0,17.0
1795,Strelets Norman Army Before Battle (M043),1000,1100,2009.0,41.0,56.0,Strelets,100,1050,Средневековье,2000.0,17.0
1796,Strelets Red Army in Winter Dress (M044),1918,1923,2009.0,44.0,48.0,Strelets,5,1920,Новейшее время,2000.0,17.0
1797,Strelets Red Army in Summer Dress (M045),1918,1923,2009.0,45.0,48.0,Strelets,5,1920,Новейшее время,2000.0,17.0
1798,Strelets Russian Army in Winter Dress (M046),1877,1878,2010.0,41.0,48.0,Strelets,1,1877,Новое время,2010.0,16.0
1799,Strelets Russian Army in Summer Dress (M047),1877,1878,2010.0,40.0,56.0,Strelets,1,1877,Новое время,2010.0,16.0
1800,Strelets Medieval Russian Militia (M048),1000,1250,2009.0,37.0,48.0,Strelets,250,1125,Средневековье,2000.0,17.0
1801,Strelets Praetorian Cohort (M049),25,190,2010.0,41.0,56.0,Strelets,165,107,Древний мир,2010.0,16.0
1802,Strelets Anglo-Saxons Before Battle (M050),900,1066,2010.0,49.0,56.0,Strelets,166,983,Средневековье,2010.0,16.0
1803,Ykreol French Line Infantry 1815 (YK01),1815,1815,2008.0,,42.0,Ykreol,0,1815,Новое время,2000.0,18.0
1804,Ykreol French Empire Grenadiers (YK02),1804,1815,2006.0,,42.0,Ykreol,11,1809,Новое время,2000.0,20.0
1805,Ykreol Portuguese Infantry of the Empire (YK03),1808,1812,2005.0,,42.0,Ykreol,4,1810,Новое время,2000.0,21.0
1806,Ykreol British Line Infantry 1815 (YK04),1813,1815,2008.0,,42.0,Ykreol,2,1814,Новое время,2000.0,18.0
1807,Caesar WWII German Paratroopers (H068),1939,1945,2009.0,46.0,40.0,Caesar,6,1942,Новейшее время,2000.0,17.0
1808,HaT French Light Infantry Chasseurs (Action) (8251),1808,1812,2010.0,45.0,32.0,HaT,4,1810,Новое время,2010.0,16.0
1809,HaT French Light Infantry Chasseurs (Command) (8252),1806,1812,2010.0,49.0,32.0,HaT,6,1809,Новое время,2010.0,16.0
1810,HaT Taaishi Camelry (8250),1850,1899,2010.0,47.0,15.0,HaT,49,1874,Новое время,2010.0,16.0
1811,HaT WWI Italian Artillery Crew (8259),1915,1918,2011.0,45.0,32.0,HaT,3,1916,Новейшее время,2010.0,15.0
1812,Italeri German Infantry (Winter Uniform) (6151),1942,1945,2014.0,43.0,36.0,Italeri,3,1943,Новейшее время,2010.0,12.0
1813,HaT Napoleonic Spanish Grenadiers (8301),1806,1809,2014.0,39.0,32.0,HaT,3,1807,Новое время,2010.0,12.0
1814,HaT Prussian Landwehr Marching (8309),1813,1815,2018.0,46.0,56.0,HaT,2,1814,Новое время,2010.0,8.0
1815,First To Fight Polish Uhlans Dismounted (PL1939-066),1936,1939,2019.0,26.0,15.0,First To Fight,3,1937,Новейшее время,2010.0,7.0
1816,Orion Rus Foot Knights (Druzhina) (72031),1000,1300,2009.0,41.0,48.0,Orion,300,1150,Средневековье,2000.0,17.0
1817,Orion Kievan Rus Infantry (72032),1000,1400,2009.0,41.0,52.0,Orion,400,1200,Средневековье,2000.0,17.0
1818,Ykreol Project R.F.Z. (Set 2) (YK06),1945,1945,2009.0,,42.0,Ykreol,0,1945,Новейшее время,2000.0,17.0
1819,Mars Imperial Army (72032),1618,1648,2009.0,26.0,9.0,Mars,30,1633,Новое время,2000.0,17.0
1820,Zvezda Scythian Cavalry (8069),-600,-300,2009.0,47.0,18.0,Zvezda,300,-450,Древний мир,2000.0,17.0
1821,Mars Saxon Infantry (72035),1700,1721,2009.0,38.0,56.0,Mars,21,1710,Новое время,2000.0,17.0
1822,Strelets Dacian Heavy Infantry (M021(2)),50,150,2009.0,41.0,48.0,Strelets,100,100,Древний мир,2000.0,17.0
1823,Strelets Dacian Light Infantry (M022(2)),100,100,2009.0,43.0,48.0,Strelets,0,100,Древний мир,2000.0,17.0
1824,Strelets WWII New Zealand Troops (M111),1940,1945,2016.0,37.0,52.0,Strelets,5,1942,Новейшее время,2010.0,10.0
1825,Strelets WWII US Navy with Anti-Aircraft Machine-Gun (M112),1936,1942,2016.0,39.0,40.0,Strelets,6,1939,Новейшее время,2010.0,10.0
1826,Airfix WWII British Infantry (01763),1944,1945,2011.0,38.0,48.0,Airfix,1,1944,Новейшее время,2010.0,15.0
1827,Caesar WWII German Army with Field Greatcoat (H069),1939,1945,2009.0,40.0,35.0,Caesar,6,1942,Новейшее время,2000.0,17.0
1828,Mars Scots Mercenaries (72034),1618,1648,2009.0,36.0,48.0,Mars,30,1633,Новое время,2000.0,17.0
1829,HaT El Cid Andalusian Heavy Cavalry (8215),1100,1100,2012.0,42.0,12.0,HaT,0,1100,Средневековье,2010.0,14.0
1830,HaT El Cid Almoravid Light Cavalry (8246),1000,1090,2012.0,42.0,12.0,HaT,90,1045,Средневековье,2010.0,14.0
1831,HaT El Cid Almoravid Heavy Cavalry (8247),1000,1100,2012.0,43.0,12.0,HaT,100,1050,Средневековье,2010.0,14.0
1832,HaT El Cid Spanish Command (8248),1000,1100,2012.0,48.0,15.0,HaT,100,1050,Средневековье,2010.0,14.0
1833,HaT El Cid Moorish Command (8249),1000,1100,2012.0,48.0,18.0,HaT,100,1050,Средневековье,2010.0,14.0
1834,HaT WW2 German Tank Riders (8262),1935,1945,2011.0,45.0,44.0,HaT,10,1940,Новейшее время,2010.0,15.0
1835,HaT WW2 Russian Tank Riders (8263),1940,1944,2011.0,45.0,44.0,HaT,4,1942,Новейшее время,2010.0,15.0
1836,HaT WW2 British Tank Riders (8264),1939,1945,2011.0,46.0,44.0,HaT,6,1942,Новейшее время,2010.0,15.0
1837,HaT WW2 American Tank Riders (8265),1941,1945,2011.0,47.0,44.0,HaT,4,1943,Новейшее время,2010.0,15.0
1838,HaT WWI German Field Wagon (8260),1914,1918,2012.0,,6.0,HaT,4,1916,Новейшее время,2010.0,14.0
1840,Valdemar Medieval Highwaymen (VA129),1300,1500,2010.0,50.0,5.0,Valdemar,200,1400,Средневековье,2010.0,16.0
1841,HaT Napoleonic British Light Dragoons (8307),1800,1814,2020.0,39.0,12.0,HaT,14,1807,Новое время,2020.0,6.0
1842,Strelets French Army Sledge Train 1 (133),1812,1813,2015.0,35.0,9.0,Strelets,1,1812,Новое время,2010.0,11.0
1843,Strelets Roman Transport 3 (131),-100,200,2015.0,,14.0,Strelets,300,50,Древний мир,2010.0,11.0
1844,Plastic Soldier British 6-pdr Anti-Tank Gun and Loyd Carrier Tow (WW2G20004),1941,1945,2014.0,46.0,20.0,Plastic Soldier,4,1943,Новейшее время,2010.0,12.0
1845,Waterloo 1815 US 7th Cavalry (050),1866,1875,2011.0,43.0,14.0,Waterloo 1815,9,1870,Новое время,2010.0,15.0
1846,Waterloo 1815 Apache Warriors (051),1870,1870,2012.0,42.0,12.0,Waterloo 1815,0,1870,Новое время,2010.0,14.0
1847,Strelets Roman Transport 4 (132),-100,300,2015.0,40.0,13.0,Strelets,400,100,Древний мир,2010.0,11.0
1848,Zvezda Spartans (8068),-520,-475,2011.0,47.0,41.0,Zvezda,45,-498,Древний мир,2010.0,15.0
1850,Zvezda Dragoons of Peter I (8072),1701,1721,2010.0,47.0,19.0,Zvezda,20,1711,Новое время,2010.0,16.0
1851,Zvezda Mongols - Golden Horde (8076),1240,1400,2011.0,47.0,19.0,Zvezda,160,1320,Средневековье,2010.0,15.0
1852,Zvezda Black Hussars of Frederick the Great (8079),1741,1780,2010.0,47.0,19.0,Zvezda,39,1760,Новое время,2010.0,16.0
1853,Zvezda Russian Infantry of World War I (8082),1914,1916,2010.0,47.0,40.0,Zvezda,2,1915,Новейшее время,2010.0,16.0
1854,Zvezda German Infantry of World War I (8083),1914,1916,2010.0,46.0,41.0,Zvezda,2,1915,Новейшее время,2010.0,16.0
1855,Plastic Soldier Russian Infantry in Summer Uniform (WW2020001),1941,1945,2010.0,49.0,57.0,Plastic Soldier,4,1943,Новейшее время,2010.0,16.0
1856,Plastic Soldier Late War German Infantry 1943-45 (WW2020003),1943,1945,2010.0,47.0,54.0,Plastic Soldier,2,1944,Новейшее время,2010.0,16.0
1857,Plastic Soldier Late War British Infantry 1944-45 (WW2020002),1944,1945,2011.0,45.0,66.0,Plastic Soldier,1,1944,Новейшее время,2010.0,15.0
1858,Plastic Soldier Russian Infantry Heavy Weapons (WW2020004),1941,1945,2011.0,48.0,39.0,Plastic Soldier,4,1943,Новейшее время,2010.0,15.0
1859,Plastic Soldier Late War German Infantry Heavy Weapons (WW2020005),1943,1945,2012.0,45.0,45.0,Plastic Soldier,2,1944,Новейшее время,2010.0,14.0
1860,"RedBox European Light Cavalry, 16th Century Set 1 (72084)",1501,1599,2015.0,41.0,12.0,RedBox,98,1550,Средневековье,2010.0,11.0
1861,RedBox Policemen and Citizens (72037),1920,1935,2010.0,35.0,48.0,RedBox,15,1927,Новейшее время,2010.0,16.0
1862,Strelets Praetorians' Ceremonial March (M109),40,130,2016.0,,40.0,Strelets,90,85,Древний мир,2010.0,10.0
1863,Valdemar Medieval Guards Resting (VA126),1150,1300,2010.0,50.0,7.0,Valdemar,150,1225,Средневековье,2010.0,16.0
1864,Valdemar Medieval Guards on Duty (VA127),1150,1290,2010.0,50.0,6.0,Valdemar,140,1220,Средневековье,2010.0,16.0
1865,Ykreol Roman Nobleman's Chariot (YK08),100,100,2005.0,,1.0,Ykreol,0,100,Древний мир,2000.0,21.0
1866,Ykreol Samnite Infantry (YK09),-350,-350,2004.0,,42.0,Ykreol,0,-350,Древний мир,2000.0,22.0
1867,Ykreol Spanish Infantry 1808 (YK10),1808,1808,2005.0,,42.0,Ykreol,0,1808,Новое время,2000.0,21.0
1868,HaT WWI British QF 4.5 Inch Howitzer (8243),1914,1918,2011.0,,,HaT,4,1916,Новейшее время,2010.0,15.0
1869,HaT 10cm Feldhaubitze M.14 (8245),1914,1918,2011.0,,,HaT,4,1916,Новейшее время,2010.0,15.0
1870,HaT Prussian Infantry Marching (8253),1810,1815,2011.0,50.0,40.0,HaT,5,1812,Новое время,2010.0,15.0
1871,HaT Prussian Infantry Action (8254),1810,1815,2011.0,46.0,40.0,HaT,5,1812,Новое время,2010.0,15.0
1872,HaT Prussian Infantry Command (8255),1810,1815,2011.0,49.0,36.0,HaT,5,1812,Новое время,2010.0,15.0
1873,HaT WWI British Artillery Crew (8256),1916,1918,2011.0,47.0,32.0,HaT,2,1917,Новейшее время,2010.0,15.0
1874,HaT WWI Russian Artillery Crew (8257),1914,1918,2011.0,46.0,32.0,HaT,4,1916,Новейшее время,2010.0,15.0
1875,HaT WWI Austrian Artillery Crew (8258),1914,1918,2011.0,44.0,32.0,HaT,4,1916,Новейшее время,2010.0,15.0
1876,Strelets Russian Dragoons (107),1877,1877,2010.0,,12.0,Strelets,0,1877,Новое время,2010.0,16.0
1877,Strelets Russian Hussars (108),1877,1877,2010.0,,12.0,Strelets,0,1877,Новое время,2010.0,16.0
1878,Strelets Bashi-Bazouks (109),1850,1890,2010.0,43.0,12.0,Strelets,40,1870,Новое время,2010.0,16.0
1879,Strelets Turkish Regular Cavalry (110),1877,1877,2012.0,43.0,12.0,Strelets,0,1877,Новое время,2010.0,14.0
1880,Strelets Turkish Artillery (111),1877,1878,2011.0,,,Strelets,1,1877,Новое время,2010.0,15.0
1881,Strelets Russian Field Artillery (Summer Uniform) (112),1877,1878,2011.0,40.0,14.0,Strelets,1,1877,Новое время,2010.0,15.0
1882,Strelets Turkish Army (M052),1853,1855,2016.0,,48.0,Strelets,2,1854,Новое время,2010.0,10.0
1883,Strelets Sardinians (M053),1855,1856,2011.0,39.0,48.0,Strelets,1,1855,Новое время,2010.0,15.0
1884,Strelets British Cavalry (Late War) (114),1916,1918,2011.0,40.0,12.0,Strelets,2,1917,Новейшее время,2010.0,15.0
1885,Valdemar Medieval Inquisition (VA130),1150,1500,2010.0,50.0,10.0,Valdemar,350,1325,Средневековье,2010.0,16.0
1886,Caesar WWII German Afrika Korps (H070),1941,1943,2010.0,47.0,35.0,Caesar,2,1942,Новейшее время,2010.0,16.0
1887,Caesar WWII US Infantry Set 2 (H071),1944,1945,2010.0,46.0,36.0,Caesar,1,1944,Новейшее время,2010.0,16.0
1888,Caesar WWII Italian Infantry (H072),1940,1943,2010.0,44.0,31.0,Caesar,3,1941,Новейшее время,2010.0,16.0
1889,Caesar WWII British Commandos (H073),1940,1945,2010.0,46.0,27.0,Caesar,5,1942,Новейшее время,2010.0,16.0
1890,Orion Cumans (Polovets) and Pechenegs (72034),800,1250,2010.0,43.0,12.0,Orion,450,1025,Средневековье,2010.0,16.0
1891,Orion Iberian Infantry (72035),-500,-130,2010.0,33.0,48.0,Orion,370,-315,Древний мир,2010.0,16.0
1892,Orion Rus Mounted Knights (72033),1000,1299,2010.0,42.0,12.0,Orion,299,1149,Средневековье,2010.0,16.0
1893,Orion Soviet Tankmen and Crew (Summer Dress) (72036),1943,1945,2010.0,45.0,39.0,Orion,2,1944,Новейшее время,2010.0,16.0
1894,Metch Lord Lovat's Commandos (172144),1944,1944,2010.0,36.0,23.0,Metch,0,1944,Новейшее время,2010.0,16.0
1895,GerMan Armed Civilians and Porch (1002),1714,1714,2010.0,,8.0,GerMan,0,1714,Новое время,2010.0,16.0
1896,Mars Swedish Heavy Cavalry (72036),1618,1648,2010.0,33.0,12.0,Mars,30,1633,Новое время,2010.0,16.0
1897,Mars Imperial Mounted Arquebusiers (72037),1618,1648,2010.0,34.0,12.0,Mars,30,1633,Новое время,2010.0,16.0
1898,Mars Imperial Siege Artillery (72038),1618,1648,2010.0,39.0,18.0,Mars,30,1633,Новое время,2010.0,16.0
1899,Mars French Infantry and Guard (72039),1635,1648,2010.0,34.0,48.0,Mars,13,1641,Новое время,2010.0,16.0
1900,BUM Schneider Gun (5035),1936,1939,2010.0,,5.0,BUM,3,1937,Новейшее время,2010.0,16.0
1901,LW French Musketeers (2027),1600,1660,2010.0,38.0,42.0,LW,60,1630,Новое время,2010.0,16.0
1902,Valdemar Medieval Repentance (VA131),1120,1500,2010.0,50.0,6.0,Valdemar,380,1310,Средневековье,2010.0,16.0
1903,Valdemar Medieval Organ and Crew (VA132),900,1500,2010.0,49.0,3.0,Valdemar,600,1200,Средневековье,2010.0,16.0
1904,HaT WWI Belgian Carabinier Bicyclists (8275),1914,1915,2014.0,44.0,12.0,HaT,1,1914,Новейшее время,2010.0,12.0
1905,HaT Sassanid Light Infantry (8267),224,651,2013.0,43.0,32.0,HaT,427,437,Древний мир,2010.0,13.0
1906,HaT WW2 Japanese Bicycle Infantry (8278),1937,1945,2014.0,46.0,12.0,HaT,8,1941,Новейшее время,2010.0,12.0
1907,Strelets Russian Mountain Artillery (Winter Uniform) (113),1877,1878,2011.0,44.0,14.0,Strelets,1,1877,Новое время,2010.0,15.0
1908,Strelets German Stormtroops (M055),1916,1918,2011.0,37.0,56.0,Strelets,2,1917,Новейшее время,2010.0,15.0
1909,Strelets British Infantry in Gasmasks (M056),1916,1918,2011.0,35.0,48.0,Strelets,2,1917,Новейшее время,2010.0,15.0
1910,Strelets French Infantry in Gas Masks (M057),1916,1918,2011.0,40.0,48.0,Strelets,2,1917,Новейшее время,2010.0,15.0
1911,Strelets Russian Infantry in Gas Masks (M058),1916,1918,2011.0,38.0,48.0,Strelets,2,1917,Новейшее время,2010.0,15.0
1912,Strelets Austro-Hungarian Infantry in Gas Masks (M059),1916,1918,2011.0,39.0,48.0,Strelets,2,1917,Новейшее время,2010.0,15.0
1913,Strelets German Infantry in Gas Masks (M060),1916,1918,2011.0,38.0,48.0,Strelets,2,1917,Новейшее время,2010.0,15.0
1914,Valdemar Medieval Hunting Party (VA111),1100,1450,2010.0,50.0,12.0,Valdemar,350,1275,Средневековье,2010.0,16.0
1915,Valdemar Medieval Smithy (VA133),1000,1400,2010.0,46.0,9.0,Valdemar,400,1200,Средневековье,2010.0,16.0
1916,Waterloo 1815 Italian Cavalry (001),1940,1945,2010.0,43.0,10.0,Waterloo 1815,5,1942,Новейшее время,2010.0,16.0
1917,"Strelets Turkish Infantry, Winter Uniform (M066)",1877,1878,2011.0,35.0,48.0,Strelets,1,1877,Новое время,2010.0,15.0
1918,Orion Soviet Quad Maxim AA MG and Crew (72037),1941,1945,2010.0,45.0,15.0,Orion,4,1943,Новейшее время,2010.0,16.0
1919,Orion Soviet DShK AA MG and Crew (72038),1941,1945,2010.0,43.0,15.0,Orion,4,1943,Новейшее время,2010.0,16.0
1920,Orion Hussite War Wagon and Command (72039),1412,1436,2011.0,39.0,6.0,Orion,24,1424,Средневековье,2010.0,15.0
1921,RedBox Hussite Artillery (72038),1419,1436,2010.0,39.0,15.0,RedBox,17,1427,Средневековье,2010.0,16.0
1922,RedBox Hussite Infantry (72039),1419,1440,2011.0,39.0,36.0,RedBox,21,1429,Средневековье,2010.0,15.0
1923,Strelets British Siege Artillery (062),1854,1855,2011.0,39.0,14.0,Strelets,1,1854,Новое время,2010.0,15.0
1924,Strelets French Field Artillery (065),1854,1855,2011.0,46.0,14.0,Strelets,1,1854,Новое время,2010.0,15.0
1925,Metch Bunker Command and German Generals (172124),1940,1945,,,,Metch,5,1942,Новейшее время,,
1926,Strelets Roman Transport (2) (117),-50,200,2011.0,43.0,13.0,Strelets,250,75,Древний мир,2010.0,15.0
1927,Strelets Romanian Infantry (M061),1941,1945,2011.0,39.0,48.0,Strelets,4,1943,Новейшее время,2010.0,15.0
1928,Strelets Finnish Army 1939-42 (M062),1939,1942,2011.0,43.0,48.0,Strelets,3,1940,Новейшее время,2010.0,15.0
1929,"Ykreol Division ""Handschar"" - Yugoslavia 1943 (YK12)",1941,1945,2006.0,,39.0,Ykreol,4,1943,Новейшее время,2000.0,20.0
1930,Zvezda German Infantry 1939-42 (6105),1939,1942,2010.0,,10.0,Zvezda,3,1940,Новейшее время,2010.0,16.0
1931,Zvezda German Machinegun MG-34 with Crew (6106),1939,1942,2010.0,,4.0,Zvezda,3,1940,Новейшее время,2010.0,16.0
1932,Zvezda Soviet Infantry 1941-43 (6103),1941,1943,2010.0,,10.0,Zvezda,2,1942,Новейшее время,2010.0,16.0
1933,Zvezda Soviet Maxim Machinegun With Crew (6104),1941,1945,2010.0,,4.0,Zvezda,4,1943,Новейшее время,2010.0,16.0
1934,"Metch Arnhem, Too Far (172145)",1944,1944,2010.0,44.0,25.0,Metch,0,1944,Новейшее время,2010.0,16.0
1935,Strelets British Regiment of Horse (Late War) (255),1707,1714,2021.0,47.0,12.0,Strelets,7,1710,Новое время,2020.0,5.0
1936,HaT Putilov 76mm M1902 Gun (8173),1902,1940,2011.0,,,HaT,38,1921,Новейшее время,2010.0,15.0
1937,HaT WWI British Cavalry (8272),1914,1916,2013.0,46.0,15.0,HaT,2,1915,Новейшее время,2010.0,13.0
1938,HaT WWI French Cavalry (8273),1915,1918,2013.0,46.0,15.0,HaT,3,1916,Новейшее время,2010.0,13.0
1939,HaT WWI Turkish Cavalry (8274),1914,1918,2013.0,46.0,15.0,HaT,4,1916,Новейшее время,2010.0,13.0
1940,Waterloo 1815 American 75mm Mountain Gun (038),1941,1945,2011.0,48.0,12.0,Waterloo 1815,4,1943,Новейшее время,2010.0,15.0
1941,Preiser Modern US Army Seated Drivers & Soldiers (16564),1990,2003,,48.0,14.0,Preiser,13,1996,Современность,,
1942,Preiser Modern US Army Tank Crew (16567),1990,2010,,,,Preiser,20,2000,Современность,,
1943,Preiser Soviet Marine Light Infantry (16569),1941,1945,,44.0,11.0,Preiser,4,1943,Новейшее время,,
1944,Preiser German Field Wagon (16570),1935,1945,,,4.0,Preiser,10,1940,Новейшее время,,
1945,Preiser German Zundapp Motorcycles and Riders At Attention (16571),1939,1945,,49.0,6.0,Preiser,6,1942,Новейшее время,,
1946,First To Fight German Command (PL1939-018),1939,1940,2014.0,39.0,21.0,First To Fight,1,1939,Новейшее время,2010.0,12.0
1947,Preiser German Riflemen Lined Up (16573),1939,1945,,,36.0,Preiser,6,1942,Новейшее время,,
1948,Preiser German Zundapp Motorcycles with Riders (16575),1939,1945,2016.0,,5.0,Preiser,6,1942,Новейшее время,2010.0,10.0
1949,Preiser German Small Arms Ammunition Carts (16576),1939,1945,,49.0,4.0,Preiser,6,1942,Новейшее время,,
1950,Preiser Russian Prisoners of War (16577),1941,1945,,48.0,22.0,Preiser,4,1943,Новейшее время,,
1951,Preiser German Prisoners of War (16578),1941,1945,,49.0,20.0,Preiser,4,1943,Новейшее время,,
1952,Preiser Zundapp Motorcycles with Crews Pushing (16580),1939,1945,2016.0,,4.0,Preiser,6,1942,Новейшее время,2010.0,10.0
1953,Preiser German Riflemen with Mortar & Horse Lined Up (16585),1939,1945,,,8.0,Preiser,6,1942,Новейшее время,,
1954,Preiser German Horse Drawn Field Wagon Erfa (16588),1939,1945,,,4.0,Preiser,6,1942,Новейшее время,,
1955,Toxso Modern US Soldiers (1404),2005,2014,2014.0,40.0,19.0,Toxso,9,2009,Современность,2010.0,12.0
1956,Preiser PaK L/45 with Crew (16591),1936,1942,,50.0,5.0,Preiser,6,1939,Новейшее время,,
1957,Preiser Riflemen in Winter Uniform with Carts (16592),1939,1945,,46.0,6.0,Preiser,6,1942,Новейшее время,,
1958,Preiser East German Guard Battalion (16593),1956,1990,,50.0,27.0,Preiser,34,1973,Современность,,
1959,Preiser Field Kitchen (16594),1939,1945,,50.0,6.0,Preiser,6,1942,Новейшее время,,
1960,Preiser Bicycle Unit Cycling and Walking (16596),1939,1945,,50.0,6.0,Preiser,6,1942,Новейшее время,,
1961,Preiser German Standing Draught Horses (16597),1939,1945,,50.0,2.0,Preiser,6,1942,Новейшее время,,
1962,Toxso M102 105mm Howitzer (1402),2000,2006,2014.0,43.0,5.0,Toxso,6,2003,Современность,2010.0,12.0
1963,Preiser Soviet Attacking Infantrymen in Winter Uniform (16600),1941,1945,,47.0,12.0,Preiser,4,1943,Новейшее время,,
1964,Preiser East German Frontier Guards (16601),1956,1990,,47.0,6.0,Preiser,34,1973,Современность,,
1965,Toxso 10.5 cm s.K.18 (1407),1939,1945,2015.0,45.0,5.0,Toxso,6,1942,Новейшее время,2010.0,11.0
1966,Preiser German Infantry Attacking in Winter Uniform (16604),1939,1945,,47.0,12.0,Preiser,6,1942,Новейшее время,,
1967,Preiser Soviet & German Infantry Close Combat Winter (16605),1941,1945,,46.0,16.0,Preiser,4,1943,Новейшее время,,
1969,RedBox Swiss Artillery (72065),1490,1600,2015.0,41.0,16.0,RedBox,110,1545,Средневековье,2010.0,11.0
1970,RedBox Russian Artillery (72071),1501,1599,2015.0,46.0,16.0,RedBox,98,1550,Средневековье,2010.0,11.0
1971,RedBox Russian Artillery (72072),1601,1699,2015.0,45.0,16.0,RedBox,98,1650,Новое время,2010.0,11.0
1972,RedBox Battlefield Accessory Set (72073),1501,1699,2015.0,,,RedBox,198,1600,Средневековье,2010.0,11.0
1974,"Caesar European Knights, 15th Century (H091)",1401,1499,2010.0,48.0,30.0,Caesar,98,1450,Средневековье,2010.0,16.0
1975,Caesar Panzergrenadiers (Kharkov 1943) (HB01),1943,1943,2010.0,44.0,20.0,Caesar,0,1943,Новейшее время,2010.0,16.0
1976,Caesar WWII Panzergrenadiers (Ardennes 1944) (HB02),1944,1945,2010.0,45.0,21.0,Caesar,1,1944,Новейшее время,2010.0,16.0
1977,Caesar WWII German Panzer Crews (HB03),1939,1945,2010.0,49.0,18.0,Caesar,6,1942,Новейшее время,2010.0,16.0
1978,LW German Knights (2026),1400,1480,,,,LW,80,1440,Средневековье,,
1979,Preiser German Military Motorists (18366),2000,2000,,,12.0,Preiser,0,2000,Современность,,
1980,Zvezda Soviet Engineers 1941-42 (6108),1941,1942,2011.0,,4.0,Zvezda,1,1941,Новейшее время,2010.0,15.0
1981,Zvezda German Sturmpioniere 1939-42 (6110),1939,1942,2011.0,,4.0,Zvezda,3,1940,Новейшее время,2010.0,15.0
1982,Zvezda Soviet Anti-Tank Team (6135),1941,1945,2011.0,,4.0,Zvezda,4,1943,Новейшее время,2010.0,15.0
1983,Zvezda German Paratroops (6136),1939,1942,2011.0,,4.0,Zvezda,3,1940,Новейшее время,2010.0,15.0
1984,Zvezda Soviet Reconnaissance Team (6137),1941,1945,2011.0,,4.0,Zvezda,4,1943,Новейшее время,2010.0,15.0
1985,Zvezda Soviet Paratroopers (6138),1941,1945,2012.0,,4.0,Zvezda,4,1943,Новейшее время,2010.0,14.0
1986,Zvezda Soviet Naval Infantry (6146),1941,1945,2011.0,,4.0,Zvezda,4,1943,Новейшее время,2010.0,15.0
1987,Zvezda German Reconnaissance Team (6153),1939,1942,2011.0,,4.0,Zvezda,3,1940,Новейшее время,2010.0,15.0
1988,Zvezda German Gebirgsjäger (6154),1939,1945,2012.0,,4.0,Zvezda,6,1942,Новейшее время,2010.0,14.0
1989,Zvezda Soviet Cavalry (6161),1935,1943,2012.0,,2.0,Zvezda,8,1939,Новейшее время,2010.0,14.0
1990,Zvezda Ashigaru-yari (6401),1550,1650,2012.0,,5.0,Zvezda,100,1600,Средневековье,2010.0,14.0
1991,Zvezda Ashigaru with Arquebus (6402),1550,1650,2012.0,,5.0,Zvezda,100,1600,Средневековье,2010.0,14.0
1992,Zvezda Samurai-Naginata (6403),1400,1600,2012.0,,5.0,Zvezda,200,1500,Средневековье,2010.0,14.0
1993,Zvezda Samurai Archers (6404),1400,1600,2013.0,,5.0,Zvezda,200,1500,Средневековье,2010.0,13.0
1994,Zvezda Samurai with Nodachi (6405),1400,1600,2012.0,,5.0,Zvezda,200,1500,Средневековье,2010.0,14.0
1995,Zvezda Ninja (6406),1400,1600,2013.0,,5.0,Zvezda,200,1500,Средневековье,2010.0,13.0
1996,Zvezda Mounted Samurai (6407),1550,1650,2012.0,,2.0,Zvezda,100,1600,Средневековье,2010.0,14.0
1997,Strelets Ural Cossacks (064),1854,1855,2015.0,44.0,13.0,Strelets,1,1854,Новое время,2010.0,11.0
1998,Strelets Roman Imperial Legion (Ceremonial March) (M101),-30,200,2015.0,44.0,40.0,Strelets,230,85,Древний мир,2010.0,11.0
1999,Strelets Republican Roman Legion (Ceremonial March) (M102),-180,-30,2015.0,44.0,40.0,Strelets,150,-105,Древний мир,2010.0,11.0
2000,Zvezda Samurai Commanders (6411),1400,1600,2012.0,,4.0,Zvezda,200,1500,Средневековье,2010.0,14.0
2002,Zvezda French Napoleonic HQ Staff (8080),1805,1814,2011.0,46.0,18.0,Zvezda,9,1809,Новое время,2010.0,15.0
2003,Mars Imperial Light Infantry (72043),1618,1648,2011.0,32.0,48.0,Mars,30,1633,Новое время,2010.0,15.0
2004,Orion Soviet Artillery Crew (72041),1939,1945,2011.0,38.0,37.0,Orion,6,1942,Новейшее время,2010.0,15.0
2007,Valdemar Medieval Grieving Persons (VA136),500,1500,2010.0,46.0,5.0,Valdemar,1000,1000,Средневековье,2010.0,16.0
2008,Valdemar Medieval Mobile Bakery (VA134),500,1500,2010.0,50.0,3.0,Valdemar,1000,1000,Средневековье,2010.0,16.0
2009,Valdemar Medieval Civilians/Ship Crew Set 2 (VA135),500,1500,2010.0,50.0,8.0,Valdemar,1000,1000,Средневековье,2010.0,16.0
2010,RedBox Mounted Men at Arms (72045),1455,1485,2014.0,41.0,12.0,RedBox,30,1470,Средневековье,2010.0,12.0
2011,Revell British Infantry WWII (02597),1939,1945,,,,Revell,6,1942,Новейшее время,,
2012,Revell German Infantry WWII (02598),1941,1945,,,,Revell,4,1943,Новейшее время,,
2013,Ykreol Wellington's Staff (YK13),1800,1815,2005.0,,42.0,Ykreol,15,1807,Новое время,2000.0,21.0
2014,HaT WWI Highlanders (8235),1916,1918,2011.0,37.0,32.0,HaT,2,1917,Новейшее время,2010.0,15.0
2015,HaT WWI Indian Infantry (8236),1914,1918,2011.0,41.0,32.0,HaT,4,1916,Новейшее время,2010.0,15.0
2016,HaT Dervish Warriors (8271),1882,1905,2011.0,41.0,32.0,HaT,23,1893,Новое время,2010.0,15.0
2017,Valiant German IF8 Infantry Cart (VM005),1939,1945,2011.0,,2.0,Valiant,6,1942,Новейшее время,2010.0,15.0
2018,Mars Swedish Mercenary Dragoons (72040),1620,1635,2011.0,25.0,12.0,Mars,15,1627,Новое время,2010.0,15.0
2019,Mars Imperial Heavy Cavalry (72041),1618,1625,2011.0,35.0,12.0,Mars,7,1621,Новое время,2010.0,15.0
2020,Mars Teutonic Knights (72050),1400,1450,2011.0,32.0,12.0,Mars,50,1425,Средневековье,2010.0,15.0
2021,Mars Polish Knights (72051),1400,1450,2011.0,32.0,12.0,Mars,50,1425,Средневековье,2010.0,15.0
2022,Revell American Infantry WWII (02599),1941,1945,,,,Revell,4,1943,Новейшее время,,
2023,Strelets 6-Inch Mk VII Cannon with British Crew (A001),1916,1918,2012.0,40.0,12.0,Strelets,2,1917,Новейшее время,2010.0,14.0
2024,Strelets 8 Inch Mk VII Howitzer (A002),1917,1918,2013.0,40.0,10.0,Strelets,1,1917,Новейшее время,2010.0,13.0
2025,Strelets 8 Inch Mk II Howitzer with Early British Crew (A003),1914,1918,2012.0,41.0,10.0,Strelets,4,1916,Новейшее время,2010.0,14.0
2026,Strelets 6 Inch Mk XIX Cannon (A004),1939,1945,2013.0,42.0,12.0,Strelets,6,1942,Новейшее время,2010.0,13.0
2027,Orion Modern Israeli Army (Set 2) (72040),1975,2000,2011.0,40.0,48.0,Orion,25,1987,Современность,2010.0,15.0
2028,RedBox Men-at-Arms and Retinue (72040),1455,1485,2011.0,34.0,30.0,RedBox,30,1470,Средневековье,2010.0,15.0
2030,Caesar WWII German Cavalry Division (H092),1942,1945,2016.0,48.0,13.0,Caesar,3,1943,Новейшее время,2010.0,10.0
2031,Caesar Modern US Soldiers in Action (Set 2) (H094),2005,2015,2016.0,45.0,19.0,Caesar,10,2010,Современность,2010.0,10.0
2032,Caesar WWII German Command Staff with Kübelwagen (H095),1939,1945,2016.0,43.0,10.0,Caesar,6,1942,Новейшее время,2010.0,10.0
2033,Caesar WWII German Sd.Kfz.2 Kettenkrad & Raketenwerfer 43 (H096),1939,1945,2017.0,44.0,10.0,Caesar,6,1942,Новейшее время,2010.0,9.0
2034,Caesar Modern US Soldiers in Action (HB11),2003,2014,2014.0,43.0,24.0,Caesar,11,2008,Современность,2010.0,12.0
2035,Strelets Polish Troops in Attack (144),1807,1814,2017.0,46.0,47.0,Strelets,7,1810,Новое время,2010.0,9.0
2036,Strelets WWI French Field Kitchen (292),1915,1918,2021.0,38.0,16.0,Strelets,3,1916,Новейшее время,2020.0,5.0
2037,Strelets Russian Hussars in Reserve (276),1812,1816,2021.0,46.0,17.0,Strelets,4,1814,Новое время,2020.0,5.0
2038,Strelets British Infantry Firing Line (278),1812,1816,2021.0,46.0,49.0,Strelets,4,1814,Новое время,2020.0,5.0
2039,Strelets British Dragoons (256),1700,1714,2022.0,47.0,12.0,Strelets,14,1707,Новое время,2020.0,4.0
2040,Caesar Sportsmen Set I (HB20-1),2010,2010,2012.0,,25.0,Caesar,0,2010,Современность,2010.0,14.0
2041,Linear-A Neo-Assyrian Empire Infantry Set 1 (056),-850,-550,2024.0,47.0,40.0,Linear-A,300,-700,Древний мир,2020.0,2.0
2045,Waterloo 1815 WWII German Cavalry (Set 1) (025),1939,1945,2012.0,45.0,12.0,Waterloo 1815,6,1942,Новейшее время,2010.0,14.0
2046,Waterloo 1815 WWII US Mountain Troops (031),1942,1945,2012.0,44.0,27.0,Waterloo 1815,3,1943,Новейшее время,2010.0,14.0
2047,Waterloo 1815 Roger's Rangers (035),1757,1763,2012.0,40.0,30.0,Waterloo 1815,6,1760,Новое время,2010.0,14.0
2048,Waterloo 1815 British Paratroopers with Pack Howitzer (036),1942,1945,2012.0,46.0,18.0,Waterloo 1815,3,1943,Новейшее время,2010.0,14.0
2049,"Waterloo 1815 Italian Tank, Vehicle and Artillery Crews (037)",1940,1943,2012.0,46.0,18.0,Waterloo 1815,3,1941,Новейшее время,2010.0,14.0
2050,GerMan King's Musketeers (0012),1610,1650,,,,GerMan,40,1630,Новое время,,
2051,GerMan Cardinal Richelieu (0013),1622,1642,,,,GerMan,20,1632,Новое время,,
2052,BUM Roger's Rangers (2001),1755,1763,2011.0,36.0,24.0,BUM,8,1759,Новое время,2010.0,15.0
2053,BUM Whaleboat Rangers (2002),1756,1763,2011.0,44.0,6.0,BUM,7,1759,Новое время,2010.0,15.0
2054,BUM Rangers and Canoes (2003),1756,1763,2011.0,40.0,9.0,BUM,7,1759,Новое время,2010.0,15.0
2055,BUM Cabin Attack (2004),1756,1763,2011.0,,13.0,BUM,7,1759,Новое время,2010.0,15.0
2056,BUM Ambush! (2005),1756,1763,2011.0,30.0,11.0,BUM,7,1759,Новое время,2010.0,15.0
2057,BUM Massacre! (2006),1756,1763,2011.0,37.0,14.0,BUM,7,1759,Новое время,2010.0,15.0
2058,BUM Huron Hut (2007),1756,1763,2012.0,,13.0,BUM,7,1759,Новое время,2010.0,14.0
2059,BUM Huron's Camp (2011),1756,1763,2012.0,,9.0,BUM,7,1759,Новое время,2010.0,14.0
2060,Ultima Ratio WWII Soviet & Polish Infantry (UR003),1943,1945,2015.0,41.0,42.0,Ultima Ratio,2,1944,Новейшее время,2010.0,11.0
2061,BUM Bedroom Fort-West (2114),1865,1895,2013.0,,3.0,BUM,30,1880,Новое время,2010.0,13.0
2062,BUM French Bombard (2025),1756,1763,2011.0,35.0,4.0,BUM,7,1759,Новое время,2010.0,15.0
2063,BUM Forge Fort-West (2115),1865,1895,2013.0,,4.0,BUM,30,1880,Новое время,2010.0,13.0
2064,HaT WWII French Artillery Crew (8162),1939,1940,2018.0,42.0,32.0,HaT,1,1939,Новейшее время,2010.0,8.0
2065,Metch Japan Chi-Ro Tank Type 89 (172130),1941,1945,,,,Metch,4,1943,Новейшее время,,
2066,Metch Japanese Armoured Car Sumida (172131),1933,1945,,,,Metch,12,1939,Новейшее время,,
2067,Metch Japanese Artillery Tractor HO-FU (172132),1937,1945,,,,Metch,8,1941,Новейшее время,,
2068,Metch Japanese CHI-HE Tank (172133),1943,1945,,,,Metch,2,1944,Новейшее время,,
2069,Metch Japanese Isuzu Truck (172134),1935,1945,,,,Metch,10,1940,Новейшее время,,
2070,Metch Iwo-Jima Defences (172136),1944,1945,,,,Metch,1,1944,Новейшее время,,
2071,Pobeda Putilov Garfort (72351),1917,1923,,,,Pobeda,6,1920,Новейшее время,,
2072,Pobeda Gazz AA Truck (72352),1917,1923,,,,Pobeda,6,1920,Новейшее время,,
2073,Pobeda Austin Putilov S1 (72353),1917,1923,,,,Pobeda,6,1920,Новейшее время,,
2074,Pobeda Lanchester 1918 (72354),1917,1923,,,,Pobeda,6,1920,Новейшее время,,
2075,Pobeda Russian Civil War Trenches (72355),1917,1923,,,,Pobeda,6,1920,Новейшее время,,
2076,Metch Armoured Car Fordson (172140),1940,1940,,,,Metch,0,1940,Новейшее время,,
2077,Metch Matilda Tank (172141),1939,1955,,,,Metch,16,1947,Современность,,
2078,Metch Crusader Tank (172142),1941,1949,,,,Metch,8,1945,Новейшее время,,
2079,BUM Condor Legion Artillery (5045),1936,1939,,,,BUM,3,1937,Новейшее время,,
2080,BUM Nationalist Heavy Artillery (5046),1936,1939,,,,BUM,3,1937,Новейшее время,,
2081,BUM Alcazar de Toledo Siege (5050),1936,1939,,,,BUM,3,1937,Новейшее время,,
2082,BUM Siege of Toledo Alcazar (5051),1936,1939,,,,BUM,3,1937,Новейшее время,,
2083,BUM Lanchester Asturias 1936 (5053),1936,1939,,,,BUM,3,1937,Новейшее время,,
2084,Zvezda German Anti-Tank Gun PaK-36 with Crew (6114),1939,1945,2011.0,,2.0,Zvezda,6,1942,Новейшее время,2010.0,15.0
2085,Linear-B Roman Transport (116),-50,200,2011.0,41.0,13.0,Linear-B,250,75,Древний мир,2010.0,15.0
2086,Strelets Mamelukes (120),1780,1807,2011.0,41.0,12.0,Strelets,27,1793,Новое время,2010.0,15.0
2087,HaT Napoleonic 1815 French Marching (8294),1812,1815,2018.0,39.0,24.0,HaT,3,1813,Новое время,2010.0,8.0
2088,HaT Seven Years War Austrian Sampler (8295),1756,1763,2019.0,,33.0,HaT,7,1759,Новое время,2010.0,7.0
2089,HaT Napoleonic Early-Mid French Marching (8296),1789,1813,2018.0,42.0,24.0,HaT,24,1801,Новое время,2010.0,8.0
2090,HaT Napoleonic French Command (8297),1812,1815,2018.0,43.0,24.0,HaT,3,1813,Новое время,2010.0,8.0
2091,HaT Huns (8298),300,480,2014.0,41.0,15.0,HaT,180,390,Древний мир,2010.0,12.0
2092,HaT 7YW Prussian Infantry Marching (8280),1756,1763,2013.0,42.0,40.0,HaT,7,1759,Новое время,2010.0,13.0
2093,HaT 7YW Prussian Infantry Action (8281),1756,1763,2013.0,38.0,40.0,HaT,7,1759,Новое время,2010.0,13.0
2094,HaT 7YW Prussian Infantry Command (8282),1756,1763,2013.0,47.0,24.0,HaT,7,1759,Новое время,2010.0,13.0
2095,HaT WW2 German Bicycle Infantry (8277),1939,1945,2014.0,45.0,12.0,HaT,6,1942,Новейшее время,2010.0,12.0
2096,HaT Colonial Ox Wagon (8286),1810,1900,2019.0,39.0,6.0,HaT,90,1855,Новое время,2010.0,7.0
2097,HaT Colonial General Service Wagon (8287),1875,1890,2019.0,45.0,6.0,HaT,15,1882,Новое время,2010.0,7.0
2098,HaT Colonial British Dragoons (8288),1878,1898,2014.0,44.0,15.0,HaT,20,1888,Новое время,2010.0,12.0
2099,HaT Colonial Bengal Lancers (8289),1864,1910,2014.0,43.0,12.0,HaT,46,1887,Новое время,2010.0,12.0
2100,HaT WWI German Jäger Bicyclists (8276),1914,1916,2014.0,44.0,12.0,HaT,2,1915,Новейшее время,2010.0,12.0
2101,HaT WWI Belgian Heavy Weapons (8291),1914,1915,2018.0,41.0,24.0,HaT,1,1914,Новейшее время,2010.0,8.0
2102,HaT British Infantry (Early) (8292),1908,1915,2016.0,42.0,32.0,HaT,7,1911,Новейшее время,2010.0,10.0
2103,HaT British Infantry (Tropical) (8293),1914,1918,2016.0,41.0,32.0,HaT,4,1916,Новейшее время,2010.0,10.0
2104,Strelets French Line Infantry in Egypt (M068),1798,1801,2011.0,40.0,56.0,Strelets,3,1799,Новое время,2010.0,15.0
2105,Strelets French Light Infantry in Egypt (M069),1798,1801,2011.0,40.0,56.0,Strelets,3,1799,Новое время,2010.0,15.0
2106,Strelets British Line Infantry in Egypt (M070),1798,1801,2011.0,40.0,52.0,Strelets,3,1799,Новое время,2010.0,15.0
2107,Strelets British Light Infantry in Egypt (M071),1801,1801,2011.0,39.0,56.0,Strelets,0,1801,Новое время,2010.0,15.0
2108,Strelets Regular Cavalry RKKA (125),1939,1941,2013.0,41.0,12.0,Strelets,2,1940,Новейшее время,2010.0,13.0
2109,Strelets Crusader Transport 1 (126),1100,1200,2013.0,36.0,13.0,Strelets,100,1150,Средневековье,2010.0,13.0
2110,Strelets French Hussars in Egypt (118),1798,1801,2012.0,38.0,13.0,Strelets,3,1799,Новое время,2010.0,14.0
2111,Strelets British Cavalry (Egypt) (119),1798,1801,2012.0,43.0,12.0,Strelets,3,1799,Новое время,2010.0,14.0
2112,Mars Ukrainian Defenders (72138),2022,2023,2023.0,43.0,40.0,Mars,1,2022,Современность,2020.0,3.0
2113,Strelets 1745 British Artillery (284),1745,1746,2023.0,41.0,10.0,Strelets,1,1745,Новое время,2020.0,3.0
2114,Strelets German States' Cuirassiers in Skirmish (268),1701,1713,2023.0,46.0,12.0,Strelets,12,1707,Новое время,2020.0,3.0
2115,BUM Huron's River (2008),1755,1763,2011.0,44.0,10.0,BUM,8,1759,Новое время,2010.0,15.0
2116,Zvezda Soviet 45-mm Anti-Tank Gun with Crew (6112),1941,1945,2011.0,,2.0,Zvezda,4,1943,Новейшее время,2010.0,15.0
2117,Mars Spanish Tertio (72042),1618,1648,2011.0,30.0,48.0,Mars,30,1633,Новое время,2010.0,15.0
2118,Ykreol WWII German Staff 1939-45 (YK16),1939,1945,2003.0,,42.0,Ykreol,6,1942,Новейшее время,2000.0,23.0
2119,Metch Japanese Daihatsu Landing Craft (172172),1937,1945,2011.0,,3.0,Metch,8,1941,Новейшее время,2010.0,15.0
2120,Metch T-40 Fuel Truck (172138),1935,1945,2011.0,,6.0,Metch,10,1940,Новейшее время,2010.0,15.0
2121,Caesar British Army (H060),2004,2010,2011.0,40.0,33.0,Caesar,6,2007,Современность,2010.0,15.0
2122,Caesar WWII Late War German Army (H074),1944,1945,2011.0,46.0,34.0,Caesar,1,1944,Новейшее время,2010.0,15.0
2123,Caesar WWII Italian Paratroopers (H075),1940,1943,2011.0,45.0,33.0,Caesar,3,1941,Новейшее время,2010.0,15.0
2124,Caesar German Army with Camouflage Cape (HB04),1942,1945,2011.0,44.0,34.0,Caesar,3,1943,Новейшее время,2010.0,15.0
2127,Strelets Moroccan Goumiers (M151),1943,1954,2021.0,43.0,52.0,Strelets,11,1948,Современность,2020.0,5.0
2128,Ultima Ratio WWII Soviet Mountain Troops (UR004),1941,1945,2015.0,42.0,33.0,Ultima Ratio,4,1943,Новейшее время,2010.0,11.0
2129,BUM Western Fort Stable (2113),1865,1895,2013.0,,3.0,BUM,30,1880,Новое время,2010.0,13.0
2130,Waterloo 1815 French Line Voltigeurs at Waterloo (062),1812,1815,2016.0,39.0,28.0,Waterloo 1815,3,1813,Новое время,2010.0,10.0
2131,Waterloo 1815 1815 French Line Infantry Fusiliers Marching (061),1812,1815,2016.0,46.0,24.0,Waterloo 1815,3,1813,Новое время,2010.0,10.0
2132,Waterloo 1815 Prussian Officers & High Staff 1813-15 (058),1813,1815,2018.0,44.0,12.0,Waterloo 1815,2,1814,Новое время,2010.0,8.0
2133,Mars Swedish Infantry (72094),1600,1625,2016.0,40.0,48.0,Mars,25,1612,Новое время,2010.0,10.0
2134,Metch Operation Jubilee - Dieppe (172143),1942,1942,,,14.0,Metch,0,1942,Новейшее время,,
2135,"Metch Operation Deathstick, D-Day (172148)",1944,1944,2012.0,,15.0,Metch,0,1944,Новейшее время,2010.0,14.0
2136,"Metch Arnhem, Bridge House (172150)",1944,1944,2012.0,,13.0,Metch,0,1944,Новейшее время,2010.0,14.0
2137,Mars Polish Siege Bombard (72062),1400,1450,2013.0,40.0,24.0,Mars,50,1425,Средневековье,2010.0,13.0
2138,Mars French Dismounted Dragoons (72078),1635,1648,2014.0,34.0,48.0,Mars,13,1641,Новое время,2010.0,12.0
2139,First To Fight Pak 36 German Antitank Gun (PL1939-022),1939,1939,2015.0,40.0,6.0,First To Fight,0,1939,Новейшее время,2010.0,11.0
2140,Strelets Early WWII American Soldiers 2 (M113),1941,1943,2016.0,37.0,52.0,Strelets,2,1942,Новейшее время,2010.0,10.0
2141,Strelets WWII Japanese Troops in Tropical Uniform (M114),1932,1945,2016.0,41.0,52.0,Strelets,13,1938,Новейшее время,2010.0,10.0
2142,RedBox Russian War Monks (72086),1501,1699,2015.0,41.0,40.0,RedBox,198,1600,Средневековье,2010.0,11.0
2143,RedBox Russian War Monk Artillery (72087),1501,1699,2015.0,40.0,20.0,RedBox,198,1600,Средневековье,2010.0,11.0
2144,RedBox Osman Eyalet Infantry 16-17th Century (72088),1501,1699,2016.0,41.0,35.0,RedBox,198,1600,Средневековье,2010.0,10.0
2145,RedBox Osman Yeniceri Infantry 16-17th Century (72089),1501,1699,2016.0,41.0,34.0,RedBox,198,1600,Средневековье,2010.0,10.0
2146,Caesar WWII German Infantry Marching (H081),1935,1945,2015.0,48.0,38.0,Caesar,10,1940,Новейшее время,2010.0,11.0
2147,Caesar WWII German Infantry in Smocks - Winter (H083),1939,1945,2015.0,45.0,,Caesar,6,1942,Новейшее время,2010.0,11.0
2148,Caesar WWII German Artillery/Howitzer Crews (H084),1939,1945,2015.0,47.0,33.0,Caesar,6,1942,Новейшее время,2010.0,11.0
2149,Caesar WWII German Panzer Unit in Combat (H085),1939,1945,2015.0,42.0,34.0,Caesar,6,1942,Новейшее время,2010.0,11.0
2150,Caesar WWII German Anti-aircraft Crews (H089),1939,1945,2015.0,48.0,33.0,Caesar,6,1942,Новейшее время,2010.0,11.0
2151,Ultima Ratio Soviet Motorized Infantry Spetsnaz (UR002),1979,1989,2015.0,39.0,39.0,Ultima Ratio,10,1984,Современность,2010.0,11.0
2152,"RedBox European Light Cavalry, 16th Century Set 2 (72085)",1501,1599,2015.0,40.0,12.0,RedBox,98,1550,Средневековье,2010.0,11.0
2154,First To Fight German 7.5 cm LE.IG Infantry Gun (PL1939-031),1939,1945,,,,First To Fight,6,1942,Новейшее время,,
2155,Zvezda Soviet 37 mm Anti-aircraft Gun 61-K (6115),1939,1945,2013.0,,2.0,Zvezda,6,1942,Новейшее время,2010.0,13.0
2156,Hasegawa 88mm Gun Flak 18 (31110),1939,1945,1991.0,36.0,6.0,Hasegawa,6,1942,Новейшее время,1990.0,35.0
2157,Hasegawa 88mm Gun Flak 36 (31138),1939,1945,1997.0,,6.0,Hasegawa,6,1942,Новейшее время,1990.0,29.0
2158,Hasegawa U.S. Jeep Willys M.B. Cargo 37mm Gun (31101),1941,1945,1991.0,22.0,8.0,Hasegawa,4,1943,Новейшее время,1990.0,35.0
2159,Revell Soviet Spetsnaz (1980) (02533),1975,1985,1988.0,,50.0,Revell,10,1980,Современность,1980.0,38.0
2160,Linear-B Roman Market (072),-100,200,2011.0,46.0,68.0,Linear-B,300,50,Древний мир,2010.0,15.0
2161,Linear-B Spartacus Uprising (073),-73,-71,2011.0,32.0,52.0,Linear-B,2,-72,Древний мир,2010.0,15.0
2162,Italeri Japanese M92 Light Howitzer and AT Team (6164),1937,1945,2009.0,,16.0,Italeri,8,1941,Новейшее время,2000.0,17.0
2163,Italeri Cannone da 149/40 with Crew (6165),1940,1945,2009.0,,9.0,Italeri,5,1942,Новейшее время,2000.0,17.0
2164,Revell WWII Japanese Infantry (02528),1937,1945,,,,Revell,8,1941,Новейшее время,,
2165,Revell WWII ANZAC Infantry (02529),1942,1945,,,,Revell,3,1943,Новейшее время,,
2166,Caesar US Paratroopers (H076),1942,1944,2012.0,43.0,34.0,Caesar,2,1943,Новейшее время,2010.0,14.0
2167,Mars Teutonic Foot Sergeants (72052),1400,1450,2012.0,20.0,48.0,Mars,50,1425,Средневековье,2010.0,14.0
2168,Mars Teutonic Mounted Sergeants (72053),1420,1450,2012.0,33.0,12.0,Mars,30,1435,Средневековье,2010.0,14.0
2169,Mars Teutonic Mounted Crossbowmen (72054),1401,1450,2012.0,33.0,12.0,Mars,49,1425,Средневековье,2010.0,14.0
2170,HaT Napoleonic Prussian Infantry Sampler (8329),1808,1815,2019.0,,29.0,HaT,7,1811,Новое время,2010.0,7.0
2171,Linear-A The Folk of Judea (001),-100,100,2016.0,43.0,44.0,Linear-A,200,0,Древний мир,2010.0,10.0
2172,HaT Napoleonic Mounted Officers (8279),1800,1815,2012.0,45.0,12.0,HaT,15,1807,Новое время,2010.0,14.0
2173,Linear-B Roman Port (002),-500,500,2012.0,38.0,48.0,Linear-B,1000,0,Древний мир,2010.0,14.0
2174,BUM St.Francis Settlement (2013),1756,1763,2012.0,,15.0,BUM,7,1759,Новое время,2010.0,14.0
2175,Linear-B Roman Tavern (003),1,1,2012.0,41.0,48.0,Linear-B,0,1,Древний мир,2010.0,14.0
2176,Strelets Spartacus Army (M077),-73,-71,2018.0,43.0,48.0,Strelets,2,-72,Древний мир,2010.0,8.0
2177,Strelets Roman Republican Legion on the March (M078),-100,-100,2012.0,44.0,56.0,Strelets,0,-100,Древний мир,2010.0,14.0
2178,Strelets Roman Republican Legion in Battle (M079),-100,-100,2012.0,37.0,48.0,Strelets,0,-100,Древний мир,2010.0,14.0
2179,Strelets Roman Republican Legion Before Battle (M080),-150,-30,2012.0,42.0,56.0,Strelets,120,-90,Древний мир,2010.0,14.0
2180,Strelets Italian Army in Winter Dress (Stalingrad) (M082),1942,1942,2012.0,41.0,56.0,Strelets,0,1942,Новейшее время,2010.0,14.0
2181,Strelets Hungarian Army in Winter Dress (Stalingrad) (M083),1942,1942,2012.0,42.0,56.0,Strelets,0,1942,Новейшее время,2010.0,14.0
2182,Strelets Crusader Transport 2 (127),1100,1200,2013.0,37.0,18.0,Strelets,100,1150,Средневековье,2010.0,13.0
2183,Revell WWII British Commandos (02530),1940,1945,,,,Revell,5,1942,Новейшее время,,
2184,Revell NATO Pilots (Modern) (02402),2000,2012,2012.0,50.0,28.0,Revell,12,2006,Современность,2010.0,14.0
2185,Zvezda British Infantry (6166),1939,1942,2012.0,,5.0,Zvezda,3,1940,Новейшее время,2010.0,14.0
2186,Zvezda British Machine Gun Crew (6167),1939,1942,2012.0,,4.0,Zvezda,3,1940,Новейшее время,2010.0,14.0
2187,Zvezda British 3 Inch Mortar with Crew (6168),1939,1941,2012.0,,4.0,Zvezda,2,1940,Новейшее время,2010.0,14.0
2188,First To Fight German Infantry Support Weapons (PL1939-020),1939,1940,2015.0,41.0,15.0,First To Fight,1,1939,Новейшее время,2010.0,11.0
2189,Zvezda German Elite Troops (6180),1941,1943,2014.0,,5.0,Zvezda,2,1942,Новейшее время,2010.0,12.0
2190,Zvezda German Medical Personnel (6143),1939,1945,2012.0,,4.0,Zvezda,6,1942,Новейшее время,2010.0,14.0
2191,Zvezda German Regular Infantry (6178),1939,1943,2012.0,,5.0,Zvezda,4,1941,Новейшее время,2010.0,14.0
2192,Zvezda Soviet Medical Personnel (6152),1941,1945,2013.0,,4.0,Zvezda,4,1943,Новейшее время,2010.0,13.0
2193,Zvezda Soviet Militia (6181),1941,1941,2014.0,,5.0,Zvezda,0,1941,Новейшее время,2010.0,12.0
2194,Zvezda Soviet Regular Infantry (6179),1941,1942,2012.0,,5.0,Zvezda,1,1941,Новейшее время,2010.0,14.0
2195,Plastic Soldier Late War US Infantry (WW2020006),1944,1945,2013.0,45.0,51.0,Plastic Soldier,1,1944,Новейшее время,2010.0,13.0
2196,RedBox Town & County Levy (72041),1450,1485,2012.0,40.0,40.0,RedBox,35,1467,Средневековье,2010.0,14.0
2197,Linear-B Roman Legion on the March (007),10,100,2007.0,,48.0,Linear-B,90,55,Древний мир,2000.0,19.0
2208,Strelets Norman Train (128),1050,1150,2013.0,41.0,10.0,Strelets,100,1100,Средневековье,2010.0,13.0
2209,Strelets Soviet Partisans in Winter Dress (M084),1941,1945,2013.0,38.0,52.0,Strelets,4,1943,Новейшее время,2010.0,13.0
2210,Strelets Soviet Partisans in Summer Dress (M085),1941,1944,2013.0,38.0,52.0,Strelets,3,1942,Новейшее время,2010.0,13.0
2211,Strelets Police Battalion (M086),1941,1945,2013.0,39.0,52.0,Strelets,4,1943,Новейшее время,2010.0,13.0
2212,Valiant German Paratroops (VM006),1940,1945,2012.0,45.0,24.0,Valiant,5,1942,Новейшее время,2010.0,14.0
2213,BUM French-Indian War Frontier Post (2012),1754,1763,2012.0,,7.0,BUM,9,1758,Новое время,2010.0,14.0
2214,Zvezda Ashigaru Archers (6414),1600,1600,2012.0,,5.0,Zvezda,0,1600,Средневековье,2010.0,14.0
2215,Zvezda Peasants with Ammo Supply (6415),1600,1600,2013.0,,4.0,Zvezda,0,1600,Средневековье,2010.0,13.0
2216,Zvezda Mounted Samurai Archers (6416),1600,1600,2013.0,,2.0,Zvezda,0,1600,Средневековье,2010.0,13.0
2217,Strelets Japanese Imperial Airborne Troops (M104),1942,1945,2015.0,42.0,48.0,Strelets,3,1943,Новейшее время,2010.0,11.0
2218,Zvezda French Line Infantry (6802),1812,1815,2014.0,,6.0,Zvezda,3,1813,Новое время,2010.0,12.0
2219,Strelets WWII Union of South Africa (M103),1940,1941,2015.0,39.0,52.0,Strelets,1,1940,Новейшее время,2010.0,11.0
2220,Strelets 8th Army Australian Infantry in Attack (M155),1941,1943,2021.0,43.0,52.0,Strelets,2,1942,Новейшее время,2020.0,5.0
2221,Strelets Caesar Army on the March (M087),-40,-30,2013.0,38.0,52.0,Strelets,10,-35,Древний мир,2010.0,13.0
2222,Strelets Caesar Army Before Battle (M088),-60,-45,2013.0,40.0,52.0,Strelets,15,-53,Древний мир,2010.0,13.0
2223,Strelets Caesar Army in Battle I (M089),-60,-45,2013.0,39.0,48.0,Strelets,15,-53,Древний мир,2010.0,13.0
2224,Strelets French Foreign Legion Heavy Weapons Squad (M152),1940,1943,2021.0,39.0,40.0,Strelets,3,1941,Новейшее время,2020.0,5.0
2225,Pobeda Izhorsk Plant Tank (72332),1940,1945,,,,Pobeda,5,1942,Новейшее время,,
2226,Pobeda T-34 Bunker Moscow Front (72333),1941,1944,,,,Pobeda,3,1942,Новейшее время,,
2227,Pobeda Voroshilovets Tractor (72334),1930,1945,,,,Pobeda,15,1937,Новейшее время,,
2228,Pobeda T-40 Light Amphibious Tank (72335),1941,1946,,,,Pobeda,5,1943,Новейшее время,,
2229,Pobeda Dovunque-35 &105 Russian Front (72340),1941,1945,,,,Pobeda,4,1943,Новейшее время,,
2230,Pobeda OT-133 Flamethrower (72336),1939,1945,,,,Pobeda,6,1942,Новейшее время,,
2231,Pobeda Berlin Panther Ostwallturm (72510),1944,1945,,,,Pobeda,1,1944,Новейшее время,,
2232,MM Swiss Vatican Guard (001),1914,2012,2012.0,46.0,37.0,MM,98,1963,Современность,2010.0,14.0
2236,Ultima Ratio Carthaginian Army: Iberian Infantry Part 1 (UR016),-250,-140,2024.0,38.0,27.0,Ultima Ratio,110,-195,Древний мир,2020.0,2.0
2237,RedBox Byzantine Cataphracts Set 2 (72154),600,1400,2024.0,44.0,12.0,RedBox,800,1000,Средневековье,2020.0,2.0
2240,First To Fight Bofors 37 mm wz. 36 Polish AT Gun (PL1939-025),1939,1939,2015.0,43.0,6.0,First To Fight,0,1939,Новейшее время,2010.0,11.0
2242,Caesar Chinese Qing Dynasty Troopers (H033),1636,1912,2012.0,,25.0,Caesar,276,1774,Новое время,2010.0,14.0
2243,Caesar Chinese Ming Dynasty Troopers (H032),1368,1644,2012.0,,30.0,Caesar,276,1506,Средневековье,2010.0,14.0
2244,Caesar Pharaoh's Chariot with Biblical Peasant (H042),-1430,-1000,2012.0,49.0,12.0,Caesar,430,-1215,Древний мир,2010.0,14.0
2245,Caesar Astronauts and Spacecraft (HB21),2003,2012,2012.0,,5.0,Caesar,9,2007,Современность,2010.0,14.0
2246,"Valdemar Travelling People, Juggler and Acrobats (VA149)",1000,1500,2012.0,50.0,12.0,Valdemar,500,1250,Средневековье,2010.0,14.0
2247,Valdemar Bath (VA143),500,1500,2012.0,50.0,10.0,Valdemar,1000,1000,Средневековье,2010.0,14.0
2248,Valdemar Herald with Retinue (VA150),1000,1150,2012.0,50.0,9.0,Valdemar,150,1075,Средневековье,2010.0,14.0
2249,Orion Soviet Tankmen and Crew (Winter Dress) (72042),1943,1945,2012.0,44.0,52.0,Orion,2,1944,Новейшее время,2010.0,14.0
2250,Ykreol Berlin 1945 (YK17),1945,1945,2007.0,,42.0,Ykreol,0,1945,Новейшее время,2000.0,19.0
2251,Ykreol Roman Siege Troops (YK18),0,0,2003.0,,24.0,Ykreol,0,0,Древний мир,2000.0,23.0
2252,Italeri US Infantry 90s (6168),1990,1995,,,,Italeri,5,1992,Современность,,
2253,Italeri Soviet Special Forces 80s (6169),1980,1985,,,,Italeri,5,1982,Современность,,
2254,Orion Byzantine Infantry (7th - 9th Century) (72043),600,899,2012.0,39.0,48.0,Orion,299,749,Средневековье,2010.0,14.0
2255,Orion Byzantine Infantry (10th - 13th Century) (72044),900,1299,2012.0,41.0,48.0,Orion,399,1099,Средневековье,2010.0,14.0
2256,"Metch Arnhem, Landings (172146)",1944,1944,2012.0,,16.0,Metch,0,1944,Новейшее время,2010.0,14.0
2257,Metch Arnhem Street Fighting (172147),1944,1944,2012.0,,11.0,Metch,0,1944,Новейшее время,2010.0,14.0
2258,"Metch Arnhem, Dutch Resistance (172149)",1944,1944,2012.0,,30.0,Metch,0,1944,Новейшее время,2010.0,14.0
2259,Mars French Field Artillery (72044),1601,1650,2012.0,37.0,18.0,Mars,49,1625,Новое время,2010.0,14.0
2260,Mars Teutonic Foot Knights (72057),1400,1450,2012.0,35.0,48.0,Mars,50,1425,Средневековье,2010.0,14.0
2261,Zvezda Soviet 76mm Infantry Gun (6145),1941,1945,2012.0,,2.0,Zvezda,4,1943,Новейшее время,2010.0,14.0
2263,Orion German WWII Panzer Soldiers (Basic Set 1) (72045),1939,1945,2012.0,49.0,52.0,Orion,6,1942,Новейшее время,2010.0,14.0
2264,RedBox Continental Mercenaries (72042),1460,1485,2012.0,40.0,40.0,RedBox,25,1472,Средневековье,2010.0,14.0
2265,Plastic Soldier Russian ZiS 2/3 Gun (WW2G20002),1941,1945,2012.0,45.0,16.0,Plastic Soldier,4,1943,Новейшее время,2010.0,14.0
2266,Ykreol Roman Republic Infantry (YK19),-200,-30,,,36.0,Ykreol,170,-115,Древний мир,,
2267,RedBox Scottish Troops (72043),1460,1485,2013.0,34.0,40.0,RedBox,25,1472,Средневековье,2010.0,13.0
2268,RedBox Irish Troops (72044),1460,1487,2013.0,40.0,40.0,RedBox,27,1473,Средневековье,2010.0,13.0
2269,Strelets Caesar Army in Defence (M090),-100,-30,2013.0,36.0,52.0,Strelets,70,-65,Древний мир,2010.0,13.0
2270,HaT Napoleonic Spanish Line Infantry (8302),1807,1809,2014.0,39.0,48.0,HaT,2,1808,Новое время,2010.0,12.0
2271,HaT British Infantry Command (8304),1796,1815,2012.0,47.0,24.0,HaT,19,1805,Новое время,2010.0,14.0
2272,HaT Napoleonic Spanish Command (8303),1805,1809,2014.0,48.0,40.0,HaT,4,1807,Новое время,2010.0,12.0
2273,HaT Zulu British Infantry Command (8299),1879,1880,2012.0,49.0,40.0,HaT,1,1879,Новое время,2010.0,14.0
2274,Strelets Imperial Roman Legion 1 (907),50,150,2012.0,47.0,168.0,Strelets,100,100,Древний мир,2010.0,14.0
2280,Valiant German le FH 18 Howitzer and Crew (VM007),1939,1945,2012.0,41.0,5.0,Valiant,6,1942,Новейшее время,2010.0,14.0
2281,Valiant German Artillery Crew (VM008),1939,1945,2012.0,,5.0,Valiant,6,1942,Новейшее время,2010.0,14.0
2282,Caesar Sportsmen Set II (HB20-2),2010,2010,2012.0,,28.0,Caesar,0,2010,Современность,2010.0,14.0
2283,Caesar Sportsmen Set III (HB20-3),2010,2010,2012.0,,27.0,Caesar,0,2010,Современность,2010.0,14.0
2284,Zvezda German Motorcycle R-12 (6142),1939,1945,2012.0,,2.0,Zvezda,6,1942,Новейшее время,2010.0,14.0
2285,Zvezda German 20mm Anti-Aircraft Gun with Crew (6117),1939,1945,2012.0,,2.0,Zvezda,6,1942,Новейшее время,2010.0,14.0
2286,Armourfast leFH18 105mm Howitzer (89001),1939,1945,2012.0,39.0,8.0,Armourfast,6,1942,Новейшее время,2010.0,14.0
2287,Zvezda German 105mm Howitzer with Crew (6121),1939,1945,2011.0,,2.0,Zvezda,6,1942,Новейшее время,2010.0,15.0
2288,Waterloo 1815 Mussolini (060),1927,1943,2012.0,,24.0,Waterloo 1815,16,1935,Новейшее время,2010.0,14.0
2289,RedBox Turkish Sailors 16-17th Century (72078),1501,1699,2015.0,34.0,40.0,RedBox,198,1600,Средневековье,2010.0,11.0
2290,RedBox Turkish Sailors in Battle 16-17th Century (72079),1501,1699,2015.0,33.0,36.0,RedBox,198,1600,Средневековье,2010.0,11.0
2291,RedBox Turkish Sailors Artillery 16-17th Century (72080),1501,1699,2015.0,34.0,20.0,RedBox,198,1600,Средневековье,2010.0,11.0
2292,RedBox English Sailors 16-17th Century (72081),1501,1699,2015.0,36.0,36.0,RedBox,198,1600,Средневековье,2010.0,11.0
2293,Valdemar Medieval Builders Set 2 (VA161),1300,1400,2012.0,49.0,13.0,Valdemar,100,1350,Средневековье,2010.0,14.0
2294,Zvezda German 75mm Infantry Gun (6156),1939,1945,2012.0,,2.0,Zvezda,6,1942,Новейшее время,2010.0,14.0
2295,Zvezda British Anti-tank Gun Ordnance QF 2 pdr (6169),1939,1942,2012.0,,2.0,Zvezda,3,1940,Новейшее время,2010.0,14.0
2296,Caesar German Soldiers with Tank Riders (H077),1939,1945,2013.0,46.0,37.0,Caesar,6,1942,Новейшее время,2010.0,13.0
2297,Caesar Counter-Terrorist Elite Forces (H082),2000,2010,2013.0,43.0,32.0,Caesar,10,2005,Современность,2010.0,13.0
2298,Caesar Dismounted Crusaders (H086),1096,1200,2013.0,47.0,42.0,Caesar,104,1148,Средневековье,2010.0,13.0
2299,Caesar Medieval European Knights 13th Century (H087),1201,1299,2013.0,45.0,36.0,Caesar,98,1250,Средневековье,2010.0,13.0
2300,Caesar European Medieval Foot Soldiers and Archers (H088),1400,1499,2013.0,46.0,36.0,Caesar,99,1449,Средневековье,2010.0,13.0
2301,Caesar German Infantry (CM7711),1939,1945,2012.0,,16.0,Caesar,6,1942,Новейшее время,2010.0,14.0
2302,Caesar German Paratroopers (CM7712),1939,1945,2012.0,,16.0,Caesar,6,1942,Новейшее время,2010.0,14.0
2303,Caesar German Afrikakorps (CM7713),1940,1943,2012.0,,16.0,Caesar,3,1941,Новейшее время,2010.0,14.0
2304,Caesar German Panzergrenadier (Normandy 1944) (CM7716),1944,1944,2012.0,,16.0,Caesar,0,1944,Новейшее время,2010.0,14.0
2305,Caesar German Panzergrenadiers (Camouflage Capes) (CM7717),1940,1945,2012.0,,16.0,Caesar,5,1942,Новейшее время,2010.0,14.0
2306,Mars Polish Infantry (72047),1645,1660,2012.0,37.0,48.0,Mars,15,1652,Новое время,2010.0,14.0
2307,Mars Lithuanian Medium Cavalry (72058),1400,1450,2012.0,32.0,12.0,Mars,50,1425,Средневековье,2010.0,14.0
2308,Mars Russian Medium Cavalry (72059),1401,1450,2012.0,38.0,12.0,Mars,49,1425,Средневековье,2010.0,14.0
2309,Mars Lithuanian-Russian Light Infantry (72060),1400,1450,2012.0,33.0,48.0,Mars,50,1425,Средневековье,2010.0,14.0
2310,Linear-B Spartacus Uprising Defeat (006),-73,-71,2013.0,46.0,52.0,Linear-B,2,-72,Древний мир,2010.0,13.0
2311,Linear-B Roman Construction (004),-150,450,2013.0,39.0,56.0,Linear-B,600,150,Древний мир,2010.0,13.0
2312,Linear-B Roman Valetudinarium (005),-200,500,2013.0,40.0,52.0,Linear-B,700,150,Древний мир,2010.0,13.0
2313,Eduard Czech Air Force (7501),2008,2008,2008.0,,6.0,Eduard,0,2008,Современность,2000.0,18.0
2314,Eduard Royal Flying Corps 1917 (7503),1915,1917,2008.0,45.0,6.0,Eduard,2,1916,Новейшее время,2000.0,18.0
2315,Revell British Paratroopers (Falklands War) (02596),1982,1982,,,,Revell,0,1982,Современность,,
2316,HaT Napoleonic British Heavy Dragoons (8308),1808,1813,2020.0,32.0,12.0,HaT,5,1810,Новое время,2020.0,6.0
2318,Strelets Norman Army Camp (909),900,1150,2016.0,44.0,76.0,Strelets,250,1025,Средневековье,2010.0,10.0
2319,Strelets Catapult with Roman Crew (A009),300,450,2013.0,25.0,11.0,Strelets,150,375,Древний мир,2010.0,13.0
2320,Strelets Ancient Christians (130),30,400,2013.0,46.0,52.0,Strelets,370,215,Древний мир,2010.0,13.0
2321,Strelets Turkish Infantry in Summer Uniform (M092),1861,1879,2013.0,40.0,48.0,Strelets,18,1870,Новое время,2010.0,13.0
2322,Mars Spanish Infantry (Later) (72076),1660,1685,2013.0,,48.0,Mars,25,1672,Новое время,2010.0,13.0
2323,Strelets British Line Infantry in Overcoats - 1 (M094),1812,1815,2014.0,40.0,52.0,Strelets,3,1813,Новое время,2010.0,12.0
2324,Strelets Shaab with Crusader Crew (A010),1100,1270,2013.0,31.0,12.0,Strelets,170,1185,Средневековье,2010.0,13.0
2325,RedBox British Infantry (72049),1745,1746,2013.0,45.0,43.0,RedBox,1,1745,Новое время,2010.0,13.0
2326,RedBox Highland Infantry (72050),1745,1746,2013.0,42.0,43.0,RedBox,1,1745,Новое время,2010.0,13.0
2327,RedBox Militia and Loyalist Troops (72051),1745,1746,2013.0,43.0,43.0,RedBox,1,1745,Новое время,2010.0,13.0
2328,RedBox Landsknechts Heavy Pikemen (72068),1480,1550,2015.0,37.0,24.0,RedBox,70,1515,Средневековье,2010.0,11.0
2329,Mars French Mounted Guards Royal Musketeers (72045),1622,1646,2013.0,37.0,12.0,Mars,24,1634,Новое время,2010.0,13.0
2330,Mars French Mounted Guards of Cardinal Richelieu (72046),1640,1640,2013.0,36.0,12.0,Mars,0,1640,Новое время,2010.0,13.0
2331,Mars Lithuanian Tatars Light Cavalry (72055),1400,1450,2013.0,32.0,12.0,Mars,50,1425,Средневековье,2010.0,13.0
2332,Mars Lithuanian Light Cavalry (72056),1400,1400,2013.0,32.0,12.0,Mars,0,1400,Средневековье,2010.0,13.0
2333,Mars Algerian Pirates (72072),1550,1550,2013.0,34.0,48.0,Mars,0,1550,Средневековье,2010.0,13.0
2334,Zvezda German Headquarters (6133),1939,1942,2016.0,,4.0,Zvezda,3,1940,Новейшее время,2010.0,10.0
2335,Zvezda Soviet Sniper Team (6193),1941,1945,2014.0,,4.0,Zvezda,4,1943,Новейшее время,2010.0,12.0
2336,Strelets Roman Imperial Legion Ranks (M100),-30,150,2015.0,,40.0,Strelets,180,60,Древний мир,2010.0,11.0
2337,Zvezda Soviet Infantry in Winter Uniform (6197),1939,1945,2013.0,,5.0,Zvezda,6,1942,Новейшее время,2010.0,13.0
2338,Zvezda German Infantry in Winter Uniform (6198),1936,1945,2013.0,,5.0,Zvezda,9,1940,Новейшее время,2010.0,13.0
2339,Zvezda Soviet Ski Troops (6199),1941,1945,2014.0,,5.0,Zvezda,4,1943,Новейшее время,2010.0,12.0
2340,Zvezda British Engineers (6219),1939,1942,2014.0,,4.0,Zvezda,3,1940,Новейшее время,2010.0,12.0
2341,Zvezda Soviet Machine Gun 'Maxim' with Crew (Winter) (6220),1941,1945,2014.0,,4.0,Zvezda,4,1943,Новейшее время,2010.0,12.0
2342,Zvezda British Recon Team (6226),1939,1945,2014.0,,4.0,Zvezda,6,1942,Новейшее время,2010.0,12.0
2343,Zvezda British Medical Personnel (6228),1939,1942,2015.0,,4.0,Zvezda,3,1940,Новейшее время,2010.0,11.0
2344,Strelets WWII Early American Soldiers (M105),1939,1942,2015.0,38.0,52.0,Strelets,3,1940,Новейшее время,2010.0,11.0
2345,Strelets Russian Jaegers in Summer Dress (288),1809,1814,2021.0,48.0,44.0,Strelets,5,1811,Новое время,2020.0,5.0
2346,RedBox European Mercenaries Light Horse (72054),1455,1483,2015.0,41.0,12.0,RedBox,28,1469,Средневековье,2010.0,11.0
2347,Zvezda Soviet Motorized Infantry (7404),1985,1985,2013.0,,5.0,Zvezda,0,1985,Современность,2010.0,13.0
2348,Zvezda U.S. Mechanized Infantry (7407),1985,1991,2013.0,,5.0,Zvezda,6,1988,Современность,2010.0,13.0
2349,"Zvezda Soviet Machine Gun NSV 12,7 'Utes' (7411)",1985,1995,2014.0,,3.0,Zvezda,10,1990,Современность,2010.0,12.0
2350,Zvezda Soviet SAM SA-18 'Grouse' (7412),1985,1990,2014.0,,4.0,Zvezda,5,1987,Современность,2010.0,12.0
2351,Zvezda Soviet Anti-Tank Missile System AT-7 'Saxhorn' (7413),1985,1992,2014.0,,3.0,Zvezda,7,1988,Современность,2010.0,12.0
2352,Zvezda US Machine Gun M2 'Browning' (7414),1985,1995,2014.0,,3.0,Zvezda,10,1990,Современность,2010.0,12.0
2353,Zvezda American M-47 Dragon Anti-Tank Missile System (7415),1985,1995,2014.0,,3.0,Zvezda,10,1990,Современность,2010.0,12.0
2354,Zvezda US SAM FIM-92 'Stinger' (7416),1985,1995,2014.0,,4.0,Zvezda,10,1990,Современность,2010.0,12.0
2355,Zvezda Soviet 82mm Mortar with Crew (Winter) (6208),1941,1945,2013.0,,4.0,Zvezda,4,1943,Новейшее время,2010.0,13.0
2356,Zvezda German 80mm Mortar with Winter Crew (6209),1939,1945,2013.0,,4.0,Zvezda,6,1942,Новейшее время,2010.0,13.0
2357,Zvezda German Machine Gun with Crew (Winter) (6210),1939,1945,2013.0,,3.0,Zvezda,6,1942,Новейшее время,2010.0,13.0
2358,Strelets Roman Senate 1 (137),-100,-30,2015.0,41.0,36.0,Strelets,70,-65,Древний мир,2010.0,11.0
2359,Plastic Soldier German PaK 38 Anti Tank Gun (WW2G20003),1939,1945,2013.0,50.0,24.0,Plastic Soldier,6,1942,Новейшее время,2010.0,13.0
2360,RedBox WW2 Japanese Kamikaze (72048),1944,1945,2013.0,50.0,42.0,RedBox,1,1944,Новейшее время,2010.0,13.0
2361,RedBox WW2 Japanese Army Aviation Pilots and Ground Crew (72052),1937,1945,2013.0,47.0,42.0,RedBox,8,1941,Новейшее время,2010.0,13.0
2362,Mars Polish Field Artillery (72077),1600,1699,2014.0,37.0,32.0,Mars,99,1649,Новое время,2010.0,12.0
2363,Revell Afrika Korps (02616),1941,1943,,,,Revell,2,1942,Новейшее время,,
2364,Mars Barbarian Pirates (72071),1490,1650,2014.0,37.0,48.0,Mars,160,1570,Средневековье,2010.0,12.0
2365,RedBox WW2 IJN Pilots and Ground Crew (72053),1937,1945,2013.0,49.0,42.0,RedBox,8,1941,Новейшее время,2010.0,13.0
2366,Italeri Japanese Infantry (6170),1937,1945,1982.0,,50.0,Italeri,8,1941,Новейшее время,1980.0,44.0
2367,GerMan Battle of Gibraltar 1704 (1030),1704,1704,,,,GerMan,0,1704,Новое время,,
2368,GerMan Catalan Bay Gibraltar Assault (1031),1704,1704,,,,GerMan,0,1704,Новое время,,
2369,Metch Destroyer Tank Ho-Chi (172135),1941,1941,,,,Metch,0,1941,Новейшее время,,
2370,Metch US Marines on Pacific - Peleilu Mud Trenches (172190),1942,1942,,,,Metch,0,1942,Новейшее время,,
2371,Metch US Navy Fu-Corsair (172191),1942,1942,,,,Metch,0,1942,Новейшее время,,
2372,Zvezda Soviet 122mm Howitzer (6122),1941,1945,2011.0,,2.0,Zvezda,4,1943,Новейшее время,2010.0,15.0
2373,Zvezda German Heavy Anti-Aircraft Gun (6158),1939,1945,2011.0,,4.0,Zvezda,6,1942,Новейшее время,2010.0,15.0
2374,Zvezda British Bofors 40-mm MkI/II AA-Gun (6170),1939,1945,2013.0,,4.0,Zvezda,6,1942,Новейшее время,2010.0,13.0
2375,Mars Polish Pahioki (72074),1618,1648,2013.0,35.0,48.0,Mars,30,1633,Новое время,2010.0,13.0
2381,Mars Eastern Mercenaries in Winter Dress (72075),1618,1648,2013.0,37.0,48.0,Mars,30,1633,Новое время,2010.0,13.0
2383,Strelets German Army in Stalingrad (M093),1942,1943,2013.0,41.0,48.0,Strelets,1,1942,Новейшее время,2010.0,13.0
2384,Mars Late Mycenaean Heavy Infantry (72085),-1300,-1100,2013.0,32.0,30.0,Mars,200,-1200,Древний мир,2010.0,13.0
2385,Mars Polish Field Artillery (72063),1400,1450,2013.0,44.0,16.0,Mars,50,1425,Средневековье,2010.0,13.0
2388,Valiant British 6 pounder Anti-Tank Gun and Crew (VM009),1939,1945,2013.0,46.0,8.0,Valiant,6,1942,Новейшее время,2010.0,13.0
2391,Strelets Polish Peoples Army (M095),1943,1945,2014.0,41.0,52.0,Strelets,2,1944,Новейшее время,2010.0,12.0
2392,Strelets Finnish Army 1944 (M096),1944,1944,2014.0,42.0,52.0,Strelets,0,1944,Новейшее время,2010.0,12.0
2393,Strelets British Line Infantry in Overcoats 2 (M097),1812,1816,2015.0,41.0,48.0,Strelets,4,1814,Новое время,2010.0,11.0
2394,Strelets American Militia in Winter Dress 1812 (M098),1812,1815,2015.0,44.0,48.0,Strelets,3,1813,Новое время,2010.0,11.0
2397,Waterloo 1815 Cromwell's Cavalry (033),1642,1650,2014.0,33.0,12.0,Waterloo 1815,8,1646,Новое время,2010.0,12.0
2398,Mars Imperial Mercenary Infantry in Summer Dress (72048),1618,1648,2013.0,35.0,48.0,Mars,30,1633,Новое время,2010.0,13.0
2399,Mars Imperial Mercenary Infantry in Winter Dress (72049),1618,1648,2013.0,37.0,48.0,Mars,30,1633,Новое время,2010.0,13.0
2400,Mars Lithuanian-Russian Medium Infantry (72061),1401,1450,2013.0,39.0,48.0,Mars,49,1425,Средневековье,2010.0,13.0
2401,Mars Polish Infantry (Early) (72073),1618,1630,2013.0,41.0,48.0,Mars,12,1624,Новое время,2010.0,13.0
2402,Waterloo 1815 Highland Infantry 1815 in Square (039),1815,1815,2014.0,45.0,41.0,Waterloo 1815,0,1815,Новое время,2010.0,12.0
2403,RedBox Stradioti Set 1 (72074),1495,1580,2015.0,38.0,12.0,RedBox,85,1537,Средневековье,2010.0,11.0
2404,RedBox Jinetes Set 2 (72077),1501,1599,2015.0,38.0,12.0,RedBox,98,1550,Средневековье,2010.0,11.0
2408,First To Fight Polish Infantry (PL1939-019),1935,1939,2014.0,40.0,24.0,First To Fight,4,1937,Новейшее время,2010.0,12.0
2409,Linear-B Age of Tudors (012),1490,1550,2013.0,48.0,64.0,Linear-B,60,1520,Средневековье,2010.0,13.0
2410,Zvezda Russian Dragoons Command (6817),1810,1815,2015.0,,3.0,Zvezda,5,1812,Новое время,2010.0,11.0
2411,Zvezda French Dragoons Command (6818),1812,1815,2015.0,,3.0,Zvezda,3,1813,Новое время,2010.0,11.0
2412,Plastic Soldier US Infantry Heavy Weapons (WW2020007),1943,1945,2014.0,42.0,57.0,Plastic Soldier,2,1944,Новейшее время,2010.0,12.0
2413,Revell British 8th Army (02617),1940,1943,,,,Revell,3,1941,Новейшее время,,
2414,Revell German Pak 40 & Soldiers (02531),1939,1945,2007.0,,12.0,Revell,6,1942,Новейшее время,2000.0,19.0
2415,RedBox Turkish Artillery (72066),1500,1599,2014.0,45.0,16.0,RedBox,99,1549,Средневековье,2010.0,12.0
2416,RedBox Landsknechts Heavy Infantry (72063),1480,1560,2015.0,38.0,32.0,RedBox,80,1520,Средневековье,2010.0,11.0
2417,RedBox Turkish Artillery (72067),1600,1699,2014.0,45.0,16.0,RedBox,99,1649,Новое время,2010.0,12.0
2418,RedBox Landsknechts Artillery (72064),1480,1600,2015.0,41.0,16.0,RedBox,120,1540,Средневековье,2010.0,11.0
2419,Ykreol Samurai Warriors (YK22),1400,1650,,,32.0,Ykreol,250,1525,Средневековье,,
2420,Linear-B Roman Slave Market (076),-100,300,2014.0,39.0,56.0,Linear-B,400,100,Древний мир,2010.0,12.0
2421,Linear-B Roman Peasantry (077),-100,300,2014.0,38.0,40.0,Linear-B,400,100,Древний мир,2010.0,12.0
2422,Mars Polish 'Lisovchiki' (72079),1607,1624,2014.0,35.0,12.0,Mars,17,1615,Новое время,2010.0,12.0
2423,Mars Lithuanian Tartars (72080),1601,1650,2014.0,33.0,12.0,Mars,49,1625,Новое время,2010.0,12.0
2424,Mars Early Mycenaean Infantry (72086),-1500,-1400,2014.0,31.0,30.0,Mars,100,-1450,Древний мир,2010.0,12.0
2425,Mars Late Mycenaean Light Infantry (72087),-1250,-1200,2014.0,31.0,40.0,Mars,50,-1225,Древний мир,2010.0,12.0
2426,Valiant German Paratroop Heavy Weapons (VM010),1939,1945,2014.0,45.0,11.0,Valiant,6,1942,Новейшее время,2010.0,12.0
2427,Strelets Russian Army Sledge Train 1 (135),1812,1813,2015.0,44.0,13.0,Strelets,1,1812,Новое время,2010.0,11.0
2428,Strelets Russian Army Sledge Train 2 (136),1812,1813,2015.0,,13.0,Strelets,1,1812,Новое время,2010.0,11.0
2429,Strelets WWI 9.2-inch British Siege Howitzer MK I (A012),1916,1918,2015.0,39.0,10.0,Strelets,2,1917,Новейшее время,2010.0,11.0
2430,Strelets WWI 21 cm MRS 10 German Heavy Howitzer (A013),1914,1916,2015.0,38.0,10.0,Strelets,2,1915,Новейшее время,2010.0,11.0
2431,Orion Soviet Tankmen and Crew (72046),1939,1942,2014.0,45.0,39.0,Orion,3,1940,Новейшее время,2010.0,12.0
2432,Strelets Bavarian Cuirassiers (258),1684,1710,2022.0,47.0,12.0,Strelets,26,1697,Новое время,2020.0,4.0
2433,Waterloo 1815 WWII Italian Infantry (Campaign Dress) (040),1940,1943,2016.0,47.0,42.0,Waterloo 1815,3,1941,Новейшее время,2010.0,10.0
2434,Waterloo 1815 Royal Italian Air Force Pilots and Crew (055),1940,1943,2016.0,44.0,16.0,Waterloo 1815,3,1941,Новейшее время,2010.0,10.0
2435,Waterloo 1815 British Heavy Dragoons (053),1812,1815,2015.0,46.0,12.0,Waterloo 1815,3,1813,Новое время,2010.0,11.0
2436,Waterloo 1815 French Line Lancers (054),1811,1815,2015.0,47.0,18.0,Waterloo 1815,4,1813,Новое время,2010.0,11.0
2437,Ultima Ratio Mujahidins Taliban al-Qaeda (UR001),1978,2014,2014.0,44.0,39.0,Ultima Ratio,36,1996,Современность,2010.0,12.0
2442,Mars Wallachian Infantry (72081),1618,1648,2014.0,,48.0,Mars,30,1633,Новое время,2010.0,12.0
2443,Mars Sea Peoples (72088),-1230,-1150,2014.0,32.0,40.0,Mars,80,-1190,Древний мир,2010.0,12.0
2444,Mars Achaeans (72089),-1299,-1100,2014.0,28.0,40.0,Mars,199,-1200,Древний мир,2010.0,12.0
2445,RedBox Landsknechts (Sword/Arquebus) (72057),1490,1550,2014.0,36.0,34.0,RedBox,60,1520,Средневековье,2010.0,12.0
2446,RedBox Landsknechts (Pikemen) (72058),1490,1550,2014.0,40.0,20.0,RedBox,60,1520,Средневековье,2010.0,12.0
2447,RedBox Landsknechts (Halberdiers) (72059),1490,1550,2014.0,43.0,20.0,RedBox,60,1520,Средневековье,2010.0,12.0
2448,RedBox Swiss Infantry (Sword/Arquebus) (72060),1490,1600,2014.0,36.0,34.0,RedBox,110,1545,Средневековье,2010.0,12.0
2449,RedBox Swiss Pikemen (72061),1470,1550,2014.0,40.0,20.0,RedBox,80,1510,Средневековье,2010.0,12.0
2450,RedBox Swiss Halberdiers (72062),1490,1540,2014.0,43.0,20.0,RedBox,50,1515,Средневековье,2010.0,12.0
2451,RedBox European Mounted Men-at-Arms (72047),1455,1485,2016.0,38.0,12.0,RedBox,30,1470,Средневековье,2010.0,10.0
2452,HaT WWI Italian Arditi (8221),1917,1920,2021.0,27.0,48.0,HaT,3,1918,Новейшее время,2020.0,5.0
2453,HaT WWI Italian Heavy Weapons (8222),1915,1918,2021.0,38.0,32.0,HaT,3,1916,Новейшее время,2020.0,5.0
2454,HaT WWI Italian Infantry (8223),1916,1918,2021.0,37.0,48.0,HaT,2,1917,Новейшее время,2020.0,5.0
2455,HaT Prussian Landwehr Action (8310),1813,1815,2018.0,39.0,56.0,HaT,2,1814,Новое время,2010.0,8.0
2456,Strelets Austrian Grenadiers Winter Standing Shoulder Arms (206),1805,1815,2019.0,41.0,45.0,Strelets,10,1810,Новое время,2010.0,7.0
2458,Linear-A Roman Army of Maximinus Thrax (1): Infantry (069),235,238,2024.0,47.0,40.0,Linear-A,3,236,Древний мир,2020.0,2.0
2459,Linear-A Legions of Gnaeus Pompeius Magnus (Set 1) (065),-90,-40,2025.0,45.0,20.0,Linear-A,50,-65,Древний мир,2020.0,1.0
2460,Linear-A Roman Legion of Antonius in Egyptian Service (066),-40,-31,2024.0,42.0,41.0,Linear-A,9,-36,Древний мир,2020.0,2.0
2461,Strelets French Guards Chasseurs (277),1804,1809,2021.0,46.0,15.0,Strelets,5,1806,Новое время,2020.0,5.0
2462,Caesar German Infantry Tank Riders Winter Set 2 (H079),1939,1945,2016.0,48.0,34.0,Caesar,6,1942,Новейшее время,2010.0,10.0
2463,Strelets Austrian Uhlans (275),1801,1815,2021.0,46.0,14.0,Strelets,14,1808,Новое время,2020.0,5.0
2464,First To Fight German Infantry 1939 (PL1939-016),1939,1940,2014.0,38.0,24.0,First To Fight,1,1939,Новейшее время,2010.0,12.0
2465,Linear-B Mithridatic Heavy Infantry (078),-110,-63,2015.0,39.0,36.0,Linear-B,47,-87,Древний мир,2010.0,11.0
2466,Plastic Soldier German Stowage and Tank Commanders (WW2V20021),1939,1945,2015.0,49.0,45.0,Plastic Soldier,6,1942,Новейшее время,2010.0,11.0
2467,Mars Buccaneers (72082),1620,1660,2015.0,37.0,48.0,Mars,40,1640,Новое время,2010.0,11.0
2468,Preiser German Zundapp Motorcycles with Riders (72538),1939,1945,2016.0,48.0,5.0,Preiser,6,1942,Новейшее время,2010.0,10.0
2469,Preiser Zundapp Motorcycles with Crews Pushing (72539),1939,1945,2016.0,45.0,4.0,Preiser,6,1942,Новейшее время,2010.0,10.0
2470,Linear-A The Silk Road in Ancient Times (008),-200,700,2018.0,46.0,28.0,Linear-A,900,250,Древний мир,2010.0,8.0
2471,Strelets Stamford Bridge (911),1050,1080,2016.0,43.0,158.0,Strelets,30,1065,Средневековье,2010.0,10.0
2472,Strelets Hastings 1066: Norman Army (910),1030,1090,2016.0,47.0,126.0,Strelets,60,1060,Средневековье,2010.0,10.0
2473,Strelets Hastings 1066: Anglo-Saxon Army (912),1050,1070,2016.0,37.0,158.0,Strelets,20,1060,Средневековье,2010.0,10.0
2474,Strelets Bashi-Bazouks (M054),1800,1880,2018.0,43.0,52.0,Strelets,80,1840,Новое время,2010.0,8.0
2475,Strelets 8th Army Australian Heavy Weapons Squad (M156),1939,1943,2021.0,39.0,36.0,Strelets,4,1941,Новейшее время,2020.0,5.0
2476,Strelets English Longbowmen (M117),1250,1480,2016.0,47.0,56.0,Strelets,230,1365,Средневековье,2010.0,10.0
2477,Strelets English Men-At-Arms 13th-14th Century (M118),1201,1399,2016.0,45.0,52.0,Strelets,198,1300,Средневековье,2010.0,10.0
2478,Mars Turkish Eyalet Infantry (72097),1601,1699,2016.0,31.0,48.0,Mars,98,1650,Новое время,2010.0,10.0
2479,RedBox Osman Sipahi Set 1 (72094),1501,1620,2016.0,39.0,12.0,RedBox,119,1560,Средневековье,2010.0,10.0
2480,Mars Swedish Dragoons (Set 2) (72095),1630,1635,2016.0,24.0,12.0,Mars,5,1632,Новое время,2010.0,10.0
2481,Mars Imperial Dragoons (72096),1610,1650,2016.0,25.0,12.0,Mars,40,1630,Новое время,2010.0,10.0
2482,RedBox Osman Sipahi Set 2 (72095),1501,1620,2016.0,36.0,12.0,RedBox,119,1560,Средневековье,2010.0,10.0
2483,Panzer vs Tanks Israeli IDF Advance Set (Mitznefet) (022),2001,2016,2015.0,50.0,12.0,Panzer vs Tanks,15,2008,Современность,2010.0,11.0
2484,Panzer vs Tanks Roman Legion Testudo (001),30,150,,,,Panzer vs Tanks,120,90,Древний мир,,
2485,RedBox Ukrainian Cossack Cavalry Set 1 (72125),1501,1599,2019.0,41.0,12.0,RedBox,98,1550,Средневековье,2010.0,7.0
2486,Panzer vs Tanks German Ground Crew Set 1 (003),1914,1918,2015.0,50.0,30.0,Panzer vs Tanks,4,1916,Новейшее время,2010.0,11.0
2487,RedBox Ukrainian Cossack Cavalry Set 2 (72126),1501,1599,2019.0,39.0,12.0,RedBox,98,1550,Средневековье,2010.0,7.0
2488,Panzer vs Tanks US Navy Sailors Combat Set 2 (005),1942,1945,2016.0,50.0,30.0,Panzer vs Tanks,3,1943,Новейшее время,2010.0,10.0
2489,Orion Local Communist Force (72056),1946,1975,2019.0,33.0,52.0,Orion,29,1960,Современность,2010.0,7.0
2490,Linear-A Hannibal Crosses the Alps Set 3 (Elephants) (016),-220,-200,2020.0,47.0,10.0,Linear-A,20,-210,Древний мир,2020.0,6.0
2491,Orion Turkish Cavalry (Deli) (72055),1501,1699,2019.0,45.0,12.0,Orion,198,1600,Средневековье,2010.0,7.0
2492,RedBox Russian Line Infantry (72131),1805,1808,2019.0,45.0,34.0,RedBox,3,1806,Новое время,2010.0,7.0
2493,RedBox Russian Grenadiers (72130),1804,1808,2019.0,42.0,34.0,RedBox,4,1806,Новое время,2010.0,7.0
2494,RedBox Russian Light Infantry (72132),1803,1807,2019.0,44.0,36.0,RedBox,4,1805,Новое время,2010.0,7.0
2495,Panzer vs Tanks German U-Boat Crew Set 1 (012),1935,1945,2016.0,50.0,30.0,Panzer vs Tanks,10,1940,Новейшее время,2010.0,10.0
2496,Panzer vs Tanks German U-Boat Crew Set 2 (013),1939,1945,2016.0,50.0,30.0,Panzer vs Tanks,6,1942,Новейшее время,2010.0,10.0
2497,Orion German Anti-Resistance Troops (72054),1939,1945,2019.0,38.0,48.0,Orion,6,1942,Новейшее время,2010.0,7.0
2498,Linear-A Napoleonic French Engineers (024),1800,1815,2026.0,46.0,20.0,Linear-A,15,1807,Новое время,2020.0,0.0
2499,Linear-A Hannibal Makes a Triumphal Entry in Italy (023),-230,-200,2020.0,46.0,24.0,Linear-A,30,-215,Древний мир,2020.0,6.0
2500,Linear-A Roman Legion Set 2 (018),-10,30,2021.0,44.0,48.0,Linear-A,40,10,Древний мир,2020.0,5.0
2501,Linear-A Battle of Cunaxa Set 2 (019),-401,-399,2021.0,37.0,48.0,Linear-A,2,-400,Древний мир,2020.0,5.0
2502,Strelets Highlanders Standing Shoulder Arms (199),1800,1816,2019.0,47.0,45.0,Strelets,16,1808,Новое время,2010.0,7.0
2503,Linear-A The Minoans (020),-1600,-1450,2021.0,41.0,48.0,Linear-A,150,-1525,Древний мир,2020.0,5.0
2504,HaT WWI Italian Sampler (8331),1915,1918,2021.0,,32.0,HaT,3,1916,Новейшее время,2020.0,5.0
2505,Strelets Spanish Pro-Bourbon Infantry (263),1704,1715,2025.0,46.0,52.0,Strelets,11,1709,Новое время,2020.0,1.0
2506,Mars German Panzerjägers (72128),1942,1945,2022.0,44.0,40.0,Mars,3,1943,Новейшее время,2020.0,4.0
2507,Mars British Commonwealth Troops (72127),1943,1945,2022.0,42.0,40.0,Mars,2,1944,Новейшее время,2020.0,4.0
2508,Strelets WWI French Infantry in Summer Dress (M134),1915,1918,2019.0,40.0,52.0,Strelets,3,1916,Новейшее время,2010.0,7.0
2509,Panzer vs Tanks Israel IDF Patrol Set 5 (027),2012,2016,2015.0,50.0,12.0,Panzer vs Tanks,4,2014,Современность,2010.0,11.0
2511,Valiant German Infantry 42-44 (FT001),1942,1944,2018.0,43.0,21.0,Valiant,2,1943,Новейшее время,2010.0,8.0
2514,Linear-A Roman Legion Set 1 (017),-40,40,2020.0,44.0,48.0,Linear-A,80,0,Древний мир,2020.0,6.0
2515,Linear-A German Warriors Set 1 (009),1,40,2018.0,41.0,48.0,Linear-A,39,20,Древний мир,2010.0,8.0
2516,RedBox Scottish Heavy Cavalry (72056),1460,1485,2016.0,44.0,12.0,RedBox,25,1472,Средневековье,2010.0,10.0
2517,RedBox Spanish Infantry (Set 1) (72096),1550,1599,2016.0,48.0,40.0,RedBox,49,1574,Средневековье,2010.0,10.0
2518,RedBox Italian Infantry (Set 1) (72099),1501,1599,2016.0,46.0,40.0,RedBox,98,1550,Средневековье,2010.0,10.0
2519,RedBox Scottish Light Cavalry (72108),1450,1490,2016.0,43.0,12.0,RedBox,40,1470,Средневековье,2010.0,10.0
2520,Caesar Chinese Han Dynasty Troopers (H043),-206,220,2016.0,48.0,37.0,Caesar,426,7,Древний мир,2010.0,10.0
2521,Strelets Indian Troops (M119),1939,1945,2016.0,39.0,56.0,Strelets,6,1942,Новейшее время,2010.0,10.0
2525,Strelets Rif Rebellion (191),1920,1928,2019.0,39.0,14.0,Strelets,8,1924,Новейшее время,2010.0,7.0
2526,Strelets Mounted Rif Rebels (190),1921,1928,2019.0,27.0,12.0,Strelets,7,1924,Новейшее время,2010.0,7.0
2527,Strelets Pom-Pom Gun with Scottish Crew (189),1900,1902,2019.0,35.0,24.0,Strelets,2,1901,Новейшее время,2010.0,7.0
2528,Strelets Prussian Hussars (155),1807,1815,2020.0,46.0,15.0,Strelets,8,1811,Новое время,2020.0,6.0
2529,Valiant German 81mm Mortar and Tripod MG42 (FT002),1939,1945,2018.0,49.0,13.0,Valiant,6,1942,Новейшее время,2010.0,8.0
2530,Linear-A Hannibal Crosses the Alps Set 2 (013),-250,-150,2020.0,41.0,12.0,Linear-A,100,-200,Древний мир,2020.0,6.0
2531,Strelets French Foreign Legion Desert Patrol (192),1897,1912,2019.0,38.0,14.0,Strelets,15,1904,Новейшее время,2010.0,7.0
2532,First To Fight 37mm Anti-Tank Gun with Uhlan Crew (PL1939-069),1939,1939,2019.0,41.0,8.0,First To Fight,0,1939,Новейшее время,2010.0,7.0
2533,Strelets Highlanders on the March (140),1813,1815,2016.0,47.0,44.0,Strelets,2,1814,Новое время,2010.0,10.0
2534,Strelets Polish Infantry on the March (142),1807,1815,2016.0,48.0,44.0,Strelets,8,1811,Новое время,2010.0,10.0
2535,Strelets Pom-Pom Gun with Boer Crew (188),1899,1902,2019.0,41.0,20.0,Strelets,3,1900,Новое время,2010.0,7.0
2536,Strelets Bavarian Infantry Firing Line (273),1807,1812,2023.0,45.0,43.0,Strelets,5,1809,Новое время,2020.0,3.0
2537,Orion WWII USA Tank Crew Winter Dress (72050),1942,1945,2019.0,41.0,48.0,Orion,3,1943,Новейшее время,2010.0,7.0
2538,Strelets French Foreign Legion WWII (187),1941,1943,2018.0,45.0,46.0,Strelets,2,1942,Новейшее время,2010.0,8.0
2539,Strelets French Foreign Legion Early XX C. (186),1900,1913,2018.0,43.0,46.0,Strelets,13,1906,Новейшее время,2010.0,8.0
2540,Strelets Foot Rif Rebels (185),1920,1932,2018.0,35.0,44.0,Strelets,12,1926,Новейшее время,2010.0,8.0
2541,Mars German Naval Troops (72112),1939,1945,2018.0,35.0,40.0,Mars,6,1942,Новейшее время,2010.0,8.0
2542,Waterloo 1815 WWI Italian Cavalry (042),1916,1918,2020.0,43.0,10.0,Waterloo 1815,2,1917,Новейшее время,2020.0,6.0
2543,Strelets Highlanders in Attack (146),1805,1816,2017.0,46.0,43.0,Strelets,11,1810,Новое время,2010.0,9.0
2544,Strelets IJA Paratroopers (M120),1941,1945,2017.0,40.0,52.0,Strelets,4,1943,Новейшее время,2010.0,9.0
2545,Mars Osman Siege Artillery (Mortar) (72098),1601,1699,2016.0,34.0,24.0,Mars,98,1650,Новое время,2010.0,10.0
2546,Mars Sobieski's Polish Infantry (72099),1674,1696,2016.0,29.0,48.0,Mars,22,1685,Новое время,2010.0,10.0
2547,Strelets Japanese Type 96 with Crew (139),1943,1945,2017.0,47.0,20.0,Strelets,2,1944,Новейшее время,2010.0,9.0
2548,Billy V American Western Settlers + Conestoga Wagon (682),1860,1890,,,,Billy V,30,1875,Новое время,,
2549,Strelets Confederate Troops on the March (147),1861,1865,2017.0,43.0,48.0,Strelets,4,1863,Новое время,2010.0,9.0
2550,Strelets US Infantry on the March (149),1861,1865,2017.0,43.0,48.0,Strelets,4,1863,Новое время,2010.0,9.0
2551,Strelets US Troops in Attack (150),1861,1865,2017.0,44.0,47.0,Strelets,4,1863,Новое время,2010.0,9.0
2552,Strelets US Cavalry Skirmishing (151),1863,1865,2017.0,44.0,28.0,Strelets,2,1864,Новое время,2010.0,9.0
2553,Strelets Imperial Japanese Army Heavy Weapons Team (M121),1938,1945,2017.0,39.0,40.0,Strelets,7,1941,Новейшее время,2010.0,9.0
2554,Strelets Turkish Infantry in Tropical Uniform (M122),1914,1919,2017.0,43.0,52.0,Strelets,5,1916,Новейшее время,2010.0,9.0
2555,Strelets Imperial Camel Corps Dismounted (M123),1916,1919,2018.0,46.0,52.0,Strelets,3,1917,Новейшее время,2010.0,8.0
2556,Revell Austrian Dragoons & Prussian Hussars (02453),1756,1763,,,,Revell,7,1759,Новое время,,
2557,Revell Austrian & Prussian Infantry (02452),1756,1763,,,,Revell,7,1759,Новое время,,
2558,Waterloo 1815 Napoleonic French Foot Dragoons (041),1804,1810,2017.0,47.0,52.0,Waterloo 1815,6,1807,Новое время,2010.0,9.0
2559,Strelets US Infantry in Attack 2 (153),1861,1865,2017.0,45.0,47.0,Strelets,4,1863,Новое время,2010.0,9.0
2560,HaT Austrians Marching (8322),1740,1767,2019.0,43.0,48.0,HaT,27,1753,Новое время,2010.0,7.0
2561,HaT Austrians Action (8323),1740,1767,2019.0,39.0,48.0,HaT,27,1753,Новое время,2010.0,7.0
2562,HaT Austrians Command (8324),1740,1767,2019.0,44.0,36.0,HaT,27,1753,Новое время,2010.0,7.0
2563,Linear-A Legions of Marcus Licinius Crassus (Set 1) (067),-60,-40,2025.0,47.0,20.0,Linear-A,20,-50,Древний мир,2020.0,1.0
2564,Ultima Ratio Gladiators Retiarius Provokator (UR020),-100,300,2023.0,40.0,24.0,Ultima Ratio,400,100,Древний мир,2020.0,3.0
2565,Linear-A Imperial Roman Standards & Standard Bearers (2) (070),50,150,2024.0,49.0,40.0,Linear-A,100,100,Древний мир,2020.0,2.0
2566,RedBox Spanish Infantry (Set 2) (72097),1540,1580,2017.0,38.0,40.0,RedBox,40,1560,Средневековье,2010.0,9.0
2567,RedBox Spanish Infantry (Set 3 - Pike) (72098),1540,1590,2017.0,37.0,24.0,RedBox,50,1565,Средневековье,2010.0,9.0
2568,RedBox Italian Infantry (Set 2) (72100),1501,1599,2017.0,38.0,40.0,RedBox,98,1550,Средневековье,2010.0,9.0
2569,RedBox Italian Infantry (Set 3 - Pike) (72101),1501,1599,2017.0,36.0,24.0,RedBox,98,1550,Средневековье,2010.0,9.0
2570,RedBox Burgundian Infantry and Knights (Set 1) (72109),1401,1499,2017.0,40.0,32.0,RedBox,98,1450,Средневековье,2010.0,9.0
2571,RedBox Burgundian Infantry and Knights (Set 2) (72110),1401,1477,2017.0,41.0,32.0,RedBox,76,1439,Средневековье,2010.0,9.0
2572,Ultima Ratio Imperial Japanese Army Paratroopers (UR005),1941,1945,2017.0,42.0,33.0,Ultima Ratio,4,1943,Новейшее время,2010.0,9.0
2573,Ultima Ratio Chindits (UR006),1943,1944,2017.0,42.0,33.0,Ultima Ratio,1,1943,Новейшее время,2010.0,9.0
2574,Ultima Ratio Swiss Infantry (Uri) (UR007),1401,1499,2017.0,38.0,24.0,Ultima Ratio,98,1450,Средневековье,2010.0,9.0
2575,Ultima Ratio Swiss Infantry (Bern) (UR008),1401,1499,2017.0,41.0,24.0,Ultima Ratio,98,1450,Средневековье,2010.0,9.0
2576,Mars Burgundian Field Artillery (72067),1450,1477,2017.0,31.0,24.0,Mars,27,1463,Средневековье,2010.0,9.0
2577,Mars Swedish Leather Guns (72100),1625,1635,2017.0,29.0,24.0,Mars,10,1630,Новое время,2010.0,9.0
2578,Mars Turkish Heavy Artillery (72101),1601,1699,2017.0,27.0,18.0,Mars,98,1650,Новое время,2010.0,9.0
2579,Strelets Imperial Japanese Army in Attack (M128),1937,1945,2017.0,41.0,52.0,Strelets,8,1941,Новейшее время,2010.0,9.0
2580,Strelets WWII Indian Infantry Heavy Weapons (M129),1939,1945,2017.0,44.0,40.0,Strelets,6,1942,Новейшее время,2010.0,9.0
2581,Strelets Arab Revolt Foot Rebels (M127),1916,1918,2017.0,39.0,52.0,Strelets,2,1917,Новейшее время,2010.0,9.0
2582,Zvezda Soviet Headquarters in Winter Uniform (6231),1940,1945,2017.0,,4.0,Zvezda,5,1942,Новейшее время,2010.0,9.0
2583,Strelets Serbian Infantry in Winter Uniform (M126),1916,1918,2017.0,40.0,52.0,Strelets,2,1917,Новейшее время,2010.0,9.0
2584,Strelets Pickett's Charge 2 (152),1861,1865,2017.0,42.0,46.0,Strelets,4,1863,Новое время,2010.0,9.0
2585,Strelets British Infantry Standing at Ease (162),1812,1815,2017.0,45.0,40.0,Strelets,3,1813,Новое время,2010.0,9.0
2586,RedBox Spanish Sailors Set 1 (72102),1501,1650,2017.0,46.0,40.0,RedBox,149,1575,Средневековье,2010.0,9.0
2587,RedBox Spanish Sailors In Battle Set 2 (72103),1501,1630,2017.0,45.0,36.0,RedBox,129,1565,Средневековье,2010.0,9.0
2588,RedBox Spanish Sailors Artillery Set 3 (72104),1501,1699,2017.0,46.0,28.0,RedBox,198,1600,Средневековье,2010.0,9.0
2589,RedBox Italian Sailors Set 1 (72105),1501,1699,2017.0,36.0,36.0,RedBox,198,1600,Средневековье,2010.0,9.0
2590,RedBox Italian Sailors Set 2 (72106),1501,1699,2017.0,38.0,40.0,RedBox,198,1600,Средневековье,2010.0,9.0
2591,RedBox Italian Sailors in Battle Set 3 (72107),1501,1699,2017.0,43.0,36.0,RedBox,198,1600,Средневековье,2010.0,9.0
2592,Linear-A Hannibal Crosses the Alps Set 1 (011),-200,-200,2018.0,43.0,50.0,Linear-A,0,-200,Древний мир,2010.0,8.0
2593,Caesar WWII German Winter Unit with Pak 36 / Servants (H097),1939,1945,2017.0,45.0,25.0,Caesar,6,1942,Новейшее время,2010.0,9.0
2594,Caesar WWII German Fallschirmjager Heavy Weapons (H098),1940,1945,2017.0,50.0,19.0,Caesar,5,1942,Новейшее время,2010.0,9.0
2595,Caesar WWII German Panzer Crews (Set 2 Winter/Greatcoat) (HB05),1942,1945,2017.0,50.0,25.0,Caesar,3,1943,Новейшее время,2010.0,9.0
2596,Strelets US Infantry Standing (157),1861,1865,2017.0,46.0,48.0,Strelets,4,1863,Новое время,2010.0,9.0
2597,Strelets WWI Polish Infantry (Blue Army) (M130),1917,1922,2017.0,45.0,52.0,Strelets,5,1919,Новейшее время,2010.0,9.0
2598,Strelets Creusot Long Tom 155mm Gun with Boer Crew (A014),1898,1902,2018.0,41.0,10.0,Strelets,4,1900,Новое время,2010.0,8.0
2599,Strelets 105mm Cannon Schneider 1913 (A015),1915,1918,2019.0,47.0,10.0,Strelets,3,1916,Новейшее время,2010.0,7.0
2600,Strelets Highlanders Standing at Ease (163),1813,1815,2017.0,46.0,40.0,Strelets,2,1814,Новое время,2010.0,9.0
2601,Mars Austrian Infantry (Late 17th Century) (72102),1660,1690,2017.0,36.0,48.0,Mars,30,1675,Новое время,2010.0,9.0
2602,Mars Turkish Infantry (Tufekei) (72104),1580,1699,2017.0,37.0,48.0,Mars,119,1639,Новое время,2010.0,9.0
2603,Zvezda German Headquarters in Winter Uniform (6232),1935,1945,2017.0,,4.0,Zvezda,10,1940,Новейшее время,2010.0,9.0
2604,Strelets Red Cavalry in Summer Dress (164),1918,1924,2017.0,43.0,14.0,Strelets,6,1921,Новейшее время,2010.0,9.0
2605,Strelets British Camel Corps (165),1916,1919,2018.0,43.0,13.0,Strelets,3,1917,Новейшее время,2010.0,8.0
2606,Mars Turkish Field Artillery (72103),1501,1699,2017.0,34.0,24.0,Mars,198,1600,Средневековье,2010.0,9.0
2607,Mars Turkish Headquarters (72105),1601,1699,2017.0,32.0,41.0,Mars,98,1650,Новое время,2010.0,9.0
2608,Strelets Australian Dismounted Camel Corps (M131),1916,1918,2018.0,44.0,52.0,Strelets,2,1917,Новейшее время,2010.0,8.0
2609,Strelets Australian Camel Corps (166),1916,1918,2018.0,41.0,14.0,Strelets,2,1917,Новейшее время,2010.0,8.0
2610,Strelets Turkish Camel Corps (167),1914,1918,2018.0,,13.0,Strelets,4,1916,Новейшее время,2010.0,8.0
2611,Strelets Arab Uprising (172),1916,1918,2018.0,40.0,14.0,Strelets,2,1917,Новейшее время,2010.0,8.0
2612,HaT Napoleonic Naval Cannon and Crew (8311),1800,1815,2004.0,,80.0,HaT,15,1807,Новое время,2000.0,22.0
2613,HaT British Marines and Fighting Sailors (8325),1800,1815,2004.0,,80.0,HaT,15,1807,Новое время,2000.0,22.0
2614,Strelets 8th Army Heavy Weapons Squad (M132),1941,1945,2018.0,46.0,45.0,Strelets,4,1943,Новейшее время,2010.0,8.0
2615,Hasegawa Japanese Navy Airmen Set (35116),1937,1945,2018.0,50.0,16.0,Hasegawa,8,1941,Новейшее время,2010.0,8.0
2616,Ultima Ratio Guards of Cardinal Richelieu (UR012),1626,1650,2018.0,43.0,24.0,Ultima Ratio,24,1638,Новое время,2010.0,8.0
2617,Ultima Ratio Musketeers of the King of France (UR011),1622,1650,2018.0,48.0,24.0,Ultima Ratio,28,1636,Новое время,2010.0,8.0
2618,Ultima Ratio Italian Militiamen 1260-1392 (UR010),1260,1392,2018.0,42.0,24.0,Ultima Ratio,132,1326,Средневековье,2010.0,8.0
2619,Ultima Ratio Medieval Gunpowder Castle Artillery (UR009),1350,1480,2018.0,42.0,24.0,Ultima Ratio,130,1415,Средневековье,2010.0,8.0
2620,Strelets French Line Infantry on the March 1 (173),1806,1815,2019.0,38.0,44.0,Strelets,9,1810,Новое время,2010.0,7.0
2621,Strelets Confederate Skirmishing (158),1861,1865,2018.0,43.0,49.0,Strelets,4,1863,Новое время,2010.0,8.0
2622,Strelets sPzB41 AT Gun with DAK Crew (M158),1941,1943,2021.0,37.0,32.0,Strelets,2,1942,Новейшее время,2020.0,5.0
2623,Strelets Landwehr on the March (168),1813,1815,2018.0,47.0,44.0,Strelets,2,1814,Новое время,2010.0,8.0
2624,Strelets Landwehr Standing at Ease (169),1813,1815,2018.0,47.0,47.0,Strelets,2,1814,Новое время,2010.0,8.0
2625,Strelets Old Guard Standing at Ease (170),1804,1815,2018.0,44.0,44.0,Strelets,11,1809,Новое время,2010.0,8.0
2626,Strelets Old Guard at Attention (171),1804,1815,2018.0,40.0,44.0,Strelets,11,1809,Новое время,2010.0,8.0
2627,Zvezda German Anti-Tank Rifle Team (6216),1939,1943,2018.0,,4.0,Zvezda,4,1941,Новейшее время,2010.0,8.0
2628,Zvezda German Sniper Team (6217),1941,1945,2018.0,,4.0,Zvezda,4,1943,Новейшее время,2010.0,8.0
2629,Waterloo 1815 WWI Italian Infantry Set 2 (043),1916,1918,2018.0,44.0,51.0,Waterloo 1815,2,1917,Новейшее время,2010.0,8.0
2630,Waterloo 1815 WWI Italian Elite Troops (Arditi) (044),1915,1918,,,,Waterloo 1815,3,1916,Новейшее время,,
2631,HaT Unmarried Zulu Warriors (8316),1816,1880,2018.0,39.0,60.0,HaT,64,1848,Новое время,2010.0,8.0
2632,Italeri British Infantry/Sepoys (6187),1875,1898,1986.0,,50.0,Italeri,23,1886,Новое время,1980.0,40.0
2633,Italeri British 11th Hussars (6188),1854,1855,1985.0,,12.0,Italeri,1,1854,Новое время,1980.0,41.0
2634,Italeri WWII Free French Infantry (6189),1940,1945,1982.0,,49.0,Italeri,5,1942,Новейшее время,1980.0,44.0
2635,Italeri Warsaw Pact Troops (1980s) (6190),1980,1989,1989.0,,48.0,Italeri,9,1984,Современность,1980.0,37.0
2636,Italeri NATO Troops (1980s) (6191),1980,1989,1989.0,,48.0,Italeri,9,1984,Современность,1980.0,37.0
2637,RedBox Moscow Infantry (Ratniki) Set 1 (72111),1501,1599,2018.0,45.0,28.0,RedBox,98,1550,Средневековье,2010.0,8.0
2638,RedBox Moscow Infantry (Ratniki) Set 2 (72112),1501,1599,2018.0,43.0,40.0,RedBox,98,1550,Средневековье,2010.0,8.0
2639,RedBox Moscow Infantry (Pishalniki) (72113),1501,1599,2018.0,47.0,48.0,RedBox,98,1550,Средневековье,2010.0,8.0
2640,RedBox Ukrainian Cossack (Infantry) Set 1 (72114),1501,1599,2018.0,46.0,28.0,RedBox,98,1550,Средневековье,2010.0,8.0
2641,RedBox Ukrainian Cossack (Infantry) Set 2 (72115),1501,1599,2018.0,44.0,40.0,RedBox,98,1550,Средневековье,2010.0,8.0
2642,RedBox Ukrainian Cossack (Infantry) Set 3 (72116),1501,1599,2018.0,48.0,48.0,RedBox,98,1550,Средневековье,2010.0,8.0
2643,Mars German Elite Division (Normandy 1944-45) (72106),1944,1945,2018.0,29.0,40.0,Mars,1,1944,Новейшее время,2010.0,8.0
2644,Mars Imperial Japanese Infantry WWII (72107),1938,1945,2018.0,35.0,40.0,Mars,7,1941,Новейшее время,2010.0,8.0
2645,Strelets Prussian Line Infantry on the March (174),1810,1816,2018.0,48.0,44.0,Strelets,6,1813,Новое время,2010.0,8.0
2646,RedBox Russian Guard Infantry (72129),1804,1807,2019.0,41.0,34.0,RedBox,3,1805,Новое время,2010.0,7.0
2647,Caesar Mid-East Militia (Iraq & Syria) (H101),1980,2018,2018.0,46.0,33.0,Caesar,38,1999,Современность,2010.0,8.0
2648,Caesar Modern Western Tank Crews Set 1 (Germany & Israel) (H102),2010,2018,2018.0,,32.0,Caesar,8,2014,Современность,2010.0,8.0
2649,Caesar Modern US Army Tank Crews and Armored Force (H103),1998,2009,2018.0,48.0,34.0,Caesar,11,2003,Современность,2010.0,8.0
2650,Caesar WWII German Tank Riders (Camouflage Suit) (H099),1942,1945,2018.0,48.0,33.0,Caesar,3,1943,Новейшее время,2010.0,8.0
2651,Strelets Austrian Cuirassiers (257),1680,1710,2022.0,44.0,12.0,Strelets,30,1695,Новое время,2020.0,4.0
2652,Mars German Panzergrenadiers (72108),1942,1945,2018.0,32.0,40.0,Mars,3,1943,Новейшее время,2010.0,8.0
2653,Strelets Japanese Type 38 75mm Field Gun (176),1927,1945,2018.0,42.0,21.0,Strelets,18,1936,Новейшее время,2010.0,8.0
2654,RedBox Chinese Light Cavalry (72117),1501,1699,2018.0,36.0,12.0,RedBox,198,1600,Средневековье,2010.0,8.0
2655,RedBox Chinese Medium Cavalry (72118),1501,1699,2018.0,42.0,12.0,RedBox,198,1600,Средневековье,2010.0,8.0
2656,RedBox Chinese Heavy Cavalry (72119),1501,1699,2018.0,39.0,12.0,RedBox,198,1600,Средневековье,2010.0,8.0
2657,RedBox Korean Light Cavalry (72120),1501,1699,2018.0,,12.0,RedBox,198,1600,Средневековье,2010.0,8.0
2658,RedBox Korean Heavy Cavalry Set 1 (72121),1501,1699,2018.0,,12.0,RedBox,198,1600,Средневековье,2010.0,8.0
2659,RedBox Korean Heavy Cavalry Set 2 (72122),1501,1699,2018.0,,12.0,RedBox,198,1600,Средневековье,2010.0,8.0
2660,RedBox Korean Guerrilla Cavalry (72123),1501,1699,2018.0,,12.0,RedBox,198,1600,Средневековье,2010.0,8.0
2661,RedBox Burgundian Crossbowmen (72124),1401,1499,2018.0,36.0,32.0,RedBox,98,1450,Средневековье,2010.0,8.0
2662,First To Fight Polish Artillery (PL1939-055),1939,1939,2018.0,37.0,16.0,First To Fight,0,1939,Новейшее время,2010.0,8.0
2663,First To Fight German Artillery (PL1939-056),1939,1941,2018.0,36.0,14.0,First To Fight,2,1940,Новейшее время,2010.0,8.0
2664,Linear-A Germanic Warriors Set 2 (Command) (010),1,50,2019.0,44.0,40.0,Linear-A,49,25,Древний мир,2010.0,7.0
2665,Linear-A Battle of Cunaxa Set 1 (015),-401,-401,2018.0,40.0,37.0,Linear-A,0,-401,Древний мир,2010.0,8.0
2666,Linear-A The Etruscans Set 1 (014),-899,-650,2018.0,43.0,34.0,Linear-A,249,-775,Древний мир,2010.0,8.0
2667,Strelets Union Infantry Firing (159),1861,1865,2018.0,46.0,47.0,Strelets,4,1863,Новое время,2010.0,8.0
2668,Strelets Pickett's Charge 3 (178),1861,1865,2018.0,38.0,40.0,Strelets,4,1863,Новое время,2010.0,8.0
2669,Strelets US Infantry in Attack 3 (179),1861,1865,2018.0,44.0,39.0,Strelets,4,1863,Новое время,2010.0,8.0
2670,Strelets French Line Infantry Standing at Attention (184),1812,1815,2018.0,42.0,44.0,Strelets,3,1813,Новое время,2010.0,8.0
2671,HaT Napoleonic French in Greatcoats (8234),1806,1815,2018.0,38.0,20.0,HaT,9,1810,Новое время,2010.0,8.0
2672,Mars Imperial Japanese Paratroopers (72109),1941,1945,2018.0,32.0,40.0,Mars,4,1943,Новейшее время,2010.0,8.0
2673,Mars Luftwaffe Field Division (72110),1942,1945,2019.0,39.0,40.0,Mars,3,1943,Новейшее время,2010.0,7.0
2674,Mars German Elite Infantry (Winter Dress) (72111),1943,1945,2018.0,39.0,40.0,Mars,2,1944,Новейшее время,2010.0,8.0
2675,First To Fight Polish Motorised Artillery Crew (PL1939-057),1939,1939,2018.0,44.0,16.0,First To Fight,0,1939,Новейшее время,2010.0,8.0
2676,Strelets British 15 pdr 7 cwt BL Gun (177),1892,1908,2018.0,45.0,21.0,Strelets,16,1900,Новое время,2010.0,8.0
2677,Strelets Prussian Infantry Standing Shoulder Arms (180),1808,1815,2019.0,46.0,45.0,Strelets,7,1811,Новое время,2010.0,7.0
2678,Strelets Old Guard on the March (181),1800,1815,2019.0,43.0,44.0,Strelets,15,1807,Новое время,2010.0,7.0
2679,Strelets 30 pdr Parrott Rifle with US Crew (182),1861,1865,2018.0,31.0,21.0,Strelets,4,1863,Новое время,2010.0,8.0
2680,Strelets 12 pdr Whitworth Rifle with Confederate Crew (183),1861,1865,2018.0,40.0,21.0,Strelets,4,1863,Новое время,2010.0,8.0
2681,Strelets Cannone da 105/28 Schneider Ansaldo (A016),1937,1951,2019.0,47.0,10.0,Strelets,14,1944,Новейшее время,2010.0,7.0
2682,Strelets British Infantry Standing Shoulder Arms (202),1812,1815,2019.0,48.0,45.0,Strelets,3,1813,Новое время,2010.0,7.0
2683,HaT Napoleonic Austrian Infantry Marching (8326),1799,1809,2020.0,43.0,48.0,HaT,10,1804,Новое время,2020.0,6.0
2684,HaT Napoleonic Austrian Infantry Action (8327),1799,1809,2020.0,35.0,48.0,HaT,10,1804,Новое время,2020.0,6.0
2685,HaT Napoleonic Austrian Infantry Command (8328),1800,1815,2020.0,45.0,36.0,HaT,15,1807,Новое время,2020.0,6.0
2686,HaT American Civil War Marching (1) (8319),1861,1865,2020.0,47.0,48.0,HaT,4,1863,Новое время,2020.0,6.0
2687,HaT American Civil War Command (8320),1861,1865,2020.0,45.0,36.0,HaT,4,1863,Новое время,2020.0,6.0
2688,Strelets French Line Infantry on the March 2 (220),1806,1815,2019.0,36.0,44.0,Strelets,9,1810,Новое время,2010.0,7.0
2689,First To Fight Polish Uhlan Command Dismounted (PL1939-067),1939,1939,2019.0,31.0,15.0,First To Fight,0,1939,Новейшее время,2010.0,7.0
2690,RedBox Guards of Cardinal Richelieu (72147),1626,1642,2020.0,44.0,44.0,RedBox,16,1634,Новое время,2020.0,6.0
2691,HaT American Civil War Marching (2) (8332),1861,1865,2020.0,47.0,48.0,HaT,4,1863,Новое время,2020.0,6.0
2692,Strelets British Infantry Skirmishing (M133),1899,1902,2019.0,46.0,56.0,Strelets,3,1900,Новое время,2010.0,7.0
2693,Strelets French Line Infantry at Ease (225),1806,1815,2019.0,43.0,48.0,Strelets,9,1810,Новое время,2010.0,7.0
2694,Strelets Japanese Type 98 20mm AA/AT Gun (226),1937,1945,2019.0,43.0,20.0,Strelets,8,1941,Новейшее время,2010.0,7.0
2695,Strelets 155 mm Cannon GPF Mod 1917 (A018),1917,1918,2019.0,41.0,10.0,Strelets,1,1917,Новейшее время,2010.0,7.0
2696,HaT Napoleonic Spanish Infantry Sampler (8330),1800,1813,2019.0,,38.0,HaT,13,1806,Новое время,2010.0,7.0
2697,Strelets Highlanders Standing Order Arms (200),1813,1815,2019.0,48.0,45.0,Strelets,2,1814,Новое время,2010.0,7.0
2698,Strelets British Infantry Standing Order Arms (201),1812,1816,2019.0,49.0,45.0,Strelets,4,1814,Новое время,2010.0,7.0
2699,Strelets Austrian Grenadiers in Winter Dress on the March (209),1805,1815,2019.0,38.0,45.0,Strelets,10,1810,Новое время,2010.0,7.0
2700,Strelets Prussian Line Infantry Standing Order Arms (211),1810,1815,2020.0,45.0,45.0,Strelets,5,1812,Новое время,2020.0,6.0
2701,Strelets Russian Infantry on the March 1 (212),1812,1815,2019.0,46.0,45.0,Strelets,3,1813,Новое время,2010.0,7.0
2703,Strelets Russian Infantry Standing Order Arms (217),1812,1815,2019.0,49.0,45.0,Strelets,3,1813,Новое время,2010.0,7.0
2704,Strelets Russian Infantry in Overcoats Standing Order Arms (219),1812,1815,2019.0,49.0,45.0,Strelets,3,1813,Новое время,2010.0,7.0
2705,Linear-A Margiana (044),-2024,-1700,,,,Linear-A,324,-1862,Древний мир,,
2706,Strelets Boer Field Artillery (224),1895,1902,2019.0,40.0,14.0,Strelets,7,1898,Новое время,2010.0,7.0
2707,Strelets Brunswick Light Guards Battalion (154),1810,1815,2019.0,45.0,45.0,Strelets,5,1812,Новое время,2010.0,7.0
2708,Strelets Boer Infantry (M138),1899,1902,2019.0,43.0,56.0,Strelets,3,1900,Новое время,2010.0,7.0
2709,Strelets British Infantry in Attack 1701-1714 (231),1701,1714,2019.0,45.0,44.0,Strelets,13,1707,Новое время,2010.0,7.0
2710,HaT El Cid Moorish Cavalry Sampler (8339),1000,1100,,,,HaT,100,1050,Средневековье,,
2711,First To Fight Polish Uhlans on Horses 1939 (PL1939-071),1939,1939,2019.0,37.0,6.0,First To Fight,0,1939,Новейшее время,2010.0,7.0
2712,Linear-A Samnite Wars Set 1 (026),-343,-298,2021.0,40.0,40.0,Linear-A,45,-321,Древний мир,2020.0,5.0
2713,Linear-A The Army of Pyrrhus of Epirus (Set 1) (028),-297,-272,2021.0,43.0,24.0,Linear-A,25,-285,Древний мир,2020.0,5.0
2714,Linear-A Roman Anti-Elephant Wagon (029),-279,-276,2025.0,,6.0,Linear-A,3,-278,Древний мир,2020.0,1.0
2715,Linear-A Tarentine Horsemen of Magna Graecia (030),-299,-201,2021.0,44.0,12.0,Linear-A,98,-250,Древний мир,2020.0,5.0
2716,Linear-A The Army of Athens (031),-415,-413,2022.0,44.0,48.0,Linear-A,2,-414,Древний мир,2020.0,4.0
2717,Strelets British Infantry in Advance 1701-1714 (230),1701,1714,2019.0,46.0,44.0,Strelets,13,1707,Новое время,2010.0,7.0
2718,Ultima Ratio Gladiators Myrmillo Secutor Szissor (UR013),-100,300,2019.0,49.0,24.0,Ultima Ratio,400,100,Древний мир,2010.0,7.0
2719,Strelets Anglo-Saxon Fyrd (M140),800,1100,,,,Strelets,300,950,Средневековье,,
2720,Strelets Housecarls of King Harold (M141),1050,1066,,,,Strelets,16,1058,Средневековье,,
2721,Strelets Medieval City Levy (248),1100,1400,,,,Strelets,300,1250,Средневековье,,
2722,Zvezda Soviet 120mm Mortar and Crew (6147),1939,1945,2020.0,,4.0,Zvezda,6,1942,Новейшее время,2020.0,6.0
2723,Zvezda German 120mm Mortar with Crew (6268),1941,1945,2020.0,,5.0,Zvezda,4,1943,Новейшее время,2020.0,6.0
2724,Zvezda Soviet Machine Gun Squad (6269),1943,1945,2020.0,,5.0,Zvezda,2,1944,Новейшее время,2020.0,6.0
2725,Zvezda German Panzergrenadiers (6270),1943,1945,2020.0,,5.0,Zvezda,2,1944,Новейшее время,2020.0,6.0
2726,Zvezda Soviet Assault Engineers (6271),1943,1945,2021.0,,4.0,Zvezda,2,1944,Новейшее время,2020.0,5.0
2727,"Zvezda Volkssturm, Berlin 1945 (6272)",1944,1945,2021.0,,5.0,Zvezda,1,1944,Новейшее время,2020.0,5.0
2728,Linear-A Trajan's Legions vs Dacians (Set 1) (032),80,110,2025.0,39.0,48.0,Linear-A,30,95,Древний мир,2020.0,1.0
2729,First To Fight Polish Uhlans Command on Horses 1939 (PL1939-072),1939,1939,2019.0,35.0,6.0,First To Fight,0,1939,Новейшее время,2010.0,7.0
2730,Strelets Confederate Infantry in Defence (249),1861,1865,2019.0,41.0,49.0,Strelets,4,1863,Новое время,2010.0,7.0
2731,Strelets Highlanders 1899-1902 (M139),1900,1902,2020.0,43.0,52.0,Strelets,2,1901,Новейшее время,2020.0,6.0
2732,Mars Finnish Army (Winter Dress) 1942-1944 (72114),1942,1944,2019.0,32.0,37.0,Mars,2,1943,Новейшее время,2010.0,7.0
2733,"Linear-A Vigiles Urbani ""Cohortes Vigilum"" (001s)",-25,250,2020.0,31.0,4.0,Linear-A,275,112,Древний мир,2020.0,6.0
2734,Linear-A Sacrifice Before the Battle (002s),-500,-300,2020.0,42.0,4.0,Linear-A,200,-400,Древний мир,2020.0,6.0
2735,Linear-A Legionary Recruits Training (003s),20,190,2020.0,40.0,4.0,Linear-A,170,105,Древний мир,2020.0,6.0
2736,Linear-A Waterloo After the Battle French Disaster (004s),1815,1815,2021.0,39.0,4.0,Linear-A,0,1815,Новое время,2020.0,5.0
2737,Linear-A Hittite King Muršili I with Royal Bodyguard (007s),-1620,-1590,2026.0,,5.0,Linear-A,30,-1605,Древний мир,2020.0,0.0
2738,Linear-A Roman Artillery Set 2 - Onager (092),25,200,2024.0,30.0,8.0,Linear-A,175,112,Древний мир,2020.0,2.0
2739,Linear-A Roman Artillery Set 3 - Scorpio (009s),-200,200,2023.0,45.0,6.0,Linear-A,400,0,Древний мир,2020.0,3.0
2740,Linear-A Hannibal vs Scipio (010s),-215,-170,2023.0,43.0,4.0,Linear-A,45,-193,Древний мир,2020.0,3.0
2741,Linear-A Waterloo After the Battle British Disaster (005s),1815,1815,2021.0,33.0,4.0,Linear-A,0,1815,Новое время,2020.0,5.0
2742,Strelets French Fusiliers (Early War) (236),1700,1715,2020.0,43.0,44.0,Strelets,15,1707,Новое время,2020.0,6.0
2743,Strelets British Infantry Firing Line 1701-1714 (232),1701,1714,2019.0,45.0,44.0,Strelets,13,1707,Новое время,2010.0,7.0
2745,Strelets Austrian Grenadiers Standing Shoulder Arms (204),1798,1815,2020.0,41.0,45.0,Strelets,17,1806,Новое время,2020.0,6.0
2747,Strelets Bavarian Infantry at Ease (270),1805,1812,2020.0,47.0,44.0,Strelets,7,1808,Новое время,2020.0,6.0
2749,Linear-A Indus Culture (Set 1) (042),-2024,-1400,2024.0,44.0,40.0,Linear-A,624,-1712,Древний мир,2020.0,2.0
2750,Strelets Bavarian Infantry in Attack (227),1808,1814,2020.0,41.0,48.0,Strelets,6,1811,Новое время,2020.0,6.0
2751,Strelets Prussian Uhlans (228),1808,1815,2020.0,46.0,15.0,Strelets,7,1811,Новое время,2020.0,6.0
2752,Strelets Prussian Dragoons (229),1808,1815,2020.0,44.0,15.0,Strelets,7,1811,Новое время,2020.0,6.0
2753,Strelets Finnish Anti-Tank Squad in Summer Dress (245),1939,1945,2020.0,40.0,28.0,Strelets,6,1942,Новейшее время,2020.0,6.0
2754,Strelets Finnish Anti-Tank Squad in Winter Dress (246),1941,1942,2020.0,42.0,28.0,Strelets,1,1941,Новейшее время,2020.0,6.0
2755,Strelets American Anti-Tank Squad (247),1945,1960,2020.0,45.0,28.0,Strelets,15,1952,Современность,2020.0,6.0
2756,Linear-A Seleucid Infantry Phalanx Set 1 (033),-250,-170,2021.0,40.0,24.0,Linear-A,80,-210,Древний мир,2020.0,5.0
2757,Linear-A Ptolemaic Infantry Phalanx Set 1 (034),-230,-180,2021.0,41.0,24.0,Linear-A,50,-205,Древний мир,2020.0,5.0
2759,Linear-A Battle of Cunaxa Set 3 (Persian Cavalry) (036),-401,-401,2022.0,45.0,12.0,Linear-A,0,-401,Древний мир,2020.0,4.0
2760,RedBox Moscow Noble Cavalry (Siege of Pskov) Set 1 (72127),1560,1599,2020.0,41.0,12.0,RedBox,39,1579,Средневековье,2020.0,6.0
2761,RedBox Moscow Noble Cavalry (Siege of Pskov) Set 2 (72128),1501,1599,2020.0,41.0,12.0,RedBox,98,1550,Средневековье,2020.0,6.0
2762,RedBox Moscow Noble Cavalry (Siege of Kazan) Set 1 (72133),1501,1599,2020.0,41.0,12.0,RedBox,98,1550,Средневековье,2020.0,6.0
2763,RedBox Moscow Noble Cavalry (Siege of Kazan) Set 2 (72134),1501,1599,2020.0,43.0,12.0,RedBox,98,1550,Средневековье,2020.0,6.0
2764,RedBox Moscow Noble Cavalry (Battle of Orsha) Set 1 (72135),1501,1540,2020.0,42.0,12.0,RedBox,39,1520,Средневековье,2020.0,6.0
2765,RedBox Moscow Noble Cavalry (Battle of Orsha) Set 2 (72136),1501,1599,2020.0,41.0,12.0,RedBox,98,1550,Средневековье,2020.0,6.0
2766,Strelets French Musketeers Firing (234),1701,1708,2020.0,42.0,44.0,Strelets,7,1704,Новое время,2020.0,6.0
2767,Mars Russian Infantry (72115),1939,1945,2020.0,37.0,40.0,Mars,6,1942,Новейшее время,2020.0,6.0
2768,Linear-A The Victory of Waterloo (006s),1815,1815,2021.0,35.0,4.0,Linear-A,0,1815,Новое время,2020.0,5.0
2769,Linear-A Hannibal Crosses the Alps Set 5 (025),-250,-100,2021.0,43.0,48.0,Linear-A,150,-175,Древний мир,2020.0,5.0
2770,Linear-A Napoleonic French Cavalry Disaster (027),1809,1815,2023.0,45.0,12.0,Linear-A,6,1812,Новое время,2020.0,3.0
2772,Mars Russian Assault Troops (72116),1943,1945,2020.0,34.0,32.0,Mars,2,1944,Новейшее время,2020.0,6.0
2773,Strelets French Grenadiers (Early War) (235),1701,1713,2020.0,42.0,44.0,Strelets,12,1707,Новое время,2020.0,6.0
2774,Linear-A Roman Army under King Servius Tullius (038),-599,-501,2022.0,43.0,48.0,Linear-A,98,-550,Древний мир,2020.0,4.0
2775,Linear-A Emperor Justinian I and Imperatrix Theodora I (011s),527,565,2023.0,44.0,4.0,Linear-A,38,546,Средневековье,2020.0,3.0
2776,Orion Ruff-Puffs (72053),1964,1975,2020.0,41.0,48.0,Orion,11,1969,Современность,2020.0,6.0
2777,Strelets French Musketeers on the March (233),1701,1708,2020.0,39.0,44.0,Strelets,7,1704,Новое время,2020.0,6.0
2778,Orion ARVN Troops (Early War) (72051),1955,1968,2020.0,40.0,48.0,Orion,13,1961,Современность,2020.0,6.0
2779,Orion ARVN Troops (Late War) (72052),1969,1975,2020.0,39.0,43.0,Orion,6,1972,Современность,2020.0,6.0
2780,Orion British Tank Crew (Summer Dress) (72057),1942,1945,2020.0,46.0,48.0,Orion,3,1943,Новейшее время,2020.0,6.0
2781,Linear-A Eastern Roman Empire Infantry Set 1 (039),501,599,2023.0,39.0,48.0,Linear-A,98,550,Средневековье,2020.0,3.0
2782,Linear-A Publius Quinctilius Varus 'Disaster' (012s),1,20,2023.0,37.0,4.0,Linear-A,19,10,Древний мир,2020.0,3.0
2783,Strelets Arabs in Skirmish (M142),1890,1935,2020.0,45.0,52.0,Strelets,45,1912,Новейшее время,2020.0,6.0
2784,Mars German Volkssturm Defenders (72117),1944,1945,2020.0,43.0,40.0,Mars,1,1944,Новейшее время,2020.0,6.0
2785,Strelets British Cavalry (238),1701,1714,2020.0,48.0,12.0,Strelets,13,1707,Новое время,2020.0,6.0
2786,Strelets French Pikemen (237),1690,1699,2020.0,38.0,36.0,Strelets,9,1694,Новое время,2020.0,6.0
2787,Strelets French Infantry Summer Order Arms (222),1806,1814,2020.0,49.0,45.0,Strelets,8,1810,Новое время,2020.0,6.0
2788,Mars German Night Hunters (72118),1943,1945,2020.0,39.0,40.0,Mars,2,1944,Новейшее время,2020.0,6.0
2789,Mars German Paratroopers (Tropical Uniform) (72119),1943,1945,2020.0,41.0,40.0,Mars,2,1944,Новейшее время,2020.0,6.0
2790,HaT American Civil War Infantry Sampler (8333),1861,1865,2020.0,,33.0,HaT,4,1863,Новое время,2020.0,6.0
2791,HaT Austrian Infantry Sampler (8338),1800,1814,2020.0,,33.0,HaT,14,1807,Новое время,2020.0,6.0
2792,HaT Napoleonic British Cavalry Sampler (8340),1808,1813,2020.0,,16.0,HaT,5,1810,Новое время,2020.0,6.0
2793,Linear-A Roman Frontier Antonine Wall Garrison (013s),142,164,2026.0,44.0,5.0,Linear-A,22,153,Древний мир,2020.0,0.0
2794,Strelets Long Range Patrol at Rest (M143),1940,1943,2020.0,46.0,56.0,Strelets,3,1941,Новейшее время,2020.0,6.0
2795,First To Fight Field Cannon 75mm wz.1902/26 (PL1939-077),1926,1945,2020.0,,,First To Fight,19,1935,Новейшее время,2020.0,6.0
2796,Strelets French Guard Musketeers (242),1695,1750,2023.0,46.0,12.0,Strelets,55,1722,Новое время,2020.0,3.0
2797,Strelets Russian Infantry Standing Shoulder Arms (216),1812,1816,2020.0,49.0,44.0,Strelets,4,1814,Новое время,2020.0,6.0
2798,Strelets Bavarian Infantry Standing Order Arms (271),1808,1815,2020.0,44.0,44.0,Strelets,7,1811,Новое время,2020.0,6.0
2799,Strelets French Royal Horse Grenadiers (241),1701,1714,2021.0,48.0,12.0,Strelets,13,1707,Новое время,2020.0,5.0
2802,T-Model Middle East Military Man Set (TK7312),2000,2020,2021.0,38.0,25.0,T-Model,20,2010,Современность,2020.0,5.0
2803,Mars US Paratroopers (72120),1942,1944,2020.0,41.0,40.0,Mars,2,1943,Новейшее время,2020.0,6.0
2804,Strelets SAS Desert Ambush (M145),1941,1943,2020.0,44.0,60.0,Strelets,2,1942,Новейшее время,2020.0,6.0
2805,Strelets Africa Corps Mortar Squad (280),1941,1943,2020.0,44.0,44.0,Strelets,2,1942,Новейшее время,2020.0,6.0
2806,Strelets Long Range Desert Group (M144),1940,1943,2020.0,37.0,52.0,Strelets,3,1941,Новейшее время,2020.0,6.0
2807,RedBox Mounted Musketeers of the King of France (72146),1630,1690,2020.0,46.0,12.0,RedBox,60,1660,Новое время,2020.0,6.0
2808,RedBox Bonnie Prince Charlie and Scottish Cavalry (72149),1745,1746,2021.0,41.0,12.0,RedBox,1,1745,Новое время,2020.0,5.0
2809,Strelets Chevau-Légers and Gendarmes of the Guards (239),1700,1762,2020.0,47.0,12.0,Strelets,62,1731,Новое время,2020.0,6.0
2810,RedBox Mounted Guards of Cardinal Richelieu (72148),1626,1650,2020.0,46.0,12.0,RedBox,24,1638,Новое время,2020.0,6.0
2811,Linear-A The Army of Pyrrhus of Epirus (Set 2) (045),-299,-270,2021.0,41.0,48.0,Linear-A,29,-285,Древний мир,2020.0,5.0
2812,Linear-A Samnite Wars (2) Italian Ally Cavalry (046),-350,-250,2023.0,43.0,12.0,Linear-A,100,-300,Древний мир,2020.0,3.0
2813,Strelets Arabs in Retreat (M148),1900,1920,2020.0,41.0,56.0,Strelets,20,1910,Новейшее время,2020.0,6.0
2814,Strelets Bavarian Infantry on the March (272),1808,1815,2020.0,47.0,44.0,Strelets,7,1811,Новое время,2020.0,6.0
2815,Strelets French Garde du Corps (240),1690,1760,2022.0,49.0,12.0,Strelets,70,1725,Новое время,2020.0,4.0
2816,Strelets Japanese Type 11 Gun (281),1931,1940,2020.0,40.0,36.0,Strelets,9,1935,Новейшее время,2020.0,6.0
2817,Strelets Prussian 7th Uhlans (161),1815,1815,2020.0,45.0,14.0,Strelets,0,1815,Новое время,2020.0,6.0
2818,Strelets M1916 37mm Gun with French Foreign Legion Crew (291),1920,1938,2020.0,41.0,32.0,Strelets,18,1929,Новейшее время,2020.0,6.0
2819,Strelets French Foreign Legion in Camp (M146),1897,1910,2020.0,47.0,52.0,Strelets,13,1903,Новейшее время,2020.0,6.0
2820,Strelets French Foreign Legion in Attack (M147),1903,1913,2020.0,41.0,52.0,Strelets,10,1908,Новейшее время,2020.0,6.0
2823,Linear-A Seleucid Elephants vs Ptolemaic Elephants (049),-290,-170,2025.0,48.0,13.0,Linear-A,120,-230,Древний мир,2020.0,1.0
2824,Mars Eastern Mercenaries (72137),1630,1670,2023.0,30.0,18.0,Mars,40,1650,Новое время,2020.0,3.0
2826,RedBox British Dragoons 1745 (72139),1730,1750,2021.0,43.0,12.0,RedBox,20,1740,Новое время,2020.0,5.0
2827,RedBox British Regiments of Horse 1745 (72140),1727,1760,2021.0,46.0,12.0,RedBox,33,1743,Новое время,2020.0,5.0
2828,RedBox Prince's Lifeguard and Fitzjames Horse (72141),1745,1746,2021.0,46.0,12.0,RedBox,1,1745,Новое время,2020.0,5.0
2829,Plastic Soldier Waffen-SS Grenadier Platoon 1944-45 (UMOS001),1944,1945,2020.0,44.0,35.0,Plastic Soldier,1,1944,Новейшее время,2020.0,6.0
2830,Orion German Panzer Soldiers 1939-40 (72058),1939,1940,2021.0,48.0,48.0,Orion,1,1939,Новейшее время,2020.0,5.0
2831,Orion Viet Cong (72059),1960,1975,2021.0,36.0,52.0,Orion,15,1967,Современность,2020.0,5.0
2832,Orion North Vietnamese Army (72060),1954,1975,2021.0,40.0,52.0,Orion,21,1964,Современность,2020.0,5.0
2833,Orion British Tank Crew (Winter Dress) (72061),1944,1975,2021.0,45.0,48.0,Orion,31,1959,Современность,2020.0,5.0
2834,Zvezda British Headquarters (6174),1939,1941,2021.0,,4.0,Zvezda,2,1940,Новейшее время,2020.0,5.0
2835,Zvezda American Infantry (6278),1943,1945,2021.0,,5.0,Zvezda,2,1944,Новейшее время,2020.0,5.0
2836,Zvezda American Marines (6279),1942,1945,2021.0,,5.0,Zvezda,3,1943,Новейшее время,2020.0,5.0
2837,Zvezda Soviet M-72 Motorcycle with Sidecar and Crew (6277),1941,1945,2021.0,,2.0,Zvezda,4,1943,Новейшее время,2020.0,5.0
2838,Strelets Vikings (250),900,1100,,,,Strelets,200,1000,Средневековье,,
2839,Plastic Soldier British Eighth Army Platoon (UMOS002),1940,1944,2020.0,43.0,52.0,Plastic Soldier,4,1942,Новейшее время,2020.0,6.0
2840,Plastic Soldier Waffen-SS Grenadier 81mm Mortars (UMOS004),1941,1945,2020.0,41.0,4.0,Plastic Soldier,4,1943,Новейшее время,2020.0,6.0
2841,Plastic Soldier Waffen-SS Grenadier HMGs (UMOS005),1942,1945,2020.0,39.0,8.0,Plastic Soldier,3,1943,Новейшее время,2020.0,6.0
2842,Plastic Soldier Waffen-SS Grenadier Panzerschrecks (UMOS006),1943,1945,2020.0,38.0,4.0,Plastic Soldier,2,1944,Новейшее время,2020.0,6.0
2843,Mars German Paratroopers (Winter Uniform) (72121),1943,1945,2021.0,39.0,40.0,Mars,2,1944,Новейшее время,2020.0,5.0
2844,Plastic Soldier Afrika Korps Platoon (UMOS003),1941,1943,2021.0,43.0,46.0,Plastic Soldier,2,1942,Новейшее время,2020.0,5.0
2845,Orion Japanese Tank Crew WW2 (72067),1940,1945,2024.0,45.0,48.0,Orion,5,1942,Новейшее время,2020.0,2.0
2846,Mars German Panzer Crew in Combat (72122),1939,1945,2021.0,39.0,40.0,Mars,6,1942,Новейшее время,2020.0,5.0
2847,Linear-A Ptolemaic Infantry Phalanx Set 2 (050),-220,-180,2023.0,43.0,32.0,Linear-A,40,-200,Древний мир,2020.0,3.0
2848,Strelets French Artillery (244),1701,1714,2021.0,41.0,10.0,Strelets,13,1707,Новое время,2020.0,5.0
2849,Strelets British Artillery (243),1701,1715,2021.0,38.0,10.0,Strelets,14,1708,Новое время,2020.0,5.0
2850,Linear-A Army of Syracuse: Infantry (051),-415,-413,2022.0,44.0,48.0,Linear-A,2,-414,Древний мир,2020.0,4.0
2852,Plastic Soldier US Marine Corps Platoon (UMOS007),1942,1945,2021.0,33.0,56.0,Plastic Soldier,3,1943,Новейшее время,2020.0,5.0
2855,Strelets French Dragoons on the March (251),1690,1733,2021.0,46.0,12.0,Strelets,43,1711,Новое время,2020.0,5.0
2856,HaT Rome's Enemies (8266),-200,200,,,,HaT,400,0,Древний мир,,
2857,Strelets Dismounted French Dragoons in Skirmish (254),1680,1733,2021.0,45.0,24.0,Strelets,53,1706,Новое время,2020.0,5.0
2858,Strelets French Dragoons in Attack (253),1690,1733,2021.0,41.0,12.0,Strelets,43,1711,Новое время,2020.0,5.0
2859,RedBox Ukrainian Registered Cossack Infantry (72142),1601,1699,2023.0,47.0,52.0,RedBox,98,1650,Новое время,2020.0,3.0
2860,RedBox Ukrainian Zaporozhian Cossack Infantry (72143),1601,1699,2023.0,47.0,52.0,RedBox,98,1650,Новое время,2020.0,3.0
2861,RedBox Ukrainian Peasant Infantry (72144),1601,1699,2023.0,46.0,53.0,RedBox,98,1650,Новое время,2020.0,3.0
2862,RedBox Italian Arditi in Armor (72150),1915,1918,2023.0,42.0,40.0,RedBox,3,1916,Новейшее время,2020.0,3.0
2863,Strelets French Late War Dragoons in Reserve (252),1690,1755,2021.0,44.0,12.0,Strelets,65,1722,Новое время,2020.0,5.0
2864,Strelets DAK Desert Patrol (M081),1941,1943,2021.0,46.0,56.0,Strelets,2,1942,Новейшее время,2020.0,5.0
2865,Strelets Arabs in Ambush (M149),1900,1930,2021.0,44.0,52.0,Strelets,30,1915,Новейшее время,2020.0,5.0
2867,First To Fight Polish Horse Artillery (PL1939-084),1939,1939,2021.0,31.0,12.0,First To Fight,0,1939,Новейшее время,2020.0,5.0
2868,Strelets Austrian Infantry 1701-1714 on the March (260),1700,1714,2024.0,42.0,52.0,Strelets,14,1707,Новое время,2020.0,2.0
2869,Italeri Desert Well and Tents (6148),1500,2000,2018.0,,,Italeri,500,1750,Новое время,2010.0,8.0
2870,Strelets Dutch Cuirassiers (259),1707,1713,2023.0,46.0,12.0,Strelets,6,1710,Новое время,2020.0,3.0
2871,Mars US Machine Gunners D-Day (72125),1943,1945,2021.0,46.0,32.0,Mars,2,1944,Новейшее время,2020.0,5.0
2872,Mars US Rangers D-Day (72126),1944,1945,2021.0,41.0,40.0,Mars,1,1944,Новейшее время,2020.0,5.0
2874,Strelets Italian Desert Patrol (M154),1935,1943,2021.0,46.0,52.0,Strelets,8,1939,Новейшее время,2020.0,5.0
2876,Linear-A Imperial Roman Centuriones (061),1,200,2024.0,50.0,40.0,Linear-A,199,100,Древний мир,2020.0,2.0
2877,Billy V Civil War Union & Confederate Infantry Set (680),1861,1865,,,,Billy V,4,1863,Новое время,,
2878,Billy V Lewis & Clark + Indians (681),1800,1810,,,,Billy V,10,1805,Новое время,,
2879,Billy V Battle of the Alamo (683),1837,1837,,,,Billy V,0,1837,Новое время,,
2880,Billy V American Revolutionary War (684),1775,1785,,,,Billy V,10,1780,Новое время,,
2881,Billy V Pilgrims & Eastern Indians (686),1600,1670,,,,Billy V,70,1635,Новое время,,
2882,Billy V World War II Easy Company/German Troops (687),1943,1945,,,,Billy V,2,1944,Новейшее время,,
2883,Billy V Korean War (688),1951,1953,,,,Billy V,2,1952,Современность,,
2884,Billy V Civil War Union & Confederate Cavalry (689),1861,1865,,,,Billy V,4,1863,Новое время,,
2885,Billy V Civil War Union & Confederate Artillery (690),1861,1865,,,,Billy V,4,1863,Новое время,,
2886,MPC American Infantry (1-6020),1916,1918,1967.0,,48.0,MPC,2,1917,Новейшее время,1960.0,59.0
2887,MPC Union Infantry (1-6004),1861,1865,1991.0,,50.0,MPC,4,1863,Новое время,1990.0,35.0
2888,MPC German Infantry (1-6001),1935,1945,1974.0,,48.0,MPC,10,1940,Новейшее время,1970.0,52.0
2889,MPC 8th Army 'Desert Rats' (1-6002),1939,1943,1974.0,,45.0,MPC,4,1941,Новейшее время,1970.0,52.0
2890,MPC German Afrika Korps (1-6003),1940,1943,1962.0,,46.0,MPC,3,1941,Новейшее время,1960.0,64.0
2891,MPC Confederate Infantry (1-6005),1861,1865,2000.0,,32.0,MPC,4,1863,Новое время,2000.0,26.0
2892,MPC Artillery Batteries (1-6006),1861,1865,1962.0,,15.0,MPC,4,1863,Новое время,1960.0,64.0
2893,MPC US Marines (1-6007),1942,1945,1975.0,,44.0,MPC,3,1943,Новейшее время,1970.0,51.0
2894,MPC US Assault Troops (1-6013),1980,1981,1982.0,,48.0,MPC,1,1980,Современность,1980.0,44.0
2895,MPC Soviet Infantry (1-6016),1980,1981,1982.0,,48.0,MPC,1,1980,Современность,1980.0,44.0
2896,MPC Russian Infantry (1-6021),1939,1945,1964.0,,41.0,MPC,6,1942,Новейшее время,1960.0,62.0
2897,MPC German Infantry (1-6019),1914,1916,1966.0,,45.0,MPC,2,1915,Новейшее время,1960.0,60.0
2898,MPC German Paratroops (1-6011),1939,1945,1976.0,,46.0,MPC,6,1942,Новейшее время,1970.0,50.0
2899,MPC US Paratroops (1-6010),1940,1945,1975.0,,48.0,MPC,5,1942,Новейшее время,1970.0,51.0
2900,MPC British Paratroops (1-6023),1940,1945,1965.0,,33.0,MPC,5,1942,Новейшее время,1960.0,61.0
2901,MPC US Cavalry (1-6022),1860,1890,1965.0,,12.0,MPC,30,1875,Новое время,1960.0,61.0
2902,MPC British Redcoats (1-6018),1775,1783,1971.0,,40.0,MPC,8,1779,Новое время,1970.0,55.0
2903,MPC Washington's Army (1-6017),1776,1783,1971.0,,40.0,MPC,7,1779,Новое время,1970.0,55.0
2904,MPC USAAF Personnel (1-6009),1941,1945,,,,MPC,4,1943,Новейшее время,,
2905,MPC Luftwaffe Personnel (1-6012),1939,1945,1977.0,,48.0,MPC,6,1942,Новейшее время,1970.0,49.0
2906,MPC NATO Ground Crew (1-6014),1975,1980,1981.0,,48.0,MPC,5,1977,Современность,1980.0,45.0
2907,MPC German Mountain Troops (1-6015),1939,1945,1977.0,,37.0,MPC,6,1942,Новейшее время,1970.0,49.0
2908,Italeri Walls and Ruins II (6090),1700,2020,2017.0,,,Italeri,320,1860,Новое время,2010.0,9.0
2909,Italeri Battlefield Buildings (6130),1939,1945,2017.0,,,Italeri,6,1942,Новейшее время,2010.0,9.0
2910,LW German 20 mm Flak-38 with Crew (2025b),1940,1945,,27.0,12.0,LW,5,1942,Новейшее время,,
2911,LW US Army Light Trailer (2026b),1940,1950,,34.0,16.0,LW,10,1945,Новейшее время,,
2912,Caesar Three Kingdoms (Shu Kingdom Set 1) (TK001),210,263,2022.0,46.0,33.0,Caesar,53,236,Древний мир,2020.0,4.0
2916,Linear-A Neo-Assyrian Empire Set 3 (062),-720,-609,2025.0,47.0,40.0,Linear-A,111,-665,Древний мир,2020.0,1.0
2917,Ultima Ratio Confederate Infantry Texas Troops (UR015),1861,1865,2022.0,40.0,34.0,Ultima Ratio,4,1863,Новое время,2020.0,4.0
2918,Strelets Bavarian Infantry in Square (274),1809,1815,2024.0,46.0,43.0,Strelets,6,1812,Новое время,2020.0,2.0
2919,Strelets Bavarian Infantry 1701-1714 Shooting Line (262),1701,1713,2024.0,48.0,52.0,Strelets,12,1707,Новое время,2020.0,2.0
2920,Model Kasten JNAF Aircrew 'Rabaul Zero Fighter' (F-11 1800),1933,1945,2016.0,50.0,7.0,Model Kasten,12,1939,Новейшее время,2010.0,10.0
2921,Caesar Modern PRC PLA Troops (H105),2015,2024,2022.0,49.0,33.0,Caesar,9,2019,Современность,2020.0,4.0
2923,Plastic Soldier British Eighth Army Vickers MMGs (UMOS012),1940,1943,2022.0,45.0,6.0,Plastic Soldier,3,1941,Новейшее время,2020.0,4.0
2924,Plastic Soldier British Eighth Army 3 Inch Mortar (UMOS009),1940,1943,2022.0,44.0,8.0,Plastic Soldier,3,1941,Новейшее время,2020.0,4.0
2925,Plastic Soldier German Afrika Korps MG34 Tripod Teams (UMOS010),1940,1943,2022.0,41.0,6.0,Plastic Soldier,3,1941,Новейшее время,2020.0,4.0
2926,Plastic Soldier German Afrika Korps 81 mm Mortars (UMOS011),1940,1943,2022.0,41.0,6.0,Plastic Soldier,3,1941,Новейшее время,2020.0,4.0
2929,Plastic Soldier US Marine Corps Support Weapons (UMOS008),1941,1945,2022.0,40.0,26.0,Plastic Soldier,4,1943,Новейшее время,2020.0,4.0
2931,Mars Soviet Border Guards (72129),1939,1945,2022.0,39.0,40.0,Mars,6,1942,Новейшее время,2020.0,4.0
2932,Hegemony Gurkhas Indian Mutiny (HG006),1856,1858,,15.0,21.0,Hegemony,2,1857,Новое время,,
2933,Hegemony Romano-Britons (HB007),409,620,,30.0,,Hegemony,211,514,Средневековье,,
2934,Hegemony Urartians (HB008),-850,-590,,,23.0,Hegemony,260,-720,Древний мир,,
2935,Hegemony Ancient Dorians (HB009),-1050,-750,,,22.0,Hegemony,300,-900,Древний мир,,
2936,Hegemony Arameans (HB011),-899,-801,,,25.0,Hegemony,98,-850,Древний мир,,
2937,Strelets Dutch Infantry Firing Line (265),1701,1714,2025.0,43.0,52.0,Strelets,13,1707,Новое время,2020.0,1.0
2938,HaT Alexander's Macedonian Army (8088),-340,-320,,,60.0,HaT,20,-330,Древний мир,,
2939,HaT Achaemenid Persian Army (8117),-350,-300,,,67.0,HaT,50,-325,Древний мир,,
2940,HaT The Assyrian Army (8128),-699,-609,,,30.0,HaT,90,-654,Древний мир,,
2941,HaT Republican Roman Army (8151),-300,-150,,,72.0,HaT,150,-225,Древний мир,,
2942,HaT Carthaginian Army (8152),-350,-200,,,67.0,HaT,150,-275,Древний мир,,
2943,Ultima Ratio Gladiators Hoplomachus Thracian (UR017),-100,300,2022.0,38.0,27.0,Ultima Ratio,400,100,Древний мир,2020.0,4.0
2944,Ultima Ratio Carthaginian Army: Iberian Infantry Part 2 (UR018),-400,-100,2022.0,35.0,27.0,Ultima Ratio,300,-250,Древний мир,2020.0,4.0
2945,Mars Swiss Mercenaries (72068),1460,1490,2005.0,,14.0,Mars,30,1475,Средневековье,2000.0,21.0
2946,Mars Pirates of the Caribbean Set 2 (72069),1650,1730,,,,Mars,80,1690,Новое время,,
2947,Mars German Volkssturm Defenders Set 2 (72130),1944,1945,2022.0,41.0,40.0,Mars,1,1944,Новейшее время,2020.0,4.0
2948,Mars German Mercenaries (Mid 16th Century) (72131),1540,1560,2008.0,,40.0,Mars,20,1550,Средневековье,2000.0,18.0
2949,Mars Persian Light Cavalry (72132),-500,-230,2022.0,,12.0,Mars,270,-365,Древний мир,2020.0,4.0
2950,Mars Persian Mercenary Cavalry (72133),-500,-230,2022.0,,12.0,Mars,270,-365,Древний мир,2020.0,4.0
2951,Mars Ancient Artillery (72134),-100,-100,2002.0,,5.0,Mars,0,-100,Древний мир,2000.0,24.0
2952,Mars Dacian Army (72135),100,110,,,,Mars,10,105,Древний мир,,
2953,Mars Samurai (72136),1500,1650,2004.0,,30.0,Mars,150,1575,Средневековье,2000.0,22.0
2954,Hegemony Phrygians (HB012),-1100,100,2022.0,25.0,,Hegemony,1200,-500,Древний мир,2020.0,4.0
2955,Hegemony Persian War Elephants (HB013),-500,-300,2022.0,15.0,8.0,Hegemony,200,-400,Древний мир,2020.0,4.0
2956,Orion Long Range Desert Group (72062),1941,1943,2023.0,34.0,48.0,Orion,2,1942,Новейшее время,2020.0,3.0
2957,Orion German Panzer Soldiers (DAK) (72063),1941,1942,2023.0,47.0,48.0,Orion,1,1941,Новейшее время,2020.0,3.0
2958,Orion French Tank Crew WW2 (72064),1935,1940,2023.0,47.0,48.0,Orion,5,1937,Новейшее время,2020.0,3.0
2959,Orion Polish Tank Crew WW2 (72065),1939,1939,2023.0,46.0,48.0,Orion,0,1939,Новейшее время,2020.0,3.0
2960,Linear-A Legions of Gaius Julius Caesar (Set 1) (063),-60,-40,2025.0,46.0,20.0,Linear-A,20,-50,Древний мир,2020.0,1.0
2961,Linear-A Legions of Gaius Julius Caesar (Set 2) (064),-60,-40,2025.0,45.0,20.0,Linear-A,20,-50,Древний мир,2020.0,1.0
2963,Orion Italian Tank Crew (72066),1935,1943,2023.0,49.0,48.0,Orion,8,1939,Новейшее время,2020.0,3.0
2964,Strelets 1745 Jacobite Artillery (283),1745,1746,2023.0,44.0,10.0,Strelets,1,1745,Новое время,2020.0,3.0
2965,Strelets Russian Jaegers in Winter Dress (289),1809,1815,2023.0,44.0,44.0,Strelets,6,1812,Новое время,2020.0,3.0
2970,RedBox Byzantine Light Cavalry Set 1 (72137),575,1400,2024.0,36.0,12.0,RedBox,825,987,Средневековье,2020.0,2.0
2971,Linear-A Neo-Assyrian Empire Siege Engineer Set 4 (083),-911,-605,2025.0,44.0,40.0,Linear-A,306,-758,Древний мир,2020.0,1.0
2972,Linear-A Neo-Assyrian Empire Infantry Set 5 (084),-740,-612,2024.0,47.0,40.0,Linear-A,128,-676,Древний мир,2020.0,2.0
2973,"Linear-A Dilmun, Magan, Jiroft (085)",-2024,-1700,2026.0,,20.0,Linear-A,324,-1862,Древний мир,2020.0,0.0
2974,Ultima Ratio Carthaginian Army: Libyan Infantry (UR021),-250,-150,2023.0,40.0,27.0,Ultima Ratio,100,-200,Древний мир,2020.0,3.0
2977,Linear-A Bacchanalia in Ancient Rome (Set 1) (088),-200,50,2024.0,,40.0,Linear-A,250,-75,Древний мир,2020.0,2.0
2978,Linear-A Roman Artillery (Set 1) Ballista (089),-50,100,2023.0,36.0,2.0,Linear-A,150,25,Древний мир,2020.0,3.0
2981,Linear-A Gnaeus Pompeius Magnus with General Staff (018s),-50,-40,2026.0,42.0,5.0,Linear-A,10,-45,Древний мир,2020.0,0.0
2986,Linear-A Cleopatra VII Philopator (021s),-69,-30,2026.0,,5.0,Linear-A,39,-50,Древний мир,2020.0,0.0
2989,Linear-A Gaius Julius Caesar at Alesia (008s),-55,-45,2026.0,43.0,5.0,Linear-A,10,-50,Древний мир,2020.0,0.0
2990,Linear-A Wilusa (093),-1400,-1200,2026.0,,19.0,Linear-A,200,-1300,Древний мир,2020.0,0.0
2991,Linear-A Legions of Marcus Licinius Crassus (Set 2) (094),-60,-40,2025.0,47.0,20.0,Linear-A,20,-50,Древний мир,2020.0,1.0
3004,Linear-A Pyrrhic Elephants (107),-280,-270,2025.0,47.0,10.0,Linear-A,10,-275,Древний мир,2020.0,1.0
3005,Strelets British Infantry in Skirmish (285),1812,1816,2024.0,43.0,42.0,Strelets,4,1814,Новое время,2020.0,2.0
3006,Strelets British Infantry in Square (286),1812,1816,2024.0,44.0,42.0,Strelets,4,1814,Новое время,2020.0,2.0
3007,Mars British Paratroopers (72139),1942,1945,2024.0,42.0,40.0,Mars,3,1943,Новейшее время,2020.0,2.0
3008,Mars U.S. Marines (72140),1942,1945,2024.0,37.0,32.0,Mars,3,1943,Новейшее время,2020.0,2.0
3009,Mars U.S. Paratroopers (Part 2) (72141),1942,1945,2024.0,41.0,40.0,Mars,3,1943,Новейшее время,2020.0,2.0
3010,Mars German Artillery Crew (Winter) (72142),1942,1945,2024.0,46.0,36.0,Mars,3,1943,Новейшее время,2020.0,2.0
3011,Strelets Early WWII US Infantry in Combat (M159),1941,1942,2024.0,36.0,52.0,Strelets,1,1941,Новейшее время,2020.0,2.0
3012,Strelets Austrian Infantry 1701-1714 in Attack (261),1701,1714,2024.0,43.0,44.0,Strelets,13,1707,Новое время,2020.0,2.0
3013,HaT French Light Infantry Chasseurs Sampler (8341),1806,1812,2024.0,,25.0,HaT,6,1809,Новое время,2020.0,2.0
3014,Waterloo 1815 Celtic Warriors (045),-300,200,,,,Waterloo 1815,500,-50,Древний мир,,
3019,Linear-A Gangs/Revolt in Rome (Set 1) (112),-200,-27,2026.0,42.0,20.0,Linear-A,173,-114,Древний мир,2020.0,0.0
3028,HaT AWI American Infantry (8342),1776,1783,2024.0,47.0,96.0,HaT,7,1779,Новое время,2020.0,2.0
3029,HaT AWI British Infantry (8343),1768,1783,2025.0,41.0,96.0,HaT,15,1775,Новое время,2020.0,1.0
3032,Mars Ukrainain Defenders Set II (72143),2016,2024,2024.0,44.0,40.0,Mars,8,2020,Современность,2020.0,2.0
3033,Orion Hungarian Tank Crew WW2 (72069),1939,1945,2024.0,49.0,48.0,Orion,6,1942,Новейшее время,2020.0,2.0
3034,Orion US Infantry in Vietnam (Middle War) (72070),1966,1970,2024.0,41.0,43.0,Orion,4,1968,Современность,2020.0,2.0
3035,Orion USMC In Vietnam (Early War) (72068),1965,1968,2024.0,42.0,44.0,Orion,3,1966,Современность,2020.0,2.0
3036,HaT Napoleonic Hungarian Infantry (Marching) (8334),1806,1815,2024.0,47.0,40.0,HaT,9,1810,Новое время,2020.0,2.0
3037,HaT Napoleonic Hungarian Infantry (Action) (8335),1806,1815,2024.0,40.0,40.0,HaT,9,1810,Новое время,2020.0,2.0
3038,Ultima Ratio Burgundian Foot Soldiers (UR022),1419,1480,2024.0,39.0,24.0,Ultima Ratio,61,1449,Средневековье,2020.0,2.0
3044,"Linear-A Jesus, the True Story (128)",25,35,2025.0,,20.0,Linear-A,10,30,Древний мир,2020.0,1.0
3047,Strelets Seminole Warriors (M160),1816,1858,2024.0,43.0,56.0,Strelets,42,1837,Новое время,2020.0,2.0
3048,Strelets US Volunteers (Seminole Wars) (M161),1816,1858,2024.0,44.0,52.0,Strelets,42,1837,Новое время,2020.0,2.0
3049,Ultima Ratio Roman Republic Army: Hastati (UR023),-270,-110,2024.0,40.0,24.0,Ultima Ratio,160,-190,Древний мир,2020.0,2.0
3052,Linear-A Republican Roman Incendiary Swine (141),-280,-50,2025.0,47.0,2.0,Linear-A,230,-165,Древний мир,2020.0,1.0
3054,HaT AWI American Artillery (8344),1776,1783,2025.0,40.0,20.0,HaT,7,1779,Новое время,2020.0,1.0
3055,HaT AWI American Cavalry (8346),1776,1783,2025.0,43.0,21.0,HaT,7,1779,Новое время,2020.0,1.0
3056,RedBox Tudor Light Infantry (72155),1500,1603,2025.0,45.0,43.0,RedBox,103,1551,Средневековье,2020.0,1.0
3057,HaT American War of Independence British Artillery (8345),1770,1785,2025.0,41.0,20.0,HaT,15,1777,Новое время,2020.0,1.0
3058,HaT American War of Independence British Cavalry (8347),1776,1783,2025.0,33.0,21.0,HaT,7,1779,Новое время,2020.0,1.0
3059,HaT Hessian Musketeers Charging (8348),1776,1783,2026.0,41.0,48.0,HaT,7,1779,Новое время,2020.0,0.0
3060,Ultima Ratio Japanese Warrior Monks (UR024),980,1590,2025.0,42.0,27.0,Ultima Ratio,610,1285,Средневековье,2020.0,1.0
3061,HaT Napoleonic Russian Infantry Marching (8350),1800,1814,2025.0,46.0,48.0,HaT,14,1807,Новое время,2020.0,1.0
3062,Strelets British Light Infantry on the March (294),1806,1815,2025.0,44.0,44.0,Strelets,9,1810,Новое время,2020.0,1.0
3063,Strelets British Light Infantry in Attack (295),1806,1815,2025.0,41.0,36.0,Strelets,9,1810,Новое время,2020.0,1.0
3064,Strelets Early WWII Infantry in Defence (M162),1940,1942,2025.0,40.0,48.0,Strelets,2,1941,Новейшее время,2020.0,1.0
3065,Strelets IJA Infantry in Melee (M163),1938,1945,2025.0,42.0,52.0,Strelets,7,1941,Новейшее время,2020.0,1.0
3066,Strelets Holy Roman Empire Grenadiers 1701-1714 (269),1701,1714,2025.0,47.0,52.0,Strelets,13,1707,Новое время,2020.0,1.0
3067,Orion Finnish Tank Crew WW2 (72071),1937,1945,2025.0,44.0,48.0,Orion,8,1941,Новейшее время,2020.0,1.0
3068,Orion USMC in Vietnam (Late War) (72072),1970,1973,2025.0,43.0,43.0,Orion,3,1971,Современность,2020.0,1.0
3069,Orion Spanish Republican Pilots (72073),1930,1939,2025.0,45.0,48.0,Orion,9,1934,Новейшее время,2020.0,1.0
3070,Ultima Ratio Roman Republican Army: Velites (UR025),-300,-100,2025.0,43.0,30.0,Ultima Ratio,200,-200,Древний мир,2020.0,1.0
3071,HaT Napoleonic Russian Infantry Action (8351),1812,1815,2025.0,40.0,40.0,HaT,3,1813,Новое время,2020.0,1.0
3072,HaT Napoleonic Russian Infantry Command (8352),1812,1815,2025.0,44.0,32.0,HaT,3,1813,Новое время,2020.0,1.0
3073,First To Fight CKM wz.30 in Cavalry Service (PL1939-120),1936,1939,2025.0,47.0,6.0,First To Fight,3,1937,Новейшее время,2020.0,1.0
3076,Linear-A Gangs/Revolt in Rome (Set 2) (147),-133,200,2026.0,38.0,23.0,Linear-A,333,33,Древний мир,2020.0,0.0
3077,Linear-A French Engineers (Set 2) (148),1810,1813,2026.0,46.0,18.0,Linear-A,3,1811,Новое время,2020.0,0.0
3080,Ultima Ratio The Thracians (UR026),-650,30,2025.0,44.0,30.0,Ultima Ratio,680,-310,Древний мир,2020.0,1.0
3081,HaT Hessian Musketeers (8349),1776,1783,2026.0,42.0,48.0,HaT,7,1779,Новое время,2020.0,0.0
3082,HaT Hessian Grenadiers (8353),1776,1783,2026.0,43.0,48.0,HaT,7,1779,Новое время,2020.0,0.0
3086,Strelets British Light Infantry Standing Order Arms (296),1806,1815,2025.0,45.0,44.0,Strelets,9,1810,Новое время,2020.0,1.0
3087,Strelets British Light Infantry Standing Shoulder Arms (297),1806,1815,2025.0,47.0,45.0,Strelets,9,1810,Новое время,2020.0,1.0
3088,Strelets British Light Infantry Firing Line (299),1806,1815,2025.0,43.0,40.0,Strelets,9,1810,Новое время,2020.0,1.0
3089,Strelets British Light Infantry in Square (300),1806,1815,2025.0,43.0,39.0,Strelets,9,1810,Новое время,2020.0,1.0
3090,Strelets Early Texas Rangers (M165),1823,1845,2025.0,40.0,52.0,Strelets,22,1834,Новое время,2020.0,1.0
3091,Strelets Comanche Warriors (M166),1700,1843,2025.0,31.0,52.0,Strelets,143,1771,Новое время,2020.0,1.0
3101,Mars Italian Paratroopers (72145),1940,1945,2026.0,34.0,40.0,Mars,5,1942,Новейшее время,2020.0,0.0
3102,Mars U.S. Chemical Mortar Team (72146),1943,1945,2026.0,42.0,32.0,Mars,2,1944,Новейшее время,2020.0,0.0
3103,Mars German MG Team (72147),1939,1945,2026.0,40.0,40.0,Mars,6,1942,Новейшее время,2020.0,0.0
3104,Mars German Afrika Korps (72148),1941,1943,2026.0,41.0,40.0,Mars,2,1942,Новейшее время,2020.0,0.0
3107,Ultima Ratio French Armies of the Hundred Years War (UR027),1335,1460,2026.0,44.0,30.0,Ultima Ratio,125,1397,Средневековье,2020.0,0.0
3108,Heller US Paratroopers (49651),1940,1945,1983.0,,48.0,Heller,5,1942,Новейшее время,1980.0,43.0
3109,Heller British Paratroopers (49623),0,0,1983.0,,50.0,Heller,0,0,Древний мир,1980.0,43.0
3110,Heller German Air Force Personnel (49655),1935,1945,1977.0,,48.0,Heller,10,1940,Новейшее время,1970.0,49.0
3111,Heller US Air Force Personnel (49648),1941,1945,1974.0,,42.0,Heller,4,1943,Новейшее время,1970.0,52.0
3112,Heller British Infantry 8th Army (49609),1941,1945,1974.0,,45.0,Heller,4,1943,Новейшее время,1970.0,52.0
3119,Strelets French Line Cavalry in Attack (267),1701,1714,2026.0,43.0,12.0,Strelets,13,1707,Новое время,2020.0,0.0
3120,Strelets Mounted Seminoles (301),1810,1860,2026.0,36.0,13.0,Strelets,50,1835,Новое время,2020.0,0.0
3121,Strelets Napoleon in Egypt (303),1798,1801,2026.0,45.0,13.0,Strelets,3,1799,Новое время,2020.0,0.0
3122,Strelets Apache Warriors (M167),1700,1865,2026.0,38.0,48.0,Strelets,165,1782,Новое время,2020.0,0.0
3123,Strelets Texas Rangers 2 (M168),1823,1850,2026.0,39.0,48.0,Strelets,27,1836,Новое время,2020.0,0.0
1079,HaT Sumerian Infantry (8132),-2024,-2000,2006.0,40.0,92.0,HaT,24,-2012,Древний мир,2000.0,20.0
1080,HaT Sumerian Chariots (8130),-2024,-2000,2006.0,42.0,6.0,HaT,24,-2012,Древний мир,2000.0,20.0
2987,Linear-A Alexander the Great with General Staff (1) (022s),-340,-323,2026.0,48.0,5.0,Linear-A,17,-332,Древний мир,2020.0,0.0
