ID,header,manufacturer,nationality,years_from,years_to,aggregate_rating,max_composite_rarity,is_redundant
1393,Caesar Modern Militia (H063),Caesar,Somalian,2005,2005,42,1.056078860898138,False
2921,Caesar Modern PRC PLA Troops (H105),Caesar,Chinese,2015,2024,49,1.00064719263553,False
3032,Mars Ukrainain Defenders Set II (72143),Mars,Ukrainian,2016,2024,44,1.0001179908042097,False
2112,Mars Ukrainian Defenders (72138),Mars,Ukrainian,2022,2023,43,0.6651782317680651,True
2802,T-Model Middle East Military Man Set (TK7312),T-Model,Afghan,2000,2020,38,0.3329369385596906,False
2647,Caesar Mid-East Militia (Iraq & Syria) (H101),Caesar,Iraqi,1980,2018,46,0.2466917822031265,False
284,Orion Chechen Rebels (72002),Orion,Russian,1994,2017,45,0.21854553506633442,False
1785,HaT Askari (8268),HaT,Cameroonian,1914,1918,39,0.217238551682824,False
911,Coates & Shine WWI German Colonial Infantry (8123),Coates & Shine,Burundi,1914,1918,30,0.217238551682824,False
2211,Strelets Police Battalion (M086),Strelets,Estonian,1941,1945,39,0.20078385117426098,False
2483,Panzer vs Tanks Israeli IDF Advance Set (Mitznefet) (022),Panzer vs Tanks,Israeli,2001,2016,50,0.1804672552882854,False
2509,Panzer vs Tanks Israel IDF Patrol Set 5 (027),Panzer vs Tanks,Israeli,2012,2016,50,0.1804672552882854,True
2749,Linear-A Indus Culture (Set 1) (042),Linear-A,Harappan,-2024,-1400,44,0.164218015426154,False
1114,Caesar Philistine Warriors (H046),Caesar,Sea People,-1230,-750,47,0.16391839576416034,False
2954,Hegemony Phrygians (HB012),Hegemony,Phrygian,-1100,100,25,0.16345062984722605,False
904,Caesar Biblical Era Libyan Warriors (H022),Caesar,Libyan,-2024,-500,46,0.1629729623653716,False
1181,Caesar Nubian Warriors (H049),Caesar,Nubian,-2024,-500,44,0.1629484432560368,False
564,HaT Nubian Infantry (8079),HaT,Egyptian,-2000,-500,30,0.1629484432560368,False
1421,Coates & Shine Indian Chariot (8143),Coates & Shine,Indian,-1500,0,43,0.16294222800212904,False
1046,Caesar Arab Camel Riders and Bedouin (H023),Caesar,Arab,-2024,300,46,0.16291719499253424,False
2031,Caesar Modern US Soldiers in Action (Set 2) (H094),Caesar,USA,2005,2015,45,0.16280855452021578,False
474,Atlantic At The Pharaoh's Court (1501),Atlantic,Egyptian,-2024,-1000,41,0.1627297736505625,False
70,Atlantic The Egyptian Army (1502),Atlantic,Egyptian,-2024,-1500,38,0.1627297736505625,True
530,Airfix Guards Band (01701),Airfix,British,1860,2015,34,0.16271025970911912,False
73,Atlantic Greek Army (1509),Atlantic,Greek,-1300,-320,27,0.16270233990264832,False
1080,HaT Sumerian Chariots (8130),HaT,Iraqi,-2024,-2000,42,0.15869434748496658,False
1079,HaT Sumerian Infantry (8132),HaT,Iraqi,-2024,-2000,40,0.15869434748496658,True
2971,Linear-A Neo-Assyrian Empire Siege Engineer Set 4 (083),Linear-A,Assyrian,-911,-605,44,0.15045927739777476,False
1100,Caesar Egyptian Sherden the Royal Guards (H050),Caesar,Egyptian,-1350,-950,49,0.1498474752260954,True
1206,Zvezda Ancient Egyptian Infantry (8051),Zvezda,Egyptian,-2024,-1950,42,0.1498474752260954,True
1049,Caesar Mitannian Mariyannu Chariot (H015),Caesar,Mitannian,-1680,-1360,48,0.14180906117812023,False
2437,Ultima Ratio Mujahidins Taliban al-Qaeda (UR001),Ultima Ratio,Afghan,1978,2014,44,0.14154279053903665,False
2034,Caesar Modern US Soldiers in Action (HB11),Caesar,USA,2003,2014,43,0.13888428601763403,False
1955,Toxso Modern US Soldiers (1404),Toxso,USA,2005,2014,40,0.13888428601763403,True
2666,Linear-A The Etruscans Set 1 (014),Linear-A,Etruscan,-899,-650,43,0.12475062388073083,False
1014,Linear-A The Etruscans Cavalry: Set 2 (022),Linear-A,Italian,-899,-401,43,0.12078313253012048,False
1306,Orion Basmachi (72026),Orion,Kazakhstani,1916,1933,43,0.11769340433737037,False
2932,Hegemony Gurkhas Indian Mutiny (HG006),Hegemony,Nepalese,1856,1858,15,0.11561364994525569,False
1958,Preiser East German Guard Battalion (16593),Preiser,East German,1956,1990,50,0.1137394651791667,False
1964,Preiser East German Frontier Guards (16601),Preiser,East German,1956,1990,47,0.1137394651791667,True
2062,BUM French Bombard (2025),BUM,Canadian,1756,1763,35,0.10979682622311396,False
2027,Orion Modern Israeli Army (Set 2) (72040),Orion,Israeli,1975,2000,40,0.1094194276139517,False
2232,MM Swiss Vatican Guard (001),MM,Italian,1914,2012,46,0.10814789417038986,False
1553,RedBox Gurkhas (72034),RedBox,Nepalese,1900,1900,36,0.10814408195123694,False
2540,Strelets Foot Rif Rebels (185),Strelets,Moroccan,1920,1932,35,0.1075920645474086,False
2041,Linear-A Neo-Assyrian Empire Infantry Set 1 (056),Linear-A,Assyrian,-850,-550,47,0.1075182826495511,False
1093,Preiser US Tank Crew 2000 (72524),Preiser,USA,1990,2005,49,0.10698526134752502,False
1941,Preiser Modern US Army Seated Drivers & Soldiers (16564),Preiser,USA,1990,2003,48,0.10698526134752502,True
1702,Preiser Tank Crew US Army 2000 (72530),Preiser,USA,1990,2005,47,0.10698526134752502,True
931,Preiser Modern US Infantry in Action (72519),Preiser,USA,1990,2000,46,0.10698526134752502,True
742,Preiser Modern US Infantry (72500),Preiser,USA,1986,1995,39,0.10698526134752502,False
849,Preiser German Soldiers Walking and Standing (16543),Preiser,German,1980,2000,48,0.10690674362024423,False
1058,Preiser German Paratroopers (16508),Preiser,German,1972,1995,45,0.10690674362024423,False
607,Revell German Armoured Infantry (02518),Revell,German,1990,1997,44,0.10690674362024423,True
952,Preiser Modern German/NATO Pilots and Ground Crew (72520),Preiser,German,1980,2010,42,0.10690674362024423,False
1098,Caesar Ancient Egyptian Warriors (H047),Caesar,Egyptian,-1550,-1000,49,0.10690648047787173,True
2244,Caesar Pharaoh's Chariot with Biblical Peasant (H042),Caesar,Egyptian,-1430,-1000,49,0.10690648047787173,True
843,Caesar Egyptian Army (H009),Caesar,Egyptian,-1550,-1000,48,0.10690648047787173,True
1187,Caesar Ancient Egyptian Chariots (H024),Caesar,Egyptian,-1400,-1000,48,0.10690648047787173,True
723,Caesar SAS (H001),Caesar,British,1980,2000,49,0.10688696653642837,True
242,Matchbox NATO Paratroopers (P5009),Matchbox,British,1978,1994,44,0.10688696653642837,True
909,Caesar Hittite Warriors (H008),Caesar,Anatolian,-1630,-1200,46,0.10323879525115807,False
2778,Orion ARVN Troops (Early War) (72051),Orion,South Vietnamese,1955,1968,40,0.10274589360203965,False
1048,Caesar Hittite Chariots (H012),Caesar,Hittite,-1630,-1200,45,0.10207866457922511,False
2562,HaT Austrians Command (8324),HaT,Austrian,1740,1767,44,0.10194526146294534,False
2560,HaT Austrians Marching (8322),HaT,Austrian,1740,1767,43,0.10194526146294534,True
2561,HaT Austrians Action (8323),HaT,Austrian,1740,1767,39,0.10194526146294534,True
2525,Strelets Rif Rebellion (191),Strelets,Moroccan,1920,1928,39,0.10150225074675144,True
174,HYTTY Historic Figures (1003),HYTTY,Egyptian,-70,1960,37,0.1013936087952761,False
836,Italeri Indian Warriors (6061),Italeri,USA,1700,1800,44,0.10110912522408388,False
1525,Hasegawa U.S. Aerospace Ground Equipment Set (35006),Hasegawa,USA,1975,1984,44,0.10110912522408388,False
561,Airfix NATO Ground Crew (01758),Airfix,British,1975,1980,43,0.10110912522408388,True
3122,Strelets Apache Warriors (M167),Strelets,USA,1700,1865,38,0.10110912522408388,False
3091,Strelets Comanche Warriors (M166),Strelets,USA,1700,1843,31,0.10110912522408388,True
619,Atlantic Sioux - Sitting Bull (1009),Atlantic,USA,1600,1880,24,0.10110912522408388,False
1852,Zvezda Black Hussars of Frederick the Great (8079),Zvezda,German,1741,1780,47,0.1010306074968031,False
1679,Preiser Modern German Infantry (16506),Preiser,German,1970,1990,46,0.1010306074968031,False
1716,"Zvezda Prussian Grenadiers of Frederick II ""the Great"" (8071)",Zvezda,German,1740,1780,43,0.1010306074968031,False
314,Revell Prussian Infantry (02572),Revell,German,1740,1780,32,0.1010306074968031,True
109,Esci Modern Russian Paratroopers Spetsnaz (240),Esci,Russian,1975,1985,41,0.10102281259751178,False
584,Airfix Modern Russians (01760),Airfix,Russian,1970,1985,34,0.10102281259751178,False
1343,A Call To Arms British Infantry of the 1970s (67),A Call To Arms,British,1970,1980,43,0.10101083041298724,True
1038,IMEX British Artillery (555),IMEX,British,1750,1790,39,0.10101083041298724,False
1157,Zvezda The Janissaries (8050),Zvezda,Turkish,1501,1799,47,0.10099870969813687,False
2503,Linear-A The Minoans (020),Linear-A,Greek,-1600,-1450,41,0.0974678904056537,False
815,Pegasus California Mission Indians (7051),Pegasus,Mexican,1769,1833,50,0.09625581404901504,False
1497,Strelets Tecumseh (M107),Strelets,USA,1785,1813,41,0.09582060271298687,True
2086,Strelets Mamelukes (120),Strelets,Egyptian,1780,1807,41,0.09574182184333357,True
285,Orion Modern Russian Federals (72003),Orion,Russian,1994,2000,45,0.09573429008641476,True
186,IMEX British Redcoats (512),IMEX,British,1768,1796,49,0.09572230790189022,False
1,Accurate British Infantry (7200),Accurate,British,1768,1796,47,0.09572230790189022,True
778,A Call To Arms British Infantry 1775 (65),A Call To Arms,British,1768,1796,38,0.09572230790189022,True
43,Airfix British Grenadiers (01740),Airfix,British,1765,1785,25,0.09572230790189022,True
507,Airfix WWII Gurkhas (01754),Airfix,Nepalese,1939,1945,40,0.09419633027361843,False
1388,Caesar Modern Israeli Defence Force (H057),Caesar,Israeli,1995,2005,46,0.09346991527889718,False
2649,Caesar Modern US Army Tank Crews and Armored Force (H103),Caesar,USA,1998,2009,48,0.09103574901247051,False
495,Revell US Infantry (02520),Revell,USA,1997,1999,47,0.09103574901247051,True
571,Revell German Paratroops (02521),Revell,German,1995,2000,46,0.09095723128518972,True
298,Revell German Commando Special Forces (KSK) (02524),Revell,German,1996,2003,45,0.09095723128518972,True
296,Revell British Infantry (02519),Revell,British,1995,1998,42,0.09093745420137386,True
3029,HaT AWI British Infantry (8343),HaT,British,1768,1783,41,0.09093745420137386,True
1164,HaT Nassau Infantry (8147),HaT,German,1808,1833,47,0.09070839661275823,False
104,Esci North Vietnamese Soldiers and Vietcong (229),Esci,Vietnamese,1947,1975,47,0.09021623176225334,False
2489,Orion Local Communist Force (72056),Orion,Vietnamese,1946,1975,33,0.09021623176225334,False
3082,HaT Hessian Grenadiers (8353),HaT,German,1776,1783,43,0.08970133542991424,False
3081,HaT Hessian Musketeers (8349),HaT,German,1776,1783,42,0.08970133542991424,True
3059,HaT Hessian Musketeers Charging (8348),HaT,German,1776,1783,41,0.08970133542991424,True
2184,Revell NATO Pilots (Modern) (02402),Revell,Belgian,2000,2012,50,0.0889891376757735,False
1371,Caesar Mycenaean Chariot (H021),Caesar,Greek,-1450,-1100,49,0.08815371961594937,False
175,HYTTY Carthaginian Mercenaries (1004),HYTTY,Algerian,-800,-146,19,0.08694133558334774,False
2127,Strelets Moroccan Goumiers (M151),Strelets,Moroccan,1943,1954,43,0.08679731675642012,False
1392,Caesar Modern German Army (Bundeswehr) (H062),Caesar,German,2005,2011,45,0.08660736428472032,False
71,Atlantic The Egyptian Cavalry (1503),Atlantic,Egyptian,-1430,-1100,33,0.08660710114234782,True
2151,Ultima Ratio Soviet Motorized Infantry Spetsnaz (UR002),Ultima Ratio,Russian,1979,1989,39,0.08659956938542901,False
918,Caesar Mycenaean Army (H020),Caesar,Greek,-1400,-1100,47,0.08657966739443367,True
2832,Orion North Vietnamese Army (72060),Orion,Vietnamese,1954,1975,40,0.08657558220751263,True
721,Odemars French Revolution (PF09),Odemars,French,1789,1795,42,0.08656418719119327,False
2089,HaT Napoleonic Early-Mid French Marching (8296),HaT,French,1789,1813,42,0.08656418719119327,False
2605,Strelets British Camel Corps (165),Strelets,Australian,1916,1919,43,0.08627771624510851,False
2384,Mars Late Mycenaean Heavy Infantry (72085),Mars,Greek,-1300,-1100,32,0.0841821019198686,True
810,IMEX North Korean KPA (532),IMEX,North Korean,1947,1955,45,0.08417389187570652,False
808,IMEX Republic of Korea Troops (530),IMEX,South Korean,1946,1955,46,0.08417117322846339,False
868,Strelets Allied Chiefs of Staff (2) (011),Strelets,Austrian,1790,1815,46,0.0835504005547818,False
1303,Caesar WWII Chinese Army (H036),Caesar,Chinese,1930,1950,47,0.08320350484087315,False
525,Atlantic Mao - Chinese Revolution (9010),Atlantic,Chinese,1930,1950,23,0.08320350484087315,True
2776,Orion Ruff-Puffs (72053),Orion,South Vietnamese,1964,1975,41,0.08287034746143326,False
2755,Strelets American Anti-Tank Squad (247),Strelets,USA,1945,1960,45,0.08271426431592034,False
806,IMEX Korean War US Army (529),IMEX,USA,1950,1955,43,0.08271426431592034,True
785,Esci US Soldiers (8016),Esci,USA,1942,1946,39,0.08271426431592034,False
2911,LW US Army Light Trailer (2026b),LW,USA,1940,1950,34,0.08271426431592034,False
645,HaT 1806 Prussian Musketeers (8083),HaT,German,1797,1808,41,0.08263574658863955,False
127,HaT Russian Cossacks (8006),HaT,Russian,1790,1840,42,0.08262795168934824,False
1161,Dapol Railway Workmen (C002),Dapol,British,1840,1950,47,0.0826159695048237,False
2271,HaT British Infantry Command (8304),HaT,British,1796,1815,47,0.0826159695048237,False
2827,RedBox British Regiments of Horse 1745 (72140),RedBox,British,1727,1760,46,0.0826159695048237,False
2833,Orion British Tank Crew (Winter Dress) (72061),Orion,British,1944,1975,45,0.0826159695048237,True
1162,Dapol Platform Figures (C008),Dapol,British,1950,1970,43,0.0826159695048237,True
713,Italeri British Light Cavalry (6044),Italeri,British,1775,1785,42,0.0826159695048237,True
24,Airfix Guards Colour Party (01702),Airfix,British,1946,1960,41,0.0826159695048237,True
3057,HaT American War of Independence British Artillery (8345),HaT,British,1770,1785,41,0.0826159695048237,True
13,A Call To Arms British Infantry World War II (52),A Call To Arms,British,1951,1955,33,0.0826159695048237,True
430,Airfix Station Accessories (01742),Airfix,British,1951,1960,31,0.0826159695048237,True
2444,Mars Achaeans (72089),Mars,Greek,-1299,-1100,28,0.08260804969835289,True
2815,Strelets French Garde du Corps (240),Strelets,French,1690,1760,49,0.0825925694951125,False
2809,Strelets Chevau-Légers and Gendarmes of the Guards (239),Strelets,French,1700,1762,47,0.0825925694951125,False
2863,Strelets French Late War Dragoons in Reserve (252),Strelets,French,1690,1755,44,0.0825925694951125,True
161,HaT 1805 French Line Infantry (8062),HaT,French,1796,1806,38,0.0825925694951125,True
549,Italeri French Infantry (6043),Italeri,French,1779,1785,37,0.0825925694951125,False
2681,Strelets Cannone da 105/28 Schneider Ansaldo (A016),Strelets,Italian,1937,1951,47,0.08255631220534311,True
471,Atlantic Italian Carabinieri Band (9005),Atlantic,Italian,1862,1970,19,0.08255631220534311,False
2779,Orion ARVN Troops (Late War) (72052),Orion,South Vietnamese,1969,1975,39,0.0812753962279278,True
798,Caesar WWII Underground Resisters (Partisans) (H006),Caesar,Belgian,1939,1945,44,0.08020985979520984,False
807,IMEX Chinese People's Liberation Army (531),IMEX,Chinese,1949,1952,47,0.07956285528613244,False
2121,Caesar British Army (H060),Caesar,British,2004,2010,40,0.07897531995008299,True
2424,Mars Early Mycenaean Infantry (72086),Mars,Greek,-1500,-1400,31,0.07896740014361218,False
1387,Caesar Partisans in Europe (H056),Caesar,Belgian,1940,1945,45,0.07890917660305097,True
565,HaT Sea Peoples (8078),HaT,Sea People,-1250,-1150,32,0.07683405841476275,False
2443,Mars Sea Peoples (72088),Mars,Sea People,-1230,-1150,32,0.07683405841476275,True
2972,Linear-A Neo-Assyrian Empire Infantry Set 5 (084),Linear-A,Assyrian,-740,-612,47,0.07625723847284427,True
2115,BUM Huron's River (2008),BUM,USA,1755,1763,44,0.07572421717081819,True
2052,BUM Roger's Rangers (2001),BUM,British,1755,1763,36,0.07562592235972154,True
1526,Orion Modern Israeli Army (Set 1) (72012),Orion,Israeli,2000,2009,45,0.07506663181537276,False
1102,Caesar The Sea Peoples (H048),Caesar,Sea People,-1275,-1170,49,0.07374230679289065,False
400,Esci Warsaw Pact Troops (242),Esci,Czech,1981,1988,46,0.07279606509325429,False
366,Airfix Civilians (01706),Airfix,British,1955,1965,31,0.07253417073784944,True
3090,Strelets Early Texas Rangers (M165),Strelets,Texian,1823,1845,40,0.07219065373214052,False
2916,Linear-A Neo-Assyrian Empire Set 3 (062),Linear-A,Assyrian,-720,-609,47,0.07030275386775725,True
1130,HaT WWI Canadian Infantry (8111),HaT,Canadian,1916,1918,39,0.06967383425524248,False
2014,HaT WWI Highlanders (8235),HaT,British,1916,1918,37,0.06967383425524248,True
1786,HaT Ruga-Ruga (8269),HaT,Kenyan,1880,1918,40,0.06863848323426436,False
1619,Strelets Jacobites (1) (066),Strelets,British,1689,1746,40,0.06811424556446483,False
1562,Strelets Jacobites (2) (068),Strelets,British,1689,1746,39,0.06811424556446483,True
1112,Mars Pirates of the Caribbean (72009),Mars,British,1660,1750,34,0.06803451128575427,False
2831,Orion Viet Cong (72059),Orion,Vietnamese,1960,1975,36,0.06766769258450447,True
606,IMEX Eastern Friendly Indians (522),IMEX,USA,1600,1750,45,0.06711148050988876,True
1043,Caesar Modern US Army (H030),Caesar,USA,2001,2006,44,0.06711148050988876,True
1962,Toxso M102 105mm Howitzer (1402),Toxso,USA,2000,2006,43,0.06711148050988876,True
1104,Orion Ukrainian Foot Cossacks and Artillery (72013),Orion,Ukrainian,1550,1750,45,0.06707151920352121,False
1439,HaT Württemberg Cavalry (8175),HaT,German,1805,1814,46,0.0670439773611729,False
2826,RedBox British Dragoons 1745 (72139),RedBox,British,1730,1750,43,0.06701318569879211,True
2796,Strelets French Guard Musketeers (242),Strelets,French,1695,1750,46,0.06698978568908091,True
183,IMEX Alamo Defenders (aka Texas Infantry) (509),IMEX,Texian,1830,1850,48,0.06689167270586005,False
17,A Call To Arms Zulus (56),A Call To Arms,South African,1816,1880,43,0.06602721307704065,False
2631,HaT Unmarried Zulu Warriors (8316),HaT,South African,1816,1880,39,0.06602721307704065,True
407,Esci Zulu Warriors (213),Esci,South African,1816,1880,37,0.06602721307704065,True
2,Accurate American Militia (7201),Accurate,USA,1775,1780,48,0.06463655618203548,True
185,IMEX George Washington's Army (511),IMEX,USA,1775,1783,41,0.06463655618203548,True
42,Airfix Washington's Army (01739),Airfix,USA,1775,1783,37,0.06463655618203548,True
837,Italeri American Infantry (6060),Italeri,USA,1775,1783,33,0.06463655618203548,True
603,Esci NATO Pilots and Ground Crew (243),Esci,Belgian,1985,1990,43,0.0646298824731448,False
2096,HaT Colonial Ox Wagon (8286),HaT,South African,1810,1900,39,0.06447803230570999,False
1744,HaT WWI ANZAC Heavy Weapons (8190),HaT,Australian,1914,1916,45,0.06268805289640901,False
435,HaT WWI ANZAC Infantry (8071),HaT,Australian,1914,1918,44,0.06268805289640901,False
2783,Strelets Arabs in Skirmish (M142),Strelets,Arab,1890,1935,45,0.06247491473324696,False
2865,Strelets Arabs in Ambush (M149),Strelets,Arab,1900,1930,44,0.062435267281690854,True
34,Airfix Arabs (Bedouins) (01719),Airfix,Arab,1900,1930,38,0.062435267281690854,True
2653,Strelets Japanese Type 38 75mm Field Gun (176),Strelets,Japanese,1927,1945,42,0.06238914423447038,False
1588,Waterloo 1815 Sioux (023),Waterloo 1815,USA,1800,1900,47,0.062326626809372405,False
3048,Strelets US Volunteers (Seminole Wars) (M161),Strelets,USA,1816,1858,44,0.062326626809372405,True
3047,Strelets Seminole Warriors (M160),Strelets,USA,1816,1858,43,0.062326626809372405,True
3120,Strelets Mounted Seminoles (301),Strelets,USA,1810,1860,36,0.062326626809372405,True
1861,RedBox Policemen and Citizens (72037),RedBox,USA,1920,1935,35,0.062326626809372405,False
556,Atlantic Buffalo Hunt (1001),Atlantic,USA,1800,1860,16,0.062326626809372405,True
110,Esci NATO Troops (241),Esci,British,1985,1989,46,0.06224810908209163,True
635,Atlantic Hitler - Brown Shirts - SS (9008),Atlantic,German,1925,1945,26,0.06224810908209163,False
340,Zvezda Napoleonic Guards Cossacks (8018),Zvezda,Russian,1809,1819,43,0.0622403141828003,True
813,Strelets British Lancers (036),Strelets,British,1817,1870,45,0.06222833199827576,False
2474,Strelets Bashi-Bazouks (M054),Strelets,Turkish,1800,1880,43,0.0622162112834254,False
2818,Strelets M1916 37mm Gun with French Foreign Legion Crew (291),Strelets,French,1920,1938,41,0.06220493198856457,False
873,Strelets French Foreign Legion Artillery (290),Strelets,French,1925,1938,38,0.06220493198856457,True
612,Atlantic The March on Rome - Mussolini and the Black Shirts (9007),Atlantic,Italian,1922,1939,31,0.06216867469879518,True
2425,Mars Late Mycenaean Light Infantry (72087),Mars,Greek,-1250,-1200,31,0.06163356274211973,True
943,Caesar Assyrian Cavalry (H010),Caesar,Assyrian,-710,-612,46,0.06069874644019755,True
2526,Strelets Mounted Rif Rebels (190),Strelets,Moroccan,1921,1928,27,0.06031986544921502,True
842,Caesar Assyrian Army (H007),Caesar,Syrian,-710,-612,46,0.06028832913588216,False
760,Hasegawa US Pilot/Ground Crew Set (35007),Hasegawa,USA,1980,1988,46,0.06016572513817147,False
524,Esci Modern U.S. Soldiers (239),Esci,USA,1980,1987,44,0.06016572513817147,True
892,Fujimi Flight Deck Crew and Carrier Tractor (35001),Fujimi,USA,1980,1988,43,0.06016572513817147,True
893,Fujimi Flight Deck Crew and Fire Engine (35002),Fujimi,USA,1980,1988,43,0.06016572513817147,True
431,Airfix NATO Infantry (01759),Airfix,USA,1980,1985,30,0.06016572513817147,True
1640,Zvezda Zaporozhian Cossacks (8064),Zvezda,Ukrainian,1550,1730,45,0.06012576383180394,True
283,Orion English Pirates (72001),Orion,British,1660,1730,46,0.060067430327074824,True
2855,Strelets French Dragoons on the March (251),Strelets,French,1690,1733,46,0.060044030317363634,True
2857,Strelets Dismounted French Dragoons in Skirmish (254),Strelets,French,1680,1733,45,0.060044030317363634,False
2858,Strelets French Dragoons in Attack (253),Strelets,French,1690,1733,41,0.060044030317363634,True
528,Atlantic Fliers (103),Atlantic,Italian,1960,1975,32,0.06000777302759425,True
394,Atlantic Divers (110),Atlantic,Italian,1960,1975,30,0.06000777302759425,True
879,Atlantic Seamen (108),Atlantic,Italian,1960,1975,29,0.06000777302759425,True
65,Atlantic Commandos 'San Marco' (117),Atlantic,Italian,1960,1975,28,0.06000777302759425,True
63,Atlantic Italian Bersaglieri (115),Atlantic,Italian,1960,1975,24,0.06000777302759425,True
58,Atlantic Paratroopers (101),Atlantic,Italian,1960,1975,21,0.06000777302759425,True
382,Atlantic Alpini (111),Atlantic,Italian,1960,1975,21,0.06000777302759425,True
522,Atlantic Heavy Artillery (107),Atlantic,Italian,1960,1975,21,0.06000777302759425,True
67,Atlantic Machine-Gunners and Mortars (119),Atlantic,Italian,1960,1974,18,0.06000777302759425,True
401,Atlantic Anti-Air Missiles (121),Atlantic,Italian,1960,1975,17,0.06000777302759425,True
359,Atlantic Infantry with Jeep (105),Atlantic,Italian,1960,1975,16,0.06000777302759425,True
531,Atlantic Ambulance (113),Atlantic,Italian,1960,1975,14,0.06000777302759425,True
533,Atlantic Air Force (102),Atlantic,Italian,1960,1975,11,0.06000777302759425,True
358,Atlantic Infantry (104),Atlantic,Italian,1960,1975,10,0.06000777302759425,True
1143,HaT Württemberg Infantry (8093),HaT,German,1811,1814,45,0.0597988396532947,True
1742,HaT Württemberg Artillery (8232),HaT,German,1810,1813,44,0.0597988396532947,True
1514,Lucky Toys Vlad Tzepes (TL0011),Lucky Toys,Romanian,1450,1475,44,0.05971007950379187,False
2507,Mars British Commonwealth Troops (72127),Mars,Australian,1943,1945,42,0.05934689816865012,False
3080,Ultima Ratio The Thracians (UR026),Ultima Ratio,Bulgarian,-650,30,44,0.05931545331228763,False
949,Caesar Assyrian Chariot (H011),Caesar,Assyrian,-699,-601,43,0.058672901123446676,True
1300,Orion Scythian Cavalry (72024),Orion,Polish,-699,-101,43,0.05857352860400853,False
235,LW Scythians (45),LW,Polish,-650,-250,27,0.05857352860400853,True
1452,HaT Zulus (8191),HaT,South African,1820,1879,40,0.05814627757030784,True
1920,Orion Hussite War Wagon and Command (72039),Orion,Bohemian,1412,1436,39,0.05747870652267664,False
1593,Waterloo 1815 Japanese 70mm Gun (003),Waterloo 1815,Japanese,1931,1945,47,0.05629933043381321,True
2816,Strelets Japanese Type 11 Gun (281),Strelets,Japanese,1931,1940,40,0.05629933043381321,True
103,Esci U.S. Elite Forces (228),Esci,USA,1962,1973,47,0.056236813008715233,False
936,Pegasus U.S.M.C. in Vietnam (7401),Pegasus,USA,1962,1967,47,0.056236813008715233,True
1389,Caesar Modern US Elite Force (H058),Caesar,USA,2005,2005,47,0.056236813008715233,True
3069,Orion Spanish Republican Pilots (72073),Orion,Spanish,1930,1939,45,0.056225214467868774,False
1338,BUM Rif War 1920-1927 (5100),BUM,Spanish,1920,1927,41,0.056225214467868774,False
467,Revell German Crisis Reaction Forces (KRK) (02522),Revell,German,2000,2000,44,0.056158295281434456,True
1820,Zvezda Scythian Cavalry (8069),Zvezda,Kazak,-600,-300,47,0.05588869566366164,False
1042,IMEX Mexican Round Hat Infantry (553),IMEX,Mexican,1820,1850,48,0.054880902638667774,False
2920,Model Kasten JNAF Aircrew 'Rabaul Zero Fighter' (F-11 1800),Model Kasten,Japanese,1933,1945,50,0.05450820872773757,True
2141,Strelets WWII Japanese Troops in Tropical Uniform (M114),Strelets,Japanese,1932,1945,41,0.05450820872773757,True
720,Esci Japanese Imperial Guard (8061),Esci,Japanese,1933,1945,36,0.05450820872773757,True
439,Atlantic Davy Crockett (1005),Atlantic,USA,1820,1836,25,0.05444569130263959,True
625,BUM La Legion (5000),BUM,Spanish,1934,1939,44,0.05443409276179313,True
1305,Pegasus German 75mm le IG18 (7510),Pegasus,German,1932,1945,49,0.054367173575358814,True
85,Esci German Soldiers (201),Esci,German,1933,1945,43,0.054367173575358814,True
1433,HaT German 7.5cm IG 18 Gun (8163),HaT,German,1933,1945,38,0.054367173575358814,True
620,Orion Red 1st Cavalry (72011),Orion,Russian,1918,1924,46,0.05435937867606749,False
734,Strelets Russian Cossack Infantry and Sailors (027),Strelets,Russian,1820,1870,43,0.05435937867606749,False
2604,Strelets Red Cavalry in Summer Dress (164),Strelets,Russian,1918,1924,43,0.05435937867606749,True
1248,Strelets Russian Infantry in Winter Uniform (M017),Strelets,Russian,1882,1925,42,0.05435937867606749,False
559,LW Soviet 45mm Anti-Tank Gun 1932 (21),LW,Russian,1933,1945,31,0.05435937867606749,False
3067,Orion Finnish Tank Crew WW2 (72071),Orion,Finnish,1937,1945,44,0.053194284383437526,False
1151,Zvezda Russian Infantry of Peter the Great (8049),Zvezda,Russian,1698,1725,45,0.0526706067817676,False
1641,Strelets Court and Army of Peter I (905),Strelets,Russian,1696,1725,45,0.0526706067817676,False
870,Strelets Artillery of Peter I (042),Strelets,Russian,1700,1725,44,0.0526706067817676,True
568,Strelets Russian Dragoons of Peter I (010),Strelets,Russian,1699,1725,37,0.0526706067817676,True
1395,Caesar Greek Warriors (Hoplites) (H065),Caesar,Greek,-600,-400,40,0.05265070479077226,True
72,Atlantic Greek Life in the Acropolis (1508),Atlantic,Greek,-600,-200,38,0.05265070479077226,False
586,Revell Austrian Artillery (02579),Revell,Austrian,1756,1763,48,0.05199810441369571,True
622,Revell Austrian Dragoons (02573),Revell,Austrian,1756,1763,45,0.05199810441369571,True
499,Revell Austrian Infantry (02574),Revell,Austrian,1756,1763,40,0.05199810441369571,True
3034,Orion US Infantry in Vietnam (Middle War) (72070),Orion,USA,1966,1970,41,0.051161968174834246,True
2054,BUM Rangers and Canoes (2003),BUM,British,1756,1763,40,0.051161968174834246,True
2057,BUM Massacre! (2006),BUM,USA,1756,1763,37,0.051161968174834246,True
2056,BUM Ambush! (2005),BUM,USA,1756,1763,30,0.051161968174834246,True
422,Airfix Astronauts (01741),Airfix,USA,1965,1975,25,0.051161968174834246,False
315,Revell Prussian Hussars (02575),Revell,German,1756,1763,49,0.05108345044755347,True
2094,HaT 7YW Prussian Infantry Command (8282),HaT,German,1756,1763,47,0.05108345044755347,True
2092,HaT 7YW Prussian Infantry Marching (8280),HaT,German,1756,1763,42,0.05108345044755347,True
2093,HaT 7YW Prussian Infantry Action (8281),HaT,German,1756,1763,38,0.05108345044755347,True
1797,Strelets Red Army in Summer Dress (M045),Strelets,Russian,1918,1923,45,0.05107565554826214,True
1796,Strelets Red Army in Winter Dress (M044),Strelets,Russian,1918,1923,44,0.05107565554826214,True
2053,BUM Whaleboat Rangers (2002),BUM,British,1756,1763,44,0.0510636733637376,True
2047,Waterloo 1815 Roger's Rangers (035),Waterloo 1815,British,1757,1763,40,0.0510636733637376,True
2774,Linear-A Roman Army under King Servius Tullius (038),Linear-A,Italian,-599,-501,43,0.05100401606425702,True
64,Atlantic Italian Carabinieri Police (116),Atlantic,Italian,1965,1972,26,0.05100401606425702,True
955,Strelets Australian Lancers (054),Strelets,Australian,1895,1905,41,0.05094673891092098,False
3035,Orion USMC In Vietnam (Early War) (72068),Orion,USA,1965,1968,42,0.049653230521518286,True
3123,Strelets Texas Rangers 2 (M168),Strelets,USA,1823,1850,39,0.049653230521518286,True
957,Strelets Mounted Boers (037),Strelets,Boer,1880,1905,35,0.048838941779104604,False
1610,Orion Slavic Warriors (72028),Orion,Albanian,500,800,36,0.04871141511288712,False
2597,Strelets WWI Polish Infantry (Blue Army) (M130),Strelets,Polish,1917,1922,45,0.048417936734478195,False
3028,HaT AWI American Infantry (8342),HaT,USA,1776,1783,47,0.048223900113113685,True
686,IMEX Stagecoach (517),IMEX,USA,1827,1890,45,0.048223900113113685,True
1037,IMEX American Artillery (554),IMEX,USA,1776,1783,45,0.048223900113113685,True
3055,HaT AWI American Cavalry (8346),HaT,USA,1776,1783,43,0.048223900113113685,True
3054,HaT AWI American Artillery (8344),HaT,USA,1776,1783,40,0.048223900113113685,True
3058,HaT American War of Independence British Cavalry (8347),HaT,USA,1776,1783,33,0.048223900113113685,True
1029,Strelets Kuban\Terek Cossacks (073),Strelets,Russian,1900,1922,43,0.04813758748654158,True
951,Strelets Boers (056),Strelets,Boer,1880,1902,44,0.048081159518841836,True
1639,Orion Khazar Army (72030),Orion,Georgian,600,1000,42,0.04788289452133757,False
1824,Strelets WWII New Zealand Troops (M111),Strelets,New Zealand,1940,1945,37,0.04743961802663162,False
1438,HaT Brunswick Cavalry (8174),HaT,Brunswick,1805,1815,46,0.04720205991660515,False
1076,Strelets Russian Hussars (076),Strelets,Russian,1914,1921,44,0.04678155607343978,True
79,Atlantic Lenin - Stalin - Russian Revolution (9009),Atlantic,Russian,1917,1921,32,0.04678155607343978,True
476,Atlantic Medical Personnel (112),Atlantic,Italian,1970,1975,37,0.04670991658943466,True
68,Atlantic Anti-Tank Guns (120),Atlantic,Italian,1970,1975,25,0.04670991658943466,True
1050,Atlantic Navy (109),Atlantic,Italian,1970,1975,22,0.04670991658943466,True
66,Atlantic Landing Craft Infantry (118),Atlantic,Italian,1970,1975,8,0.04670991658943466,True
1030,RedBox Picts (72001),RedBox,British,250,850,34,0.04625713142897329,False
113,HaT Picts (6005),HaT,British,250,800,33,0.04625713142897329,True
1106,Caesar Maya Warriors (H027),Caesar,Belize,250,1550,43,0.046157712136627574,False
241,Matchbox ANZAC Infantry (P5008),Matchbox,Australian,1942,1945,49,0.04597747785840661,False
2706,Strelets Boer Field Artillery (224),Strelets,Boer,1895,1902,40,0.04597314704938358,True
576,Esci Muslim Warriors (238),Esci,Afghan,1860,1920,41,0.04584571652870961,False
2237,RedBox Byzantine Cataphracts Set 2 (72154),RedBox,Greek,600,1400,44,0.045473424239997735,False
1751,RedBox Byzantine Cataphracts Set 1 (72153),RedBox,Greek,600,1400,43,0.045473424239997735,True
1477,RedBox Byzantine Clibanarii Set 1 (72151),RedBox,Greek,600,1300,41,0.045473424239997735,True
1750,RedBox Byzantine Clibanarii Set 2 (72152),RedBox,Greek,600,1300,41,0.045473424239997735,True
2254,Orion Byzantine Infantry (7th - 9th Century) (72043),Orion,Greek,600,899,39,0.045473424239997735,True
1749,RedBox Byzantine Light Cavalry Set 2 (72138),RedBox,Greek,575,1400,37,0.045473424239997735,False
2970,RedBox Byzantine Light Cavalry Set 1 (72137),RedBox,Greek,575,1400,36,0.045473424239997735,True
189,IMEX Mexican Artillery At The Alamo (520),IMEX,Mexican,1830,1840,31,0.044789460831266004,True
184,IMEX Mexican Infantry (510),IMEX,Mexican,1830,1840,30,0.044789460831266004,True
3068,Orion USMC in Vietnam (Late War) (72072),Orion,USA,1970,1973,43,0.04435424949523782,True
28,Airfix Indians (01708),Airfix,USA,1830,1870,25,0.04435424949523782,True
699,Strelets Russian Terek Cossacks (026),Strelets,Russian,1830,1915,42,0.04426793686866572,False
1120,Emhar Zouaves (7212),Emhar,French,1830,1914,40,0.044232554674429984,False
781,Strelets Zouaves (033),Strelets,French,1830,1914,37,0.044232554674429984,True
1208,Italeri Austrian Infantry 1798-1805 (6093),Italeri,Austrian,1798,1805,43,0.044023348246168464,True
2745,Strelets Austrian Grenadiers Standing Shoulder Arms (204),Strelets,Austrian,1798,1815,41,0.044023348246168464,True
552,Italeri Austrian Grenadiers and Infantry (6005),Italeri,Austrian,1798,1809,40,0.044023348246168464,True
134,HaT Austrian Cuirassiers (8015),HaT,Austrian,1798,1810,39,0.044023348246168464,True
101,Esci Prussian and Austrian Infantry (226),Esci,Austrian,1798,1808,36,0.044023348246168464,True
1246,Orion Scythian Infantry (72025),Orion,Polish,-550,-250,42,0.04362086078989493,True
956,Strelets Bengal Lancers (057),Strelets,Indian,1875,1910,43,0.043320885489220265,False
2099,HaT Colonial Bengal Lancers (8289),HaT,Indian,1864,1910,43,0.043320885489220265,False
2813,Strelets Arabs in Retreat (M148),Strelets,Arab,1900,1920,41,0.043295852479625446,True
1821,Mars Saxon Infantry (72035),Mars,German,1700,1721,38,0.043280557646152865,False
1337,RedBox Japanese Infantry (72020),RedBox,Japanese,1882,1910,33,0.043249729432404974,False
383,Zvezda Persian Infantry (8006),Zvezda,Persian,-550,-300,49,0.04316930807424972,False
157,HaT Persian Light Infantry (8057),HaT,Persian,-550,-300,48,0.04316930807424972,True
516,Zvezda Persian Chariot and Cavalry (8008),Zvezda,Persian,-550,-300,45,0.04316930807424972,True
279,Odemars Persians (PF02),Odemars,Persian,-550,-300,17,0.04316930807424972,True
1135,HaT 1806 Prussian Elites (8136),HaT,German,1798,1807,44,0.04310869428002622,True
1741,HaT 1806 Prussian Artillery (8230),HaT,German,1798,1806,43,0.04310869428002622,True
1025,Strelets Russian Dragoons (058),Strelets,Russian,1882,1918,43,0.04310089938073489,True
1124,Strelets Don Cossacks in Summer Dress (083),Strelets,Russian,1890,1920,43,0.04310089938073489,True
1336,RedBox Russian Infantry (72018),RedBox,Russian,1885,1912,30,0.04310089938073489,True
2676,Strelets British 15 pdr 7 cwt BL Gun (177),Strelets,British,1892,1908,45,0.04308891719621035,True
2111,Strelets British Cavalry (Egypt) (119),Strelets,British,1798,1801,43,0.04308891719621035,True
2106,Strelets British Line Infantry in Egypt (M070),Strelets,British,1798,1801,40,0.04308891719621035,True
1568,Strelets British Artillery (Egypt) (079),Strelets,British,1798,1801,38,0.04308891719621035,True
106,Esci British Artillery (233),Esci,British,1798,1815,36,0.04308891719621035,True
1117,Emhar French Infantry 1854-1871 (7211),Emhar,French,1852,1914,47,0.04306551718649916,True
2819,Strelets French Foreign Legion in Camp (M146),Strelets,French,1897,1910,47,0.04306551718649916,True
1567,Strelets French Artillery (Egypt) (078),Strelets,French,1798,1801,45,0.04306551718649916,True
3121,Strelets Napoleon in Egypt (303),Strelets,French,1798,1801,45,0.04306551718649916,True
459,Esci French Foreign Legion (237),Esci,French,1870,1913,44,0.04306551718649916,True
1173,Italeri French Infantry 1798-1805 (6092),Italeri,French,1798,1805,43,0.04306551718649916,True
2539,Strelets French Foreign Legion Early XX C. (186),Strelets,French,1900,1913,43,0.04306551718649916,True
899,Strelets Napoleon's General Staff (2) (048),Strelets,French,1798,1815,42,0.04306551718649916,False
2820,Strelets French Foreign Legion in Attack (M147),Strelets,French,1903,1913,41,0.04306551718649916,True
1369,Strelets French Foreign Legion in Skirmish (M150),Strelets,French,1903,1914,40,0.04306551718649916,True
2104,Strelets French Line Infantry in Egypt (M068),Strelets,French,1798,1801,40,0.04306551718649916,True
2105,Strelets French Light Infantry in Egypt (M069),Strelets,French,1798,1801,40,0.04306551718649916,True
460,Airfix Foreign Legion (01710),Airfix,French,1901,1914,39,0.04306551718649916,True
2110,Strelets French Hussars in Egypt (118),Strelets,French,1798,1801,38,0.04306551718649916,True
2531,Strelets French Foreign Legion Desert Patrol (192),Strelets,French,1897,1912,38,0.04306551718649916,True
461,Airfix Foreign Legion (1710),Airfix,French,1901,1914,27,0.04306551718649916,True
187,IMEX Mexican Cavalry At The Alamo (515),IMEX,Mexican,1835,1836,29,0.0425096666687965,True
141,HaT Bavarian Cavalry (8030),HaT,Bavarian,1799,1815,37,0.042411891687315115,False
146,HaT Bavarian Artillery (8038),HaT,Bavarian,1799,1815,37,0.042411891687315115,True
1328,Zvezda Swedish Dragoons of Charles XII (8057),Zvezda,Swedish,1700,1721,47,0.04233616281254204,False
562,Strelets Swedish Infantry of Charles XII (021),Strelets,Swedish,1704,1721,42,0.04233616281254204,True
1084,Zvezda Swedish Infantry (8048),Zvezda,Swedish,1706,1721,39,0.04233616281254204,True
1271,Mars Swedish Infantry (72020),Mars,Swedish,1704,1721,36,0.04233616281254204,True
114,HaT Saxons (6006),HaT,German,150,600,24,0.04221838082045685,False
173,HYTTY Persians (1002),HYTTY,Persian,-525,-480,17,0.04205655139971104,True
2828,RedBox Prince's Lifeguard and Fitzjames Horse (72141),RedBox,British,1745,1746,46,0.04201504356164837,True
1598,Zvezda Russian Artillery of Peter the Great (8058),Zvezda,Russian,1698,1721,48,0.04198814270619621,True
1850,Zvezda Dragoons of Peter I (8072),Zvezda,Russian,1701,1721,47,0.04198814270619621,True
1623,Linear-A Goths (Set 1) (058),Linear-A,Bulgarian,401,599,45,0.04195551104425587,False
2598,Strelets Creusot Long Tom 155mm Gun with Boer Crew (A014),Strelets,Boer,1898,1902,41,0.04184778931345453,True
1550,RedBox Chinese Regiment (72032),RedBox,British,1899,1906,32,0.041501519032025105,True
1471,HaT Sassanid Levy Infantry (8205),HaT,Persian,224,651,44,0.04140581840477018,False
1905,HaT Sassanid Light Infantry (8267),HaT,Persian,224,651,43,0.04140581840477018,True
1473,HaT Sassanid Clibanarii (8285),HaT,Persian,224,651,41,0.04140581840477018,True
1474,HaT Sassanid Light Cavalry (8283),HaT,Persian,224,651,40,0.04140581840477018,True
1026,Strelets Don Cossacks (059),Strelets,Cossack,1910,1918,43,0.04130509473534195,False
923,HaT WWI US Infantry (8112),HaT,USA,1917,1919,41,0.0410122785070723,False
1504,Mars Crimean Tatar Infantry (72084),Mars,Crimean,1600,1700,36,0.04093579969869186,False
2555,Strelets Imperial Camel Corps Dismounted (M123),Strelets,British,1916,1919,46,0.04091398369597565,True
2325,RedBox British Infantry (72049),RedBox,British,1745,1746,45,0.04091398369597565,True
2964,Strelets 1745 Jacobite Artillery (283),Strelets,British,1745,1746,44,0.04091398369597565,True
2327,RedBox Militia and Loyalist Troops (72051),RedBox,British,1745,1746,43,0.04091398369597565,True
2326,RedBox Highland Infantry (72050),RedBox,British,1745,1746,42,0.04091398369597565,True
1210,GerMan Jacobite Highlanders (0010),GerMan,British,1745,1746,41,0.04091398369597565,True
2113,Strelets 1745 British Artillery (284),Strelets,British,1745,1746,41,0.04091398369597565,True
2808,RedBox Bonnie Prince Charlie and Scottish Cavalry (72149),RedBox,British,1745,1746,41,0.04091398369597565,True
2933,Hegemony Romano-Britons (HB007),Hegemony,British,409,620,30,0.04091398369597565,True
1848,Zvezda Spartans (8068),Zvezda,Greek,-520,-475,47,0.04090606388950486,True
875,Linear-A The Nika Revolt (041),Linear-A,Greek,500,600,41,0.04090606388950486,False
2781,Linear-A Eastern Roman Empire Infantry Set 1 (039),Linear-A,Greek,501,599,39,0.04090606388950486,True
2554,Strelets Turkish Infantry in Tropical Uniform (M122),Strelets,Turkish,1914,1919,43,0.040901862981125296,False
434,HaT WWI Turkish Infantry (8070),HaT,Turkish,1909,1919,42,0.040901862981125296,False
2452,HaT WWI Italian Arditi (8221),HaT,Italian,1917,1920,27,0.040854326396495076,True
2708,Strelets Boer Infantry (M138),Strelets,Boer,1899,1902,43,0.04083486665507909,True
2535,Strelets Pom-Pom Gun with Boer Crew (188),Strelets,Boer,1899,1902,41,0.04083486665507909,True
1020,HaT Assyrian Cavalry (8125),HaT,Assyrian,-699,-609,44,0.04053033084232218,True
905,HaT Assyrian Infantry (8092),HaT,Assyrian,-699,-609,42,0.04053033084232218,True
912,HaT Assyrian Allied Infantry (8121),HaT,Assyrian,-699,-609,38,0.04053033084232218,True
881,Strelets Lieb-Drabants of Charles XII (044),Strelets,Swedish,1700,1720,39,0.04025901702006982,True
2707,Strelets Brunswick Light Guards Battalion (154),Strelets,Brunswick,1810,1815,45,0.03995692220872696,True
139,HaT Brunswick Leib Infantry (8026),HaT,Brunswick,1810,1815,41,0.03995692220872696,True
816,Strelets Guard of Peter I (031),Strelets,Russian,1695,1720,42,0.039910996913723996,False
159,HaT Austrian Infantry (8060),HaT,Austrian,1908,1918,41,0.03986260589789338,False
1086,HaT Assyrian Chariots (8124),HaT,Assyrian,-670,-609,44,0.03955949096105799,True
115,HaT Franks (6007),HaT,Belgian,150,500,29,0.039509400545433955,False
116,HaT Visigoths (6008),HaT,French,370,550,26,0.039014871118185454,False
1028,Strelets German Uhlans (072),Strelets,German,1908,1915,44,0.038947951931751136,False
1027,Strelets German Hussars (060),Strelets,German,1910,1916,41,0.038947951931751136,False
1784,HaT Schutztruppe (8270),HaT,German,1908,1918,36,0.038947951931751136,False
730,HaT WWI Russian Infantry Heavy Weapons Set (8080),HaT,Russian,1912,1918,43,0.03894015703245981,True
2102,HaT British Infantry (Early) (8292),HaT,British,1908,1915,42,0.03892817484793527,True
542,Airfix WWI British Infantry (01727),Airfix,British,1908,1915,38,0.03892817484793527,True
1485,Waterloo 1815 Italian Mountain Troops 'Alpini' (057),Waterloo 1815,Italian,1909,1916,45,0.03886851754845469,True
1590,Waterloo 1815 Napoleonic Mounted Line Officers (028),Waterloo 1815,British,1813,1815,45,0.03874447059230652,True
129,HaT Brunswick Avant Garde (8008),HaT,Brunswick,1814,1815,38,0.03874447059230652,True
232,LW Bactrian Cavalry (38),LW,Afghan,-490,-300,27,0.03830156523561858,False
1737,Italeri Gothic Cavalry (6138),Italeri,Goth,300,500,41,0.03814937741884513,False
1891,Orion Iberian Infantry (72035),Orion,CeltIberian,-500,-130,33,0.03786185118502629,False
2849,Strelets British Artillery (243),Strelets,British,1701,1715,38,0.037354471775431136,True
1631,Valdemar Croatian Light Cavalryman (VI003),Valdemar,Croatian,1200,1240,49,0.03714329712057781,False
1228,MiniArt Germanic Warriors (72013),MiniArt,German,301,499,42,0.03712762715438078,True
874,Linear-A Imperial Guardsmen of Emperor Justinian I (040),Linear-A,Greek,527,565,44,0.03709993026409412,True
2775,Linear-A Emperor Justinian I and Imperatrix Theodora I (011s),Linear-A,Greek,527,565,44,0.03709993026409412,True
1736,Italeri Late Imperial Legion (6137),Italeri,Italian,300,500,45,0.037048192771084336,False
288,Orion Roman Sailors (72006),Orion,Italian,-500,500,44,0.037048192771084336,False
745,HaT Late Roman Cataphracts (8086),HaT,Italian,236,500,44,0.037048192771084336,True
1450,HaT Late Roman Light Cavalry (8188),HaT,Italian,300,500,44,0.037048192771084336,True
1445,HaT Late Roman Medium Cavalry (8183),HaT,Italian,300,500,43,0.037048192771084336,True
2312,Linear-B Roman Valetudinarium (005),Linear-B,Italian,-200,500,40,0.037048192771084336,True
2173,Linear-B Roman Port (002),Linear-B,Italian,-500,500,38,0.037048192771084336,True
1158,MiniArt Roman Infantry (72012),MiniArt,Italian,301,499,37,0.037048192771084336,True
1204,MiniArt Roman Cavalry (72014),MiniArt,Italian,301,499,34,0.037048192771084336,True
718,Lucky Toys Late Empire Romans (TL0002),Lucky Toys,Italian,301,499,27,0.037048192771084336,True
1056,RedBox Afghan Warriors (72004),RedBox,Afghan,1860,1900,35,0.0366440747969474,True
827,HaT WWII Polish Infantry (8115),HaT,Polish,1935,1939,40,0.03654574334221958,False
2408,First To Fight Polish Infantry (PL1939-019),First To Fight,Polish,1935,1939,40,0.03654574334221958,True
2955,Hegemony Persian War Elephants (HB013),Hegemony,Indian,-500,-300,15,0.036485380202768335,True
701,LW War Elephant (32),LW,Indian,-500,-200,12,0.036485380202768335,True
885,Fujimi Japanese Infantry (76030),Fujimi,Japanese,1935,1945,21,0.03641422414595304,True
490,IMEX American Pioneers (516),IMEX,USA,1840,1890,49,0.03635170672085507,True
343,IMEX Sioux Indians (508),IMEX,USA,1840,1880,43,0.03635170672085507,True
1555,RedBox Gangsters (72036),RedBox,USA,1935,1938,38,0.03635170672085507,False
57,Atlantic Kit Carson (1008),Atlantic,USA,1840,1880,28,0.03635170672085507,True
716,"Lucky Toys Cheyennes, People of the Big Grasslands (TL0004)",Lucky Toys,USA,1840,1880,26,0.03635170672085507,True
2505,Strelets Spanish Pro-Bourbon Infantry (263),Strelets,Spanish,1704,1715,46,0.03634010818000861,False
784,BUM Republican Army (5001),BUM,Spanish,1935,1939,43,0.03634010818000861,True
1184,BUM Spanish Security Forces (5010),BUM,Spanish,1935,1939,41,0.03634010818000861,True
1327,BUM National Regular Army (5005),BUM,Spanish,1935,1940,41,0.03634010818000861,False
2465,Linear-B Mithridatic Heavy Infantry (078),Linear-B,Pontic,-110,-63,39,0.03628147633767181,False
2495,Panzer vs Tanks German U-Boat Crew Set 1 (012),Panzer vs Tanks,German,1935,1945,50,0.03627318899357429,True
2146,Caesar WWII German Infantry Marching (H081),Caesar,German,1935,1945,48,0.03627318899357429,True
1834,HaT WW2 German Tank Riders (8262),HaT,German,1935,1945,45,0.03627318899357429,True
771,Strelets Russian Naval Artillery (032),Strelets,Russian,1840,1870,45,0.03626539409428296,True
1116,Strelets Don Cossacks (052),Strelets,Russian,1840,1857,42,0.03626539409428296,True
421,Revell Soviet Cossacks (02514),Revell,Russian,1935,1945,40,0.03626539409428296,True
814,Strelets British Light Dragoons (040),Strelets,British,1840,1870,47,0.03625341190975842,True
1068,Strelets British Hussars (050),Strelets,British,1840,1857,43,0.03625341190975842,True
96,Esci Lord Cardigan's 11th Hussars (220),Esci,British,1840,1857,33,0.03625341190975842,True
335,Zvezda Greek Infantry (8005),Zvezda,Greek,-500,-380,49,0.036245492103287626,True
1446,HaT Greek Catapult (8184),HaT,Greek,-500,-400,49,0.036245492103287626,True
2734,Linear-A Sacrifice Before the Battle (002s),Linear-A,Greek,-500,-300,42,0.036245492103287626,True
502,Atlantic Greek Cavalry (1510),Atlantic,Greek,-500,-350,22,0.036245492103287626,True
2958,Orion French Tank Crew WW2 (72064),Orion,French,1935,1940,47,0.03623001190004723,False
2742,Strelets French Fusiliers (Early War) (236),Strelets,French,1700,1715,43,0.03623001190004723,True
2963,Orion Italian Tank Crew (72066),Orion,Italian,1935,1943,49,0.036193754610277844,True
2874,Strelets Italian Desert Patrol (M154),Strelets,Italian,1935,1943,46,0.036193754610277844,True
883,Waterloo 1815 Italian Carabiniers (005),Waterloo 1815,Italian,1840,1849,43,0.036193754610277844,False
821,HaT Late Roman Heavy Infantry (8087),HaT,Italian,350,490,40,0.036193754610277844,True
1624,Strelets Obice da 75/18 Mod 35 Howitzer & Italian Crew (282),Strelets,Italian,1935,1943,39,0.036193754610277844,True
2091,HaT Huns (8298),HaT,Hun,300,480,41,0.0357732078346291,False
321,Strelets Vikings Against Franks (004),Strelets,Danish,700,950,37,0.03561324121817406,False
766,Strelets Scots Greys (030),Strelets,British,1842,1874,45,0.03543315127538419,True
901,Strelets British Line Infantry (028),Strelets,British,1844,1855,37,0.03543315127538419,True
1317,Emhar Viking Oarsmen (7218),Emhar,Danish,700,1100,50,0.03509833276249985,False
222,Lucky Toys Attila and Black Huns (TL0001),Lucky Toys,Hun,370,470,38,0.03498511428395582,True
1326,RedBox Sikhs (72021),RedBox,Indian,1888,1905,28,0.03487702601772082,True
2016,HaT Dervish Warriors (8271),HaT,Sudanese,1882,1905,41,0.03486294504010957,False
1316,RedBox US Infantry (72017),RedBox,USA,1899,1905,37,0.034743352535807556,False
1552,RedBox British Naval Brigade (72033),RedBox,British,1890,1905,32,0.03464505772471091,True
698,Strelets French Light Infantry (024),Strelets,French,1845,1855,40,0.03462165771499972,True
1928,Strelets Finnish Army 1939-42 (M062),Strelets,Finnish,1939,1942,43,0.034535292139156765,True
2753,Strelets Finnish Anti-Tank Squad in Summer Dress (245),Strelets,Finnish,1939,1945,40,0.034535292139156765,True
1261,Pobeda Finnish Army (72300),Pobeda,Finnish,1939,1944,36,0.034535292139156765,True
1461,HaT Colonial Wars Indian Infantry (8203),HaT,Indian,1875,1900,42,0.034119243757458055,True
1432,HaT Hadendowah Camelry (8208),HaT,Sudanese,1850,1899,47,0.0341051627798468,False
1810,HaT Taaishi Camelry (8250),HaT,Sudanese,1850,1899,47,0.0341051627798468,True
2683,HaT Napoleonic Austrian Infantry Marching (8326),HaT,Austrian,1799,1809,43,0.03409251981113453,True
2684,HaT Napoleonic Austrian Infantry Action (8327),HaT,Austrian,1799,1809,35,0.03409251981113453,True
537,Atlantic Outlaws and Sheriffs (1014),Atlantic,USA,1850,1900,37,0.03398557027554479,True
392,Atlantic Sioux Camp (1012),Atlantic,USA,1850,1900,28,0.03398557027554479,True
387,Atlantic Apache's Camp (1006),Atlantic,USA,1850,1900,18,0.03398557027554479,True
1170,GerMan Cuban War Spanish Infantry (0003),GerMan,Spanish,1890,1898,46,0.03397397173469833,False
2645,Strelets Prussian Line Infantry on the March (174),Strelets,German,1810,1816,48,0.03390705254826401,True
615,Revell Prussian Infantry (02580),Revell,German,1810,1816,45,0.03390705254826401,True
452,HaT Prussian Dragoons (8002),HaT,German,1808,1816,33,0.03390705254826401,True
1257,HaT Egyptian Camel Corps (8193),HaT,Egyptian,1885,1899,43,0.0339067894058915,True
2797,Strelets Russian Infantry Standing Shoulder Arms (216),Strelets,Russian,1812,1816,49,0.03389925764897268,True
1478,Strelets Russian Infantry in Overcoats Shoulder Arms (218),Strelets,Russian,1811,1816,48,0.03389925764897268,True
2037,Strelets Russian Hussars in Reserve (276),Strelets,Russian,1812,1816,46,0.03389925764897268,True
739,Strelets Russian Hussars (019),Strelets,Russian,1812,1816,43,0.03389925764897268,True
2698,Strelets British Infantry Standing Order Arms (201),Strelets,British,1812,1816,49,0.03388727546444814,False
1090,Strelets British Infantry on the March (141),Strelets,British,1812,1816,47,0.03388727546444814,True
2502,Strelets Highlanders Standing Shoulder Arms (199),Strelets,British,1800,1816,47,0.03388727546444814,False
2038,Strelets British Infantry Firing Line (278),Strelets,British,1812,1816,46,0.03388727546444814,True
2543,Strelets Highlanders in Attack (146),Strelets,British,1805,1816,46,0.03388727546444814,True
1188,Italeri British Infantry 1815 (6095),Italeri,British,1812,1816,45,0.03388727546444814,True
1475,Strelets Highlanders in Square (287),Strelets,British,1812,1816,45,0.03388727546444814,True
313,Revell British Infantry (02571),Revell,British,1812,1816,44,0.03388727546444814,True
2098,HaT Colonial British Dragoons (8288),HaT,British,1878,1898,44,0.03388727546444814,True
3006,Strelets British Infantry in Square (286),Strelets,British,1812,1816,44,0.03388727546444814,True
3005,Strelets British Infantry in Skirmish (285),Strelets,British,1812,1816,43,0.03388727546444814,True
11,A Call To Arms British Infantry 1815 (50),A Call To Arms,British,1812,1816,41,0.03388727546444814,True
2393,Strelets British Line Infantry in Overcoats 2 (M097),Strelets,British,1812,1816,41,0.03388727546444814,True
600,A Call To Arms British Foot Artillery (64),A Call To Arms,British,1812,1816,40,0.03388727546444814,True
1460,HaT Colonial Highlanders (8202),HaT,British,1873,1895,40,0.03388727546444814,True
961,Strelets British Infantry (038),Strelets,British,1888,1901,38,0.03388727546444814,True
45,Airfix Waterloo British Infantry (01745),Airfix,British,1812,1816,37,0.03388727546444814,True
92,Esci British Infantry (215),Esci,British,1812,1816,37,0.03388727546444814,True
1292,Odemars British Infantry for Hougoumont (PF20),Odemars,British,1812,1816,36,0.03388727546444814,True
1055,RedBox Colonial British Army 1890 (72003),RedBox,British,1885,1895,32,0.03388727546444814,True
1424,HaT Australian Light Horse (8153),HaT,Australian,1914,1918,44,0.03362600153348623,True
747,HaT Gothic Cavalry (8085),HaT,Goth,200,450,43,0.0334974363211209,False
1239,Coates & Shine Gothic Army (8133),Coates & Shine,German,160,390,35,0.0334974363211209,True
1222,Strelets Batavian Cavalry in Roman Service (097),Strelets,Dutch,-50,300,41,0.03347723455980285,False
1099,Evolution Roxolan Cavalry (EVF039),Evolution,Sarmatian,-100,300,36,0.03347106832451682,False
2919,Strelets Bavarian Infantry 1701-1714 Shooting Line (262),Strelets,Bavarian,1701,1713,48,0.03320330532028365,False
1136,HaT 1806 Prussian Grenadiers (8135),HaT,German,1799,1807,41,0.033177865844992285,True
644,HaT British Marines and Sailors (8098),HaT,British,1799,1808,40,0.033158088761176416,True
1230,Coates & Shine Theban Army (8129),Coates & Shine,Greek,-490,-320,43,0.03315016895470562,True
1062,Italeri Mamelukes (6082),Italeri,French,1799,1815,48,0.033134688751465226,True
1302,GerMan Napoleonic French Camel Corps (0022),GerMan,French,1799,1802,43,0.033134688751465226,True
126,HaT 1805 Napoleonic French Mamelukes (8001),HaT,French,1799,1815,38,0.033134688751465226,True
596,HaT Waterloo Lutzow Freikorps & Nassau Grenadiers (8097),HaT,German,1810,1815,38,0.03281383192868256,True
1489,IMEX American Infantry (535),IMEX,USA,1846,1848,45,0.03255420378393733,True
1047,Evolution Bosporan Cavalry (EVF038),Evolution,Ukrainian,-450,400,33,0.032514242477569795,False
100,Esci Barbarian Warriors (225),Esci,German,-200,300,43,0.03247568605665655,False
1148,Strelets Russian Crimean Dragoons (063),Strelets,Russian,1846,1864,41,0.032467891157365224,True
695,Strelets Russian Line Infantry (025),Strelets,Russian,1846,1862,39,0.032467891157365224,True
826,Strelets Russian Grenadiers (039),Strelets,Russian,1846,1862,37,0.032467891157365224,True
2718,Ultima Ratio Gladiators Myrmillo Secutor Szissor (UR013),Ultima Ratio,Italian,-100,300,49,0.032396251673360105,True
2320,Strelets Ancient Christians (130),Strelets,Italian,30,400,46,0.032396251673360105,True
773,Linear-B Roman Port - 2 (075),Linear-B,Italian,-100,400,45,0.032396251673360105,True
1847,Strelets Roman Transport 4 (132),Strelets,Italian,-100,300,40,0.032396251673360105,True
2564,Ultima Ratio Gladiators Retiarius Provokator (UR020),Ultima Ratio,Italian,-100,300,40,0.032396251673360105,True
2311,Linear-B Roman Construction (004),Linear-B,Italian,-150,450,39,0.032396251673360105,True
2420,Linear-B Roman Slave Market (076),Linear-B,Italian,-100,300,39,0.032396251673360105,True
2421,Linear-B Roman Peasantry (077),Linear-B,Italian,-100,300,38,0.032396251673360105,True
2943,Ultima Ratio Gladiators Hoplomachus Thracian (UR017),Ultima Ratio,Italian,-100,300,38,0.032396251673360105,True
1312,Lucky Toys Garibaldi 'Red Shirts' (TL0009),Lucky Toys,Italian,1846,1860,33,0.032396251673360105,False
2912,Caesar Three Kingdoms (Shu Kingdom Set 1) (TK001),Caesar,Chinese,210,263,46,0.03236679833103934,False
2651,Strelets Austrian Cuirassiers (257),Strelets,Austrian,1680,1710,44,0.03206121399487759,False
2868,Strelets Austrian Infantry 1701-1714 on the March (260),Strelets,Austrian,1700,1714,42,0.03206121399487759,False
2754,Strelets Finnish Anti-Tank Squad in Winter Dress (246),Strelets,Finnish,1941,1942,42,0.032028343308212255,True
1095,Caesar Inca Warriors (H026),Caesar,Incan,1300,1570,48,0.031783135357020154,False
697,Strelets British Heavy Dragoons (023),Strelets,British,1847,1855,43,0.031779262994989885,True
1545,RedBox French Marines (72026),RedBox,French,1895,1901,38,0.031755862985278695,True
1231,HaT Late Roman Medium Infantry (8100),HaT,Italian,300,450,40,0.03171960569550931,True
1165,HaT Late Roman Missile Troops (8137),HaT,Italian,300,450,38,0.03171960569550931,True
2319,Strelets Catapult with Roman Crew (A009),Strelets,Italian,300,450,25,0.03171960569550931,True
2520,Caesar Chinese Han Dynasty Troopers (H043),Caesar,Chinese,-206,220,48,0.03171431828096893,False
1479,RedBox Irish Mounted Troops (72055),RedBox,Irish,1450,1530,43,0.03168092930258267,False
397,HaT Hannibal's Carthaginians - African Infantry (8020),HaT,Algerian,-480,-146,37,0.03162974396256143,True
2392,Strelets Finnish Army 1944 (M096),Strelets,Finnish,1944,1944,42,0.031552023030332804,True
2732,Mars Finnish Army (Winter Dress) 1942-1944 (72114),Mars,Finnish,1942,1944,32,0.031552023030332804,True
1714,Zvezda Swedish Artillery of Charles XII (8066),Zvezda,Swedish,1700,1710,50,0.03148678523578984,True
1726,Strelets From Narva to Poltava (904),Strelets,Swedish,1700,1709,43,0.03148678523578984,True
825,Strelets Reitars of Charles XII (035),Strelets,Swedish,1690,1702,35,0.03148678523578984,False
1178,MiniArt Hussites (72010),MiniArt,Czech,1401,1499,35,0.03146775954202712,False
1134,HaT Parthian Light Cavalry (8144),HaT,Persian,-249,225,46,0.031441169090385926,False
1133,HaT Parthian Heavy Cavalry (8145),HaT,Persian,-250,250,43,0.031441169090385926,False
906,Orion Parthian Heavy Cavalry (72021),Orion,Persian,-250,230,30,0.031441169090385926,True
226,LW Parthian Cataphracts 1 (24),LW,Persian,-250,250,17,0.031441169090385926,True
227,LW Parthian Cataphracts 2 (25),LW,Persian,-250,250,17,0.031441169090385926,True
1219,Orion Cossack Cavalry (72014),Orion,Polish,1550,1700,44,0.03141911437738063,False
546,HaT Imperial Roman Auxiliaries (8074),HaT,German,-100,250,35,0.03134768175372681,True
2268,RedBox Irish Troops (72044),RedBox,Irish,1460,1487,40,0.03126485506775516,True
1396,Caesar Persian Warriors (H066),Caesar,Persian,-500,-500,45,0.031207173822958845,True
1279,Mars Xerxes Army (72010),Mars,Persian,-480,-450,28,0.031207173822958845,True
2432,Strelets Bavarian Cuirassiers (258),Strelets,German,1684,1710,47,0.031146560028735344,False
1604,LW Russian Artillery 1500-1700 (2018),LW,Russian,1500,1700,21,0.03113876512944402,False
2039,Strelets British Dragoons (256),Strelets,British,1700,1714,47,0.031126782944919475,True
1298,Zvezda Turkish Cavalry (8054),Zvezda,Turkish,1600,1700,45,0.031114662230069114,True
1258,Pegasus Gladiators (7100),Pegasus,Italian,-100,250,50,0.031067125645438898,True
287,Orion Gladiators (72005),Orion,Italian,-100,250,41,0.031067125645438898,True
719,Italeri Gladiators (6062),Italeri,Italian,-100,250,41,0.031067125645438898,True
744,HaT Imperial Roman Praetorian Cavalry (8067),HaT,Italian,-30,250,39,0.031067125645438898,True
74,Atlantic Gladiators and Christians (1517),Atlantic,Italian,30,250,32,0.031067125645438898,True
2733,"Linear-A Vigiles Urbani ""Cohortes Vigilum"" (001s)",Linear-A,Italian,-25,250,31,0.031067125645438898,True
365,Odemars Roman Siege Troops (PF04),Odemars,Italian,100,230,22,0.031067125645438898,True
1113,Strelets Vikings (M004),Strelets,Danish,750,1100,45,0.03095047196948258,True
1727,Pegasus California Gold Miners (7050),Pegasus,USA,1849,1860,47,0.03059549174279029,True
59,Atlantic Gold Rush (1010),Atlantic,USA,1848,1890,30,0.03059549174279029,True
323,Strelets Carolingian Cavalry (008),Strelets,French,750,900,35,0.03051697401550951,False
1311,Lucky Toys Piedmont Infantry and Bersaglieri (TL0006),Lucky Toys,Italian,1848,1850,40,0.030437539632213063,True
657,Evolution Carthaginian Mercenaries (EVF029),Evolution,Carthaginian,-450,-50,30,0.030392281798634783,False
1372,Caesar Aztec Warriors (H028),Caesar,Aztec,1400,1500,47,0.029923182039696666,False
643,Revell Aztecs (02569),Revell,Aztec,1450,1525,46,0.029923182039696666,False
1255,Italeri Mongol Cavalry (6124),Italeri,Mongolian,1200,1350,47,0.029323030463523934,False
1851,Zvezda Mongols - Golden Horde (8076),Zvezda,Mongolian,1240,1400,47,0.029323030463523934,False
204,Italeri Mongols (6020),Italeri,Mongolian,1200,1400,42,0.029323030463523934,False
333,Zvezda Mongols (8003),Zvezda,Mongolian,1201,1399,39,0.029323030463523934,True
1189,Strelets Medieval Levy (2) (M006),Strelets,British,1100,1400,41,0.02928633438814362,False
1071,Strelets Scottish Army of Robert Bruce (081),Strelets,British,1300,1330,39,0.02928633438814362,True
1528,Orion Byzantine Infantry (12th - 15th Century) (72027),Orion,Albanian,1100,1453,37,0.029211582758617224,False
2811,Linear-A The Army of Pyrrhus of Epirus (Set 2) (045),Linear-A,Albanian,-299,-270,41,0.028855612703010437,False
2713,Linear-A The Army of Pyrrhus of Epirus (Set 1) (028),Linear-A,Albanian,-297,-272,43,0.02851099492812973,True
1201,Strelets Muslim Archers (M014),Strelets,Arab,1000,1400,44,0.028406173331278237,False
3060,Ultima Ratio Japanese Warrior Monks (UR024),Ultima Ratio,Japanese,980,1590,42,0.028346086758665522,False
1073,RedBox Japanese Warrior Monks (72005),RedBox,Japanese,900,1595,40,0.028346086758665522,False
1890,Orion Cumans (Polovets) and Pechenegs (72034),Orion,Cuman,800,1250,43,0.028282967175040016,False
2759,Linear-A Battle of Cunaxa Set 3 (Persian Cavalry) (036),Linear-A,Persian,-401,-401,45,0.028265665400510273,True
2665,Linear-A Battle of Cunaxa Set 1 (015),Linear-A,Persian,-401,-401,40,0.028265665400510273,True
1817,Orion Kievan Rus Infantry (72032),Orion,Russian,1000,1400,41,0.028243608027200013,False
1647,Strelets Scottish Schiltron (M036),Strelets,British,1280,1320,38,0.028240464726828566,True
1412,Mars Medieval Arkbalista (72065),Mars,British,1200,1500,37,0.028205051606286773,False
1523,Mars Medieval Baltic Crusades (72030),Mars,German,1150,1400,26,0.028205051606286773,False
1601,Zvezda Russian Foot Warriors (8062),Zvezda,Russian,1200,1400,48,0.02819725670699545,True
1290,Zvezda Russian Mounted Knights (8039),Zvezda,Russian,1201,1399,47,0.02819725670699545,True
626,Strelets Russian Medieval Horsemen (017),Strelets,Russian,1200,1350,41,0.02819725670699545,True
331,Zvezda Russian Knights (8001),Zvezda,Russian,1201,1399,39,0.02819725670699545,True
749,LW Medieval Russian Warriors (13),LW,Russian,1300,1500,28,0.02819725670699545,False
1339,Emhar Crested Knights (7210),Emhar,British,1200,1400,49,0.028185274522470903,True
2476,Strelets English Longbowmen (M117),Strelets,British,1250,1480,47,0.028185274522470903,True
2477,Strelets English Men-At-Arms 13th-14th Century (M118),Strelets,British,1201,1399,45,0.028185274522470903,True
880,Strelets Medieval Britain (071),Strelets,British,1200,1450,44,0.028185274522470903,True
35,Airfix Robin Hood (01720),Airfix,British,1100,1380,41,0.028185274522470903,True
2716,Linear-A The Army of Athens (031),Linear-A,Greek,-415,-413,44,0.028177354716000105,True
2850,Linear-A Army of Syracuse: Infantry (051),Linear-A,Greek,-415,-413,44,0.028177354716000105,True
2501,Linear-A Battle of Cunaxa Set 2 (019),Linear-A,Greek,-401,-399,37,0.028177354716000105,True
2618,Ultima Ratio Italian Militiamen 1260-1392 (UR010),Ultima Ratio,Italian,1260,1392,42,0.028125617222990326,False
558,Esci Colonial India British Infantry (232),Esci,British,1873,1890,43,0.027885873552070752,True
746,Waterloo 1815 Dervish Infantry (011),Waterloo 1815,Sudanese,1880,1885,41,0.027871792574459493,True
794,Waterloo 1815 Anglo-Egyptian Army (013),Waterloo 1815,British,1880,1886,41,0.027871792574459493,True
3004,Linear-A Pyrrhic Elephants (107),Linear-A,Albanian,-280,-270,47,0.02785835595623174,True
302,Revell Cowboys (02554),Revell,USA,1850,1890,42,0.027752200070157485,True
869,Strelets US Cavalry (1) (041),Strelets,USA,1865,1890,42,0.027752200070157485,True
31,Airfix Wagon Train (01715),Airfix,USA,1850,1890,35,0.027752200070157485,True
36,Airfix US Cavalry (01722),Airfix,USA,1865,1890,34,0.027752200070157485,True
41,Airfix The High Chaparral (01738),Airfix,USA,1850,1890,33,0.027752200070157485,True
27,Airfix Cowboys (01707),Airfix,USA,1850,1890,29,0.027752200070157485,True
61,Atlantic Cow-Boys (1015),Atlantic,USA,1850,1890,28,0.027752200070157485,True
633,Atlantic Stampede (1013),Atlantic,USA,1850,1890,23,0.027752200070157485,True
578,Atlantic Geronimo - Apache (1003),Atlantic,USA,1876,1886,22,0.027752200070157485,True
604,Atlantic Buffalo Bill (1002),Atlantic,USA,1850,1890,20,0.027752200070157485,True
56,Atlantic 7th Cavalry (1004),Atlantic,USA,1865,1890,18,0.027752200070157485,True
1243,GerMan Spanish Rifle Battalion 'La Patria' (0004),GerMan,Spanish,1898,1898,39,0.027740601529311022,True
465,Zvezda Livonian Knights (8016),Zvezda,Latvian,1202,1299,42,0.027681815640205762,False
1166,Zvezda English Knights of the 100 Years War (8044),Zvezda,British,1325,1375,48,0.027653905259060835,True
1441,HaT Gatling Gun (8179),HaT,British,1871,1890,48,0.027653905259060835,True
1442,HaT Gardner Gun (8180),HaT,British,1880,1890,46,0.027653905259060835,True
357,Esci British Infantry Soldiers (212),Esci,British,1871,1890,45,0.027653905259060835,True
2097,HaT Colonial General Service Wagon (8287),HaT,British,1875,1890,45,0.027653905259060835,True
953,Strelets British Lancers (055),Strelets,British,1898,1902,40,0.027653905259060835,True
1558,Strelets Highlanders 1898-1902 (M051),Strelets,British,1898,1902,34,0.027653905259060835,True
1878,Strelets Bashi-Bazouks (109),Strelets,Turkish,1850,1890,43,0.027641784544210474,False
845,Emhar Saxon Warriors (7206),Emhar,British,801,999,45,0.027462293534249078,False
2608,Strelets Australian Dismounted Camel Corps (M131),Strelets,Australian,1916,1918,44,0.027242362582076192,True
2609,Strelets Australian Camel Corps (166),Strelets,Australian,1916,1918,41,0.027242362582076192,True
509,Revell Indians (02555),Revell,USA,1850,1880,43,0.0272376996722525,True
1845,Waterloo 1815 US 7th Cavalry (050),Waterloo 1815,USA,1866,1875,43,0.0272376996722525,True
715,Lucky Toys Custer - The Last Hunt (TL0003),Lucky Toys,USA,1870,1880,23,0.0272376996722525,True
1466,HaT British Colonial Artillery (8210),HaT,British,1871,1880,45,0.02713940486115585,True
2321,Strelets Turkish Infantry in Summer Uniform (M092),Strelets,Turkish,1861,1879,40,0.02712728414630549,True
942,Waterloo 1815 Austrian Infantry 1859 (017),Waterloo 1815,Austrian,1850,1862,29,0.027092327459726,False
944,Waterloo 1815 Austrian Artillery 1859 (018),Waterloo 1815,Austrian,1859,1859,24,0.027092327459726,True
2458,Linear-A Roman Army of Maximinus Thrax (1): Infantry (069),Linear-A,Italian,235,238,47,0.027079747561675273,True
884,Waterloo 1815 Italian Bersaglieri (015),Waterloo 1815,Italian,1850,1875,39,0.027079747561675273,False
410,Strelets The Scottish Army of Wallace (007),Strelets,British,1280,1310,38,0.02679050906000543,True
1232,Emhar Prussian Infantry (7213),Emhar,German,1870,1871,45,0.026660759684501267,False
1245,Zvezda English Infantry of the 100 Years War (8060),Zvezda,British,1330,1430,46,0.026640982600685398,True
2692,Strelets British Infantry Skirmishing (M133),Strelets,British,1899,1902,46,0.026640982600685398,True
2731,Strelets Highlanders 1899-1902 (M139),Strelets,British,1900,1902,43,0.026640982600685398,True
2527,Strelets Pom-Pom Gun with Scottish Crew (189),Strelets,British,1900,1902,35,0.026640982600685398,True
1251,Zvezda French Infantry of the Hundred Years War (8053),Zvezda,French,1330,1460,46,0.02661758259097421,False
378,Italeri French Knights and Foot Soldiers (6026),Italeri,French,1330,1460,44,0.02661758259097421,True
7,Accurate Hundred Years War Knights Of France (7207),Accurate,French,1330,1460,43,0.02661758259097421,True
286,Orion Vikings (72004),Orion,Danish,800,1100,46,0.026611171447556824,True
1205,Zvezda Vikings (8046),Zvezda,Danish,801,1099,46,0.026611171447556824,True
581,Emhar Viking Warriors (7205),Emhar,Danish,801,999,45,0.026611171447556824,True
3073,First To Fight CKM wz.30 in Cavalry Service (PL1939-120),First To Fight,Polish,1936,1939,47,0.026450227842229036,True
1815,First To Fight Polish Uhlans Dismounted (PL1939-066),First To Fight,Polish,1936,1939,26,0.026450227842229036,True
631,HaT Carthaginian Allies (8058),HaT,Carthaginian,-400,-200,35,0.026402327616562762,True
1802,Strelets Anglo-Saxons Before Battle (M050),Strelets,Anglo-Saxon,900,1066,49,0.026318336645171476,False
628,Strelets Anglo-Saxons (016),Strelets,Anglo-Saxon,900,1066,36,0.026318336645171476,True
210,Italeri Union Artillery Set (6032),Italeri,USA,1860,1870,42,0.026256191220864533,True
1825,Strelets WWII US Navy with Anti-Aircraft Machine-Gun (M112),Strelets,USA,1936,1942,39,0.026256191220864533,False
379,HaT Union Zouaves (8004),HaT,USA,1855,1865,37,0.026256191220864533,True
454,Atlantic U.S. Camp (1007),Atlantic,USA,1865,1870,17,0.026256191220864533,True
1212,BUM Winter Infantry (5007),BUM,Spanish,1936,1939,41,0.02624459268001807,True
1045,BUM Militian Army (5004),BUM,Spanish,1936,1939,39,0.02624459268001807,True
777,Preiser Horse Drawn Light Field Howitzer (16513),Preiser,German,1936,1945,50,0.026177673493583752,True
857,Preiser German Motorised Infantry (72503),Preiser,German,1936,1945,50,0.026177673493583752,True
1956,Preiser PaK L/45 with Crew (16591),Preiser,German,1936,1942,50,0.026177673493583752,True
830,Pegasus German Mortar Teams (7204),Pegasus,German,1936,1943,49,0.026177673493583752,True
466,Airfix WWII Luftwaffe Personnel (01755),Airfix,German,1936,1945,48,0.026177673493583752,True
865,Preiser German Infantry Dismounting (72501),Preiser,German,1936,1945,47,0.026177673493583752,True
968,Preiser German Tank Crew (72507),Preiser,German,1936,1945,46,0.026177673493583752,True
238,Matchbox German Infantry (P5003),Matchbox,German,1936,1943,44,0.026177673493583752,True
834,Preiser Resting Infantry (72505),Preiser,German,1936,1945,44,0.026177673493583752,True
789,Preiser Home Leave (72521),Preiser,German,1936,1945,42,0.026177673493583752,True
1132,IMEX German Troops (528),IMEX,German,1936,1945,42,0.026177673493583752,True
985,HaT WWII German Bicyclists (8119),HaT,German,1936,1945,36,0.026177673493583752,True
984,HaT WWII German Mounted Infantry (8120),HaT,German,1936,1945,35,0.026177673493583752,True
963,Fujimi Field Accessories (36038),Fujimi,German,1936,1945,21,0.026177673493583752,True
1119,Strelets Russian General Staff and Hospital (051),Strelets,Russian,1850,1860,42,0.02616987859429243,True
763,Esci Red Guards (8017),Esci,Russian,1936,1945,38,0.02616987859429243,True
1611,Orion Early Rus Warriors (72029),Orion,Russian,800,1000,36,0.02616987859429243,False
97,Esci Russian Infantry and Artillery (221),Esci,Russian,1850,1860,34,0.02616987859429243,True
712,Lucky Toys Austrian Uhlans (TL0005),Lucky Toys,Austrian,1862,1866,32,0.026169416527823872,False
1557,Strelets French African Chasseurs (049),Strelets,French,1850,1860,45,0.026134496400056696,True
3107,Ultima Ratio French Armies of the Hundred Years War (UR027),Ultima Ratio,French,1335,1460,44,0.026134496400056696,True
243,MiniArt Burgundian Knights and Archers (72001),MiniArt,Burgundian,1401,1499,40,0.02604953703128131,False
2570,RedBox Burgundian Infantry and Knights (Set 1) (72109),RedBox,Burgundian,1401,1499,40,0.02604953703128131,True
2661,RedBox Burgundian Crossbowmen (72124),RedBox,Burgundian,1401,1499,36,0.02604953703128131,True
866,MiniArt Burgundian Mounted Knights (72006),MiniArt,Burgundian,1401,1499,29,0.02604953703128131,True
981,Orion Medieval Siege Troops (72019),Orion,British,1350,1500,39,0.02589494820696761,True
213,Italeri Union Artillery (6038),Italeri,USA,1860,1868,42,0.025787744005429367,True
406,Strelets English Cavalry of Edward I (014),Strelets,British,1275,1310,37,0.025689449194332716,True
1036,MiniArt Swiss Infantry (72009),MiniArt,Swiss,1450,1490,41,0.025626504262933957,False
2575,Ultima Ratio Swiss Infantry (Bern) (UR008),Ultima Ratio,Swiss,1401,1499,41,0.025626504262933957,False
2449,RedBox Swiss Pikemen (72061),RedBox,Swiss,1470,1550,40,0.025626504262933957,False
2574,Ultima Ratio Swiss Infantry (Uri) (UR007),Ultima Ratio,Swiss,1401,1499,38,0.025626504262933957,True
856,LW Swiss Mercenaries (8),LW,Swiss,1470,1490,37,0.025626504262933957,True
1632,Valdemar Welsh Crusader (VI002),Valdemar,Welsh,1097,1300,49,0.025488667177380294,False
2519,RedBox Scottish Light Cavalry (72108),RedBox,British,1450,1490,43,0.025466636494645173,True
2264,RedBox Continental Mercenaries (72042),RedBox,Dutch,1460,1485,40,0.025392534617121456,False
2944,Ultima Ratio Carthaginian Army: Iberian Infantry Part 2 (UR018),Ultima Ratio,CeltIberian,-400,-100,35,0.02535223115844055,False
6,Accurate Hundred Years War English Men-At-Arms (7206),Accurate,British,1340,1450,45,0.025234985477865755,True
1256,HaT British Camel Corps (8194),HaT,British,1884,1885,43,0.025234985477865755,True
412,Italeri English Knights and Archers (6027),Italeri,British,1340,1450,41,0.025234985477865755,True
1752,HaT Natal Native Contingent (8192),HaT,South African,1878,1879,38,0.025138463272628205,True
1707,RedBox Stradioti Set 2 (72075),RedBox,Albanian,1495,1580,39,0.025125913410552956,False
2403,RedBox Stradioti Set 1 (72074),RedBox,Albanian,1495,1580,38,0.025125913410552956,True
1220,Coates & Shine Indian Infantry IV BC (8154),Coates & Shine,Indian,-400,-300,38,0.025025856634304813,True
2937,Strelets Dutch Infantry Firing Line (265),Strelets,Dutch,1701,1714,43,0.02497082798110712,False
3066,Strelets Holy Roman Empire Grenadiers 1701-1714 (269),Strelets,German,1701,1714,47,0.024883933444103064,True
3012,Strelets Austrian Infantry 1701-1714 in Attack (261),Strelets,Austrian,1701,1714,43,0.024883933444103064,True
299,Revell Normans (02550),Revell,French,950,1150,47,0.024882684534737593,False
1185,Strelets Norman Knights (085),Strelets,French,950,1150,44,0.024882684534737593,True
2318,Strelets Norman Army Camp (909),Strelets,French,900,1150,44,0.024882684534737593,False
1644,Strelets Normans on the March (M039),Strelets,French,900,1100,41,0.024882684534737593,True
515,HaT Persian Light Cavalry (8077),HaT,Persian,-400,-300,41,0.024874279219334265,True
1344,Hegemony British Army Fusiliers (HG005),Hegemony,British,1857,1858,16,0.024793888341294895,True
153,HaT Alexander's Allied Cavalry (8049),HaT,Greek,-380,-280,37,0.024785968534824097,True
2870,Strelets Dutch Cuirassiers (259),Strelets,Dutch,1707,1713,46,0.024566474147260667,True
574,Orion Boxer Rebellion (72009),Orion,Chinese,1900,1901,49,0.024537037730194403,False
728,Caesar Japanese Samurai with Ninja (H003),Caesar,Japanese,1401,1699,43,0.024526388865167077,False
1195,RedBox Ninja (72011),RedBox,Japanese,1450,1650,37,0.024526388865167077,True
1196,RedBox Ikko-ikki (72009),RedBox,Japanese,1471,1585,34,0.024526388865167077,True
1846,Waterloo 1815 Apache Warriors (051),Waterloo 1815,USA,1870,1870,42,0.024463871440069108,True
60,Atlantic General Custer (1011),Atlantic,USA,1875,1876,24,0.024463871440069108,True
2300,Caesar European Medieval Foot Soldiers and Archers (H088),Caesar,British,1400,1499,46,0.024452272899222645,True
224,LW Inquisition (2),LW,Italian,1440,1500,40,0.024452272899222645,False
2450,RedBox Swiss Halberdiers (72062),RedBox,Swiss,1490,1540,43,0.024412954411353723,True
1969,RedBox Swiss Artillery (72065),RedBox,Swiss,1490,1600,41,0.024412954411353723,False
2448,RedBox Swiss Infantry (Sword/Arquebus) (72060),RedBox,Swiss,1490,1600,36,0.024412954411353723,True
425,Dark Dream Studio Landsknechts (72002),Dark Dream Studio,German,1480,1550,41,0.024385353712788327,False
2418,RedBox Landsknechts Artillery (72064),RedBox,German,1480,1600,41,0.024385353712788327,False
2416,RedBox Landsknechts Heavy Infantry (72063),RedBox,German,1480,1560,38,0.024385353712788327,True
2328,RedBox Landsknechts Heavy Pikemen (72068),RedBox,German,1480,1550,37,0.024385353712788327,True
1713,Zvezda Russian Noble Cavalry (8065),Zvezda,Russian,1400,1699,46,0.024377558813497003,False
18,A Call To Arms British Infantry Zulu War (57),A Call To Arms,British,1876,1880,43,0.024365576628972457,True
2255,Orion Byzantine Infantry (10th - 13th Century) (72044),Orion,Greek,900,1299,41,0.02435765682250166,True
1515,Lucky Toys Medieval Turks (Mehmed II) (TL0012),Lucky Toys,Turkish,1450,1490,44,0.024353455914122097,False
795,Zvezda French Knights (8036),Zvezda,French,1401,1499,40,0.02434217661926127,False
563,MiniArt French Knights with Assault Ladders (72002),MiniArt,French,1401,1499,38,0.02434217661926127,True
567,MiniArt French Foot Soldiers with Rams (72003),MiniArt,French,1401,1499,35,0.02434217661926127,True
867,MiniArt French Mounted Knights (72007),MiniArt,French,1401,1499,31,0.02434217661926127,True
871,Strelets Artillery of Charles XII (043),Strelets,Swedish,1701,1714,42,0.024309504685015318,True
908,MiniArt Italian Knights (72008),MiniArt,Italian,1401,1499,38,0.02430591932949188,False
1463,HaT Frontier Light Horse (8206),HaT,South African,1877,1879,43,0.024285261221372634,True
1922,RedBox Hussite Infantry (72039),RedBox,Czech,1419,1440,39,0.024186460432545718,True
1780,GerMan Cavalry of Phillip V Dragoons of Marimon (1012),GerMan,Spanish,1702,1714,37,0.024036198664395134,False
2114,Strelets German States' Cuirassiers in Skirmish (268),Strelets,German,1701,1713,46,0.023969279477960816,True
1542,RedBox German Sea Battalion (72023),RedBox,German,1900,1901,37,0.023969279477960816,False
1543,RedBox German East Asia Brigade (72024),RedBox,German,1900,1901,33,0.023969279477960816,True
2785,Strelets British Cavalry (238),Strelets,British,1701,1714,48,0.023949502394144947,True
2717,Strelets British Infantry in Advance 1701-1714 (230),Strelets,British,1701,1714,46,0.023949502394144947,True
2709,Strelets British Infantry in Attack 1701-1714 (231),Strelets,British,1701,1714,45,0.023949502394144947,True
2743,Strelets British Infantry Firing Line 1701-1714 (232),Strelets,British,1701,1714,45,0.023949502394144947,True
2799,Strelets French Royal Horse Grenadiers (241),Strelets,French,1701,1714,48,0.02392610238443376,True
3119,Strelets French Line Cavalry in Attack (267),Strelets,French,1701,1714,43,0.02392610238443376,True
2766,Strelets French Musketeers Firing (234),Strelets,French,1701,1708,42,0.02392610238443376,True
2773,Strelets French Grenadiers (Early War) (235),Strelets,French,1701,1713,42,0.02392610238443376,True
2848,Strelets French Artillery (244),Strelets,French,1701,1714,41,0.02392610238443376,True
2777,Strelets French Musketeers on the March (233),Strelets,French,1701,1708,39,0.02392610238443376,True
1551,RedBox Italian Bersaglieri (72030),RedBox,Italian,1900,1901,39,0.02388984509466437,True
1711,HaT El Cid Andalusian Light Cavalry (8214),HaT,Andalusian,1050,1200,42,0.023876127446978118,False
1771,GerMan Army of Philip V (1010),GerMan,Spanish,1704,1714,41,0.02363184483054868,True
1444,HaT Natal Native Horse (8182),HaT,South African,1879,1879,43,0.023589282501297534,True
1935,Strelets British Regiment of Horse (Late War) (255),Strelets,British,1707,1714,47,0.023545148560298493,True
2364,Mars Barbarian Pirates (72071),Mars,Algerian,1490,1650,37,0.023505775159835506,False
2824,Mars Eastern Mercenaries (72137),Mars,Russian,1630,1670,30,0.023475957041929413,True
1186,Strelets Breton Knights (086),Strelets,Breton,1000,1150,40,0.02337983310733602,False
2463,Strelets Austrian Uhlans (275),Strelets,Austrian,1801,1815,46,0.02333208900069236,True
2685,HaT Napoleonic Austrian Infantry Command (8328),HaT,Austrian,1800,1815,45,0.02333208900069236,True
1456,HaT Austrian Grenadiers (8198),HaT,Austrian,1800,1810,44,0.02333208900069236,True
1075,RedBox Ashigaru (Archers and Arquebusiers) (72006),RedBox,Japanese,1500,1650,40,0.023312839013586842,True
1191,RedBox Ashigaru (Command and Support Group) (72008),RedBox,Japanese,1500,1650,38,0.023312839013586842,True
172,HYTTY Samurai (1001),HYTTY,Japanese,1500,1670,35,0.023312839013586842,True
1105,RedBox Ashigaru (Spearmen) (72007),RedBox,Japanese,1500,1650,34,0.023312839013586842,True
1921,RedBox Hussite Artillery (72038),RedBox,Czech,1419,1436,39,0.023276298043860538,True
1678,Preiser Christopher Columbus in America 1492 (16341),Preiser,Spanish,1490,1500,46,0.02323872304764241,False
1153,Caesar The Conquistadores (H025),Caesar,Spanish,1490,1560,45,0.02323872304764241,False
1618,Dark Dream Studio European Knights (72005),Dark Dream Studio,British,1500,1550,44,0.02323872304764241,False
642,Revell Conquistadors (02568),Revell,Spanish,1490,1580,41,0.02323872304764241,False
2447,RedBox Landsknechts (Halberdiers) (72059),RedBox,German,1490,1550,43,0.023171803861208092,True
2446,RedBox Landsknechts (Pikemen) (72058),RedBox,German,1490,1550,40,0.023171803861208092,True
2445,RedBox Landsknechts (Sword/Arquebus) (72057),RedBox,German,1490,1550,36,0.023171803861208092,True
1773,GerMan Hungarian Hussars and Artillery (1003),GerMan,Hungarian,1713,1714,37,0.023152453836580468,False
2409,Linear-B Age of Tudors (012),Linear-B,British,1490,1550,48,0.023152026777392223,False
3056,RedBox Tudor Light Infantry (72155),RedBox,British,1500,1603,45,0.023152026777392223,False
2415,RedBox Turkish Artillery (72066),RedBox,Turkish,1500,1599,45,0.023139906062541862,False
2571,RedBox Burgundian Infantry and Knights (Set 2) (72110),RedBox,Burgundian,1401,1477,41,0.023023542596172158,True
3038,Ultima Ratio Burgundian Foot Soldiers (UR022),Ultima Ratio,Burgundian,1419,1480,39,0.023023542596172158,True
2576,Mars Burgundian Field Artillery (72067),Mars,Burgundian,1450,1477,31,0.023023542596172158,True
1413,Mars Teutonic Field Artillery (72064),Mars,Teutonic,1400,1450,39,0.02291115459646747,False
2169,Mars Teutonic Mounted Crossbowmen (72054),Mars,German,1401,1450,33,0.02291115459646747,False
2020,Mars Teutonic Knights (72050),Mars,German,1400,1450,32,0.02291115459646747,False
2167,Mars Teutonic Foot Sergeants (72052),Mars,German,1400,1450,20,0.02291115459646747,True
1770,GerMan Siege of Barcelona Catalans (1000),GerMan,Spanish,1713,1714,44,0.022856371724541788,True
1777,GerMan Battle of Talamanca Catalan Army (1022),GerMan,Spanish,1714,1714,43,0.022856371724541788,True
1774,GerMan Catalan Cavalry (1004),GerMan,Spanish,1713,1714,40,0.022856371724541788,True
1779,GerMan Bourbon Artillery and Staff (1011),GerMan,French,1714,1714,38,0.022856371724541788,True
1615,GerMan Catalan Artillery & Barricade (1001),GerMan,Spanish,1713,1714,35,0.022856371724541788,True
764,Strelets Crimean Russian Hussars (034),Strelets,Russian,1850,1855,44,0.022781657638816146,True
1147,Strelets Russian Crimean Uhlans (061),Strelets,Russian,1854,1856,41,0.022781657638816146,True
732,Strelets British Highlanders (029),Strelets,British,1850,1855,45,0.0227696754542916,True
1721,Strelets British Light Infantry (M030),Strelets,British,1854,1856,44,0.0227696754542916,True
1259,Strelets Heavy Brigade (902),Strelets,British,1850,1855,43,0.0227696754542916,True
1883,Strelets Sardinians (M053),Strelets,Italian,1855,1856,39,0.022710018154811024,True
2172,HaT Napoleonic Mounted Officers (8279),HaT,German,1800,1815,45,0.02248435422098443,False
1454,HaT 1806 Prussian Dragoons (8196),HaT,German,1800,1807,46,0.022417435034550112,True
450,Italeri Prussian Cuirassiers (6007),Italeri,German,1800,1807,43,0.022417435034550112,True
646,HaT 1806 Prussian Fusiliers (8084),HaT,German,1801,1807,42,0.022417435034550112,True
3061,HaT Napoleonic Russian Infantry Marching (8350),HaT,Russian,1800,1814,46,0.02240964013525879,True
438,HaT 1805 Russian Light Infantry (8073),HaT,Russian,1802,1807,42,0.02240964013525879,True
318,Revell British Rifles (02581),Revell,British,1802,1815,47,0.022397657950734243,True
1061,Italeri British 95th Regiment (6083),Italeri,British,1802,1815,46,0.022397657950734243,True
1735,Italeri Scots Infantry (6136),Italeri,British,1800,1815,46,0.022397657950734243,True
1841,HaT Napoleonic British Light Dragoons (8307),HaT,British,1800,1814,39,0.022397657950734243,True
144,HaT British Light Infantry (8036),HaT,British,1800,1815,34,0.022397657950734243,True
593,Airfix Waterloo British Artillery (01746),Airfix,British,1800,1815,34,0.022397657950734243,True
195,Italeri French Hussars (6008),Italeri,French,1800,1815,46,0.022374257941023056,True
1216,Strelets Napoleonic French Cuirassiers (Summer Dress) (094),Strelets,French,1800,1815,46,0.022374257941023056,True
2498,Linear-A Napoleonic French Engineers (024),Linear-A,French,1800,1815,46,0.022374257941023056,True
1167,HaT 1805 French Line Infantry in Greatcoats (8146),HaT,French,1800,1806,45,0.022374257941023056,True
162,HaT 1805 French Light Infantry (8063),HaT,French,1801,1812,44,0.022374257941023056,True
2678,Strelets Old Guard on the March (181),Strelets,French,1800,1815,43,0.022374257941023056,True
1307,HaT French Guard Chasseurs (8170),HaT,French,1800,1815,42,0.022374257941023056,True
132,HaT French Horse Grenadiers (8013),HaT,French,1800,1814,41,0.022374257941023056,True
1573,Strelets French Early Carabiniers (106),Strelets,French,1800,1804,41,0.022374257941023056,True
319,Strelets The French Army's Camp (001),Strelets,French,1800,1815,34,0.022374257941023056,True
1041,Evolution Sarmat Cavalry (EVF037),Evolution,Russian,-100,200,30,0.022354741545539448,False
2615,Hasegawa Japanese Navy Airmen Set (35116),Hasegawa,Japanese,1937,1945,50,0.022196373150133026,True
2365,RedBox WW2 IJN Pilots and Ground Crew (72053),RedBox,Japanese,1937,1945,49,0.022196373150133026,True
2361,RedBox WW2 Japanese Army Aviation Pilots and Ground Crew (72052),RedBox,Japanese,1937,1945,47,0.022196373150133026,True
1906,HaT WW2 Japanese Bicycle Infantry (8278),HaT,Japanese,1937,1945,46,0.022196373150133026,True
33,Airfix Japanese Infantry (01718),Airfix,Japanese,1937,1945,44,0.022196373150133026,True
2694,Strelets Japanese Type 98 20mm AA/AT Gun (226),Strelets,Japanese,1937,1945,43,0.022196373150133026,True
2579,Strelets Imperial Japanese Army in Attack (M128),Strelets,Japanese,1937,1945,41,0.022196373150133026,True
2859,RedBox Ukrainian Registered Cossack Infantry (72142),RedBox,Cossack,1601,1699,47,0.02212508732500069,False
2331,Mars Lithuanian Tatars Light Cavalry (72055),Mars,Lithuanian,1400,1450,32,0.022100246092985772,False
443,Revell German Artillery (02515),Revell,German,1937,1945,49,0.022055337997754276,True
1907,Strelets Russian Mountain Artillery (Winter Uniform) (113),Strelets,Russian,1877,1878,44,0.022047543098462952,True
1798,Strelets Russian Army in Winter Dress (M046),Strelets,Russian,1877,1878,41,0.022047543098462952,True
1799,Strelets Russian Army in Summer Dress (M047),Strelets,Russian,1877,1878,40,0.022047543098462952,True
1881,Strelets Russian Field Artillery (Summer Uniform) (112),Strelets,Russian,1877,1878,40,0.022047543098462952,True
1203,Strelets Into The Valley of Death (901),Strelets,British,1853,1855,44,0.022035560913938407,True
1776,GerMan Battle of Almenar British Army (1020),GerMan,British,1710,1710,32,0.022035560913938407,True
1879,Strelets Turkish Regular Cavalry (110),Strelets,Turkish,1877,1877,43,0.022023440199088046,True
1917,"Strelets Turkish Infantry, Winter Uniform (M066)",Strelets,Turkish,1877,1878,35,0.022023440199088046,True
145,HaT Austrian Artillery (8037),HaT,Austrian,1803,1814,39,0.021939408089939157,True
1757,Valdemar Cuman Cavalry (VA112),Valdemar,Cuman,1000,1290,46,0.021934299279984918,False
2298,Caesar Dismounted Crusaders (H086),Caesar,Frankish,1096,1200,47,0.02164702639611591,False
196,Italeri The Knights (6009),Italeri,Frankish,1140,1250,46,0.02164702639611591,False
2324,Strelets Shaab with Crusader Crew (A010),Strelets,Frankish,1100,1270,31,0.02164702639611591,False
39,Airfix Ancient Britons (01734),Airfix,British,-200,200,41,0.021505158983476685,False
1171,HaT Gallic Warband (8089),HaT,Celtic,-300,200,39,0.021505158983476685,False
1628,Strelets Ancient Germans (M035),Strelets,German,50,200,41,0.021359359277679176,True
1069,MiniArt German Knights (72011),MiniArt,German,1401,1470,40,0.021359359277679176,False
2273,HaT Zulu British Infantry Command (8299),HaT,British,1879,1880,49,0.021339582193863307,True
1443,HaT British 17th Lancers (8181),HaT,British,1879,1879,47,0.021339582193863307,True
1465,HaT British Mounted Infantry (8209),HaT,British,1879,1879,43,0.021339582193863307,True
1748,HaT Zulu War British Infantry (8237),HaT,British,1879,1880,43,0.021339582193863307,True
2196,RedBox Town & County Levy (72041),RedBox,British,1450,1485,40,0.021339582193863307,True
496,Italeri Celtic Cavalry (6029),Italeri,British,-300,200,34,0.021339582193863307,False
1308,RedBox Korean Guerrillas (72013),RedBox,Korean,1501,1699,38,0.02133096747998304,False
1297,RedBox Korean Heavy Infantry (72014),RedBox,Korean,1501,1699,37,0.02133096747998304,True
1235,RedBox Korean Infantry (72012),RedBox,Korean,1501,1699,35,0.02133096747998304,True
2876,Linear-A Imperial Roman Centuriones (061),Linear-A,Italian,1,200,50,0.02127992489438273,True
2160,Linear-B Roman Market (072),Linear-B,Italian,-100,200,46,0.02127992489438273,True
2739,Linear-A Roman Artillery Set 3 - Scorpio (009s),Linear-A,Italian,-200,200,45,0.02127992489438273,True
99,Esci Roman Legion (224),Esci,Italian,20,200,44,0.02127992489438273,True
1254,Strelets Roman Cavalry on the March (099),Strelets,Italian,110,200,44,0.02127992489438273,True
1998,Strelets Roman Imperial Legion (Ceremonial March) (M101),Strelets,Italian,-30,200,44,0.02127992489438273,True
1926,Strelets Roman Transport (2) (117),Strelets,Italian,-50,200,43,0.02127992489438273,True
545,HaT Imperial Roman Command (8075),HaT,Italian,20,200,41,0.02127992489438273,True
2085,Linear-B Roman Transport (116),Linear-B,Italian,-50,200,41,0.02127992489438273,True
855,Orion Roman Siege Troops (72008),Orion,Italian,25,199,39,0.02127992489438273,True
3076,Linear-A Gangs/Revolt in Rome (Set 2) (147),Linear-A,Italian,-133,200,38,0.02127992489438273,True
2738,Linear-A Roman Artillery Set 2 - Onager (092),Linear-A,Italian,25,200,30,0.02127992489438273,True
1034,LW Roman Assault Troops (9),LW,Italian,30,200,20,0.02127992489438273,True
2400,Mars Lithuanian-Russian Medium Infantry (72061),Mars,Lithuanian,1401,1450,39,0.02121079717719105,True
1346,Mars Lithuanian-Russian Heavy Infantry (72066),Mars,Lithuanian,1400,1450,38,0.02121079717719105,True
2309,Mars Lithuanian-Russian Light Infantry (72060),Mars,Lithuanian,1400,1450,33,0.02121079717719105,True
2307,Mars Lithuanian Medium Cavalry (72058),Mars,Lithuanian,1400,1450,32,0.02121079717719105,True
1103,Strelets Normans (M001),Strelets,French,1000,1200,47,0.021195950808417893,False
1830,HaT El Cid Almoravid Light Cavalry (8246),HaT,Almoravid,1000,1090,42,0.021030744154652607,False
2494,RedBox Russian Light Infantry (72132),RedBox,Russian,1803,1807,44,0.021016959224505586,True
566,Strelets Russian Uhlans (015),Strelets,Russian,1803,1815,43,0.021016959224505586,True
592,HaT Russian Dragoons (8012),HaT,Russian,1803,1808,33,0.021016959224505586,True
198,Italeri Confederate Cavalry (6011),Italeri,Confederate,1861,1865,48,0.021015495367683337,False
403,Accurate Confederate Infantry (7203),Accurate,Confederate,1861,1865,48,0.021015495367683337,True
199,Italeri Confederate Infantry (6014),Italeri,Confederate,1861,1865,47,0.021015495367683337,True
1609,Strelets Confederate Infantry Standing (156),Strelets,Confederate,1861,1865,45,0.021015495367683337,True
404,Esci Confederate Infantry (223),Esci,Confederate,1861,1865,44,0.021015495367683337,True
897,Strelets Confederate General Staff (047),Strelets,Confederate,1861,1865,44,0.021015495367683337,True
941,Strelets Pickett's Charge 1 (148),Strelets,Confederate,1861,1865,43,0.021015495367683337,True
2549,Strelets Confederate Troops on the March (147),Strelets,Confederate,1861,1865,43,0.021015495367683337,True
2621,Strelets Confederate Skirmishing (158),Strelets,Confederate,1861,1865,43,0.021015495367683337,True
179,IMEX Confederate Cavalry (504),IMEX,Confederate,1861,1865,42,0.021015495367683337,True
181,IMEX Confederate Infantry (506),IMEX,Confederate,1861,1865,42,0.021015495367683337,True
2584,Strelets Pickett's Charge 2 (152),Strelets,Confederate,1861,1865,42,0.021015495367683337,True
2680,Strelets 12 pdr Whitworth Rifle with Confederate Crew (183),Strelets,Confederate,1861,1865,40,0.021015495367683337,True
2917,Ultima Ratio Confederate Infantry Texas Troops (UR015),Ultima Ratio,Confederate,1861,1865,40,0.021015495367683337,True
2668,Strelets Pickett's Charge 3 (178),Strelets,Confederate,1861,1865,38,0.021015495367683337,True
178,IMEX Confederate Artillery (502),IMEX,Confederate,1861,1865,31,0.021015495367683337,True
402,Airfix Confederate Infantry (01713),Airfix,Confederate,1861,1865,27,0.021015495367683337,True
330,Waterloo 1815 Confederate Cavalry (P005),Waterloo 1815,Confederate,1861,1865,19,0.021015495367683337,True
470,Airfix Civil War Artillery (01714),Airfix,Confederate,1861,1865,18,0.021015495367683337,True
1335,HaT 1805 French Grenadiers and Voltigeurs (8171),HaT,French,1803,1807,42,0.020981577030269854,True
2332,Mars Lithuanian Light Cavalry (72056),Mars,Lithuanian,1400,1400,32,0.020954203899073473,True
861,Caesar Saladin with Saracen Cavalry (H018),Caesar,Egyptian,1050,1250,45,0.02092542563762396,True
1511,Italeri Arab Warriors (6126),Italeri,Arab,1100,1300,35,0.02092542563762396,True
1198,Strelets Turcopoles (090),Strelets,Syrian,1100,1300,43,0.02089974171146009,False
1197,Strelets Arab Cavalry (092),Strelets,Arab,1080,1300,43,0.020885778186067853,True
2747,Strelets Bavarian Infantry at Ease (270),Strelets,Bavarian,1805,1812,47,0.020832707948216983,True
1318,Italeri Templar Knights (6125),Italeri,German,1120,1200,43,0.020698619986468627,False
1587,Valdemar Russian Hird (VA113),Valdemar,Russian,1100,1300,45,0.020690825087177303,True
1892,Orion Rus Mounted Knights (72033),Orion,Russian,1000,1299,42,0.020690825087177303,True
1816,Orion Rus Foot Knights (Druzhina) (72031),Orion,Russian,1000,1300,41,0.020690825087177303,True
1582,Strelets Russian Peasant Levy in Winter Dress (M027),Strelets,Russian,1000,1200,37,0.020690825087177303,True
1800,Strelets Medieval Russian Militia (M048),Strelets,Russian,1000,1250,37,0.020690825087177303,True
2601,Mars Austrian Infantry (Late 17th Century) (72102),Mars,Austrian,1660,1690,36,0.020682598487552127,False
1223,Strelets Turkish Seljukes Cavalry (093),Strelets,Turkish,1037,1194,44,0.020666722187802397,False
1801,Strelets Praetorian Cohort (M049),Strelets,Italian,25,190,41,0.02061918560317218,True
2735,Linear-A Legionary Recruits Training (003s),Linear-A,Italian,20,190,40,0.02061918560317218,True
1451,HaT El Cid Almoravid Infantry (8189),HaT,Almoravid,1050,1150,47,0.020575817487031352,False
1199,Strelets Military Order Sergeants (088),Strelets,Frankish,1160,1299,43,0.02042107638591804,False
2655,RedBox Chinese Medium Cavalry (72118),RedBox,Chinese,1501,1699,42,0.020335702773643466,False
2656,RedBox Chinese Heavy Cavalry (72119),RedBox,Chinese,1501,1699,39,0.020335702773643466,True
1252,RedBox Chinese Infantry (72015),RedBox,Chinese,1501,1699,36,0.020335702773643466,True
2654,RedBox Chinese Light Cavalry (72117),RedBox,Chinese,1501,1699,36,0.020335702773643466,True
1583,Strelets Dismounted Mongols (M028),Strelets,Mongolian,1200,1300,40,0.02030240463468163,True
1831,HaT El Cid Almoravid Heavy Cavalry (8247),HaT,Almoravid,1000,1100,43,0.020170181077245785,False
862,Caesar Medieval Knights (Crusaders) (H017),Caesar,Frankish,1165,1230,46,0.02013283218709175,True
1833,HaT El Cid Moorish Command (8249),HaT,Andalusian,1000,1100,48,0.020046681447381535,False
468,Orion Polish Winged Hussars (72007),Orion,Polish,1670,1699,50,0.020040498870055164,True
1315,Zvezda Polish Winged Hussars (8041),Zvezda,Polish,1670,1699,48,0.020040498870055164,True
2362,Mars Polish Field Artillery (72077),Mars,Polish,1600,1699,37,0.020040498870055164,True
2546,Mars Sobieski's Polish Infantry (72099),Mars,Polish,1674,1696,29,0.020040498870055164,True
2423,Mars Lithuanian Tartars (72080),Mars,Lithuanian,1601,1650,33,0.019981367579870516,False
1407,GerMan British Infantry in Egypt 1800 (0023),GerMan,British,1801,1801,41,0.019980135730603928,True
448,Zvezda Samurai Army - Infantry (8017),Zvezda,Japanese,1501,1699,48,0.01990897967378863,True
888,Zvezda Samurai Army Headquarters (8029),Zvezda,Japanese,1501,1699,47,0.01990897967378863,True
685,Zvezda Samurai Warriors - Cavalry (8025),Zvezda,Japanese,1501,1699,46,0.01990897967378863,True
1490,RedBox Samurai Artillery Set 1 (72090),RedBox,Japanese,1501,1699,41,0.01990897967378863,True
2451,RedBox European Mounted Men-at-Arms (72047),RedBox,Dutch,1455,1485,38,0.019904512298207458,False
805,IMEX Pilgrims (521),IMEX,USA,1607,1680,49,0.01984646224869066,True
2588,RedBox Spanish Sailors Artillery Set 3 (72104),RedBox,Spanish,1501,1699,46,0.019834863707844198,False
2860,RedBox Ukrainian Zaporozhian Cossack Infantry (72143),RedBox,Ukrainian,1601,1699,47,0.01980650094232312,True
2861,RedBox Ukrainian Peasant Infantry (72144),RedBox,Ukrainian,1601,1699,46,0.01980650094232312,True
1023,Zvezda Russian Strelets Infantry (8040),Zvezda,Russian,1550,1699,46,0.019760149622118556,True
1971,RedBox Russian Artillery (72072),RedBox,Russian,1601,1699,45,0.019760149622118556,True
2142,RedBox Russian War Monks (72086),RedBox,Russian,1501,1699,41,0.019760149622118556,True
2143,RedBox Russian War Monk Artillery (72087),RedBox,Russian,1501,1699,40,0.019760149622118556,True
1510,Italeri Chinese Cavalry (6123),Italeri,Chinese,1200,1300,46,0.019752184029678054,False
2107,Strelets British Light Infantry in Egypt (M071),Strelets,British,1801,1801,39,0.01974816743759401,True
2292,RedBox English Sailors 16-17th Century (72081),RedBox,British,1501,1699,36,0.01974816743759401,False
688,Orion Turkish Janissaries (72010),Orion,Turkish,1601,1699,46,0.01973604672274365,True
2417,RedBox Turkish Artillery (72067),RedBox,Turkish,1600,1699,45,0.01973604672274365,True
2491,Orion Turkish Cavalry (Deli) (72055),Orion,Turkish,1501,1699,45,0.01973604672274365,True
1527,Orion Turkish Cavalry Sipahi (72020),Orion,Turkish,1501,1699,44,0.01973604672274365,True
2144,RedBox Osman Eyalet Infantry 16-17th Century (72088),RedBox,Turkish,1501,1699,41,0.01973604672274365,True
2145,RedBox Osman Yeniceri Infantry 16-17th Century (72089),RedBox,Turkish,1501,1699,41,0.01973604672274365,True
1607,RedBox Osman Akinci Set 1 (72092),RedBox,Turkish,1501,1699,40,0.01973604672274365,True
1416,RedBox Osman Akinci Set 2 (72093),RedBox,Turkish,1501,1699,39,0.01973604672274365,True
1435,RedBox Turkish Siege Artillery Mortar (72070),RedBox,Turkish,1501,1699,39,0.01973604672274365,True
2602,Mars Turkish Infantry (Tufekei) (72104),Mars,Turkish,1580,1699,37,0.01973604672274365,True
2289,RedBox Turkish Sailors 16-17th Century (72078),RedBox,Turkish,1501,1699,34,0.01973604672274365,True
2291,RedBox Turkish Sailors Artillery 16-17th Century (72080),RedBox,Turkish,1501,1699,34,0.01973604672274365,True
2545,Mars Osman Siege Artillery (Mortar) (72098),Mars,Turkish,1601,1699,34,0.01973604672274365,True
2606,Mars Turkish Field Artillery (72103),Mars,Turkish,1501,1699,34,0.01973604672274365,True
2290,RedBox Turkish Sailors in Battle 16-17th Century (72079),RedBox,Turkish,1501,1699,33,0.01973604672274365,True
2607,Mars Turkish Headquarters (72105),Mars,Turkish,1601,1699,32,0.01973604672274365,True
2478,Mars Turkish Eyalet Infantry (72097),Mars,Turkish,1601,1699,31,0.01973604672274365,True
2578,Mars Turkish Heavy Artillery (72101),Mars,Turkish,1601,1699,27,0.01973604672274365,True
1904,HaT WWI Belgian Carabinier Bicyclists (8275),HaT,Belgian,1914,1915,44,0.0197258708221452,False
2101,HaT WWI Belgian Heavy Weapons (8291),HaT,Belgian,1914,1915,41,0.0197258708221452,True
1591,HaT WWI Belgian Infantry (8290),HaT,Belgian,1914,1915,40,0.0197258708221452,True
1293,GerMan Mounted Musketeers (0011),GerMan,French,1622,1673,48,0.019724767427882824,False
2807,RedBox Mounted Musketeers of the King of France (72146),RedBox,French,1630,1690,46,0.019724767427882824,False
1500,Mars French Infantry & Guards (72083),Mars,French,1665,1685,39,0.019724767427882824,True
2591,RedBox Italian Sailors in Battle Set 3 (72107),RedBox,Italian,1501,1699,43,0.019688510138113433,False
2590,RedBox Italian Sailors Set 2 (72106),RedBox,Italian,1501,1699,38,0.019688510138113433,True
2589,RedBox Italian Sailors Set 1 (72105),RedBox,Italian,1501,1699,36,0.019688510138113433,True
342,Revell Australian Infantry (02501),Revell,Australian,1939,1943,43,0.019678249855867715,False
2475,Strelets 8th Army Australian Heavy Weapons Squad (M156),Strelets,Australian,1939,1943,39,0.019678249855867715,True
2467,Mars Buccaneers (72082),Mars,British,1620,1660,37,0.019629595943321428,True
310,Revell Imperial Artillery (02566),Revell,Austrian,1600,1660,46,0.01954270140631737,False
413,Airfix Sheriff of Nottingham (01721),Airfix,British,1160,1199,28,0.019452892892454887,True
1163,Coates & Shine Macedonian Elephant (8141),Coates & Shine,Macedonian,-330,-250,47,0.019387266598491017,False
148,HaT Alexander's Light Infantry (8044),HaT,Greek,-350,-300,43,0.019387266598491017,True
336,Zvezda Macedonian Cavalry (8007),Zvezda,Macedonian,-350,-300,43,0.019387266598491017,False
151,HaT Alexander's Macedonian Cavalry (8047),HaT,Greek,-350,-300,37,0.019387266598491017,True
373,LW Macedonian Artillery (37),LW,Macedonian,-350,-250,17,0.019387266598491017,False
910,Coates & Shine WWI Serbian Infantry (8122),Coates & Shine,Serbian,1914,1915,29,0.019298206980436886,False
1585,Valdemar Teutonic Infantry on the March (VA110),Valdemar,German,1200,1300,48,0.019184425777444468,True
203,Italeri Teutonic Knights (6019),Italeri,German,1189,1299,45,0.019184425777444468,True
2516,RedBox Scottish Heavy Cavalry (72056),RedBox,British,1460,1485,44,0.01917824180918396,True
2267,RedBox Scottish Troops (72043),RedBox,British,1460,1485,34,0.01917824180918396,True
1077,Strelets Russian Army of Alexander Nevsky (082),Strelets,Russian,1200,1300,42,0.019176630878153144,True
147,HaT Macedonian Phalangites (8043),HaT,Greek,-350,-320,40,0.01914722377070592,True
341,Zvezda Macedonian Phalanx (8019),Zvezda,Macedonian,-350,-320,37,0.01914722377070592,True
469,HYTTY Macedonian Infantry (2002),HYTTY,Macedonian,-350,-320,17,0.01914722377070592,True
1234,Zvezda Roman Auxiliary Infantry (8052),Zvezda,Italian,40,180,48,0.01910499139414802,True
1168,Zvezda Roman Imperial Legionaries (8043),Zvezda,Italian,30,180,44,0.01910499139414802,True
2793,Linear-A Roman Frontier Antonine Wall Garrison (013s),Linear-A,Italian,142,164,44,0.01910499139414802,True
163,HaT Imperial Roman Auxiliary Infantry (8065),HaT,Italian,40,160,43,0.01910499139414802,True
1214,Strelets Roman Auxiliaries 2 (M016),Strelets,Italian,40,180,43,0.01910499139414802,True
1155,Strelets Roman Auxiliaries in Battle (M008),Strelets,Italian,40,180,42,0.01910499139414802,True
832,HaT Imperial Roman Extra Heavy Legionaries (8064),HaT,Italian,80,180,40,0.01910499139414802,True
165,HaT Imperial Roman Legionaries 1st - 2nd Century AD (8082),HaT,Italian,30,180,36,0.01910499139414802,True
303,Revell Imperial Infantry (02556),Revell,Austrian,1600,1650,49,0.019011612993469363,True
1600,Zvezda Austrian Musketeers and Pikemen (8061),Zvezda,Austrian,1600,1650,46,0.019011612993469363,True
1352,Mars Imperial Field Artillery (72093),Mars,Austrian,1600,1650,34,0.019011612993469363,True
2306,Mars Polish Infantry (72047),Mars,Polish,1645,1660,37,0.018900601788820408,True
1348,RedBox Scurrers (72046),RedBox,British,1455,1485,46,0.018883186711245285,True
2010,RedBox Mounted Men at Arms (72045),RedBox,British,1455,1485,41,0.018883186711245285,True
2028,RedBox Men-at-Arms and Retinue (72040),RedBox,British,1455,1485,34,0.018883186711245285,True
300,Revell Anglo-Saxons (02551),Revell,Anglo-Saxon,1000,1066,45,0.018802156919255193,True
1110,Strelets Anglo-Saxons (M003),Strelets,Anglo-Saxon,1000,1066,45,0.018802156919255193,True
150,HaT Alexander's Thracians (8046),HaT,Bulgarian,-350,-300,41,0.018598188649239834,True
1472,RedBox Musketeers of the King of France (72145),RedBox,French,1622,1660,46,0.018584870346648068,True
1901,LW French Musketeers (2027),LW,French,1600,1660,38,0.018584870346648068,False
2299,Caesar Medieval European Knights 13th Century (H087),Caesar,British,1201,1299,45,0.0185378809535863,True
1459,HaT El Cid Spanish Light Cavalry (8201),HaT,Andalusian,1050,1100,39,0.018534050277540876,True
240,Matchbox Japanese Infantry (P5007),Matchbox,Japanese,1938,1945,49,0.018500486153872123,True
291,Revell Japanese Infantry (02507),Revell,Japanese,1938,1945,47,0.018500486153872123,True
1229,Waterloo 1815 Japanese Infantry (022),Waterloo 1815,Japanese,1938,1945,47,0.018500486153872123,True
88,Esci Japanese Soldiers (204),Esci,Japanese,1938,1945,45,0.018500486153872123,True
1778,Strelets IJA Infantry in Defence (M115),Strelets,Japanese,1938,1945,44,0.018500486153872123,True
3065,Strelets IJA Infantry in Melee (M163),Strelets,Japanese,1938,1945,42,0.018500486153872123,True
2553,Strelets Imperial Japanese Army Heavy Weapons Team (M121),Strelets,Japanese,1938,1945,39,0.018500486153872123,True
2644,Mars Imperial Japanese Infantry WWII (72107),Mars,Japanese,1938,1945,35,0.018500486153872123,True
78,Atlantic Sendai Japanese (85),Atlantic,Japanese,1938,1945,27,0.018500486153872123,True
2133,Mars Swedish Infantry (72094),Mars,Swedish,1600,1625,40,0.018437184234381617,False
501,Esci Commonwealth Infantry (231),Esci,Australian,1940,1942,46,0.018377566663708846,True
2385,Mars Polish Field Artillery (72063),Mars,Polish,1400,1450,44,0.0183695133759724,False
2137,Mars Polish Siege Bombard (72062),Mars,Polish,1400,1450,40,0.0183695133759724,True
2021,Mars Polish Knights (72051),Mars,Polish,1400,1450,32,0.0183695133759724,True
585,HaT Numidian Cavalry (8024),HaT,Algerian,-300,100,39,0.018359853905265035,False
1138,Pegasus German Army Infantry 1939 (7499),Pegasus,German,1938,1941,48,0.018359451001493374,True
776,Armourfast WWII German Zundapp Motorcycle (99011),Armourfast,German,1938,1945,45,0.018359451001493374,True
876,Emhar Russian Artillery (7208),Emhar,Russian,1854,1855,50,0.01835165610220205,True
1574,Strelets Thin Red Line (903),Strelets,British,1854,1854,44,0.01835165610220205,True
1997,Strelets Ural Cossacks (064),Strelets,Russian,1854,1855,44,0.01835165610220205,True
900,Italeri Russian Infantry (Winter Uniform) (6069),Italeri,Russian,1938,1945,43,0.01835165610220205,True
1547,RedBox Civilian Volunteers (72028),RedBox,British,1900,1900,37,0.018345645934238326,True
1923,Strelets British Siege Artillery (062),Strelets,British,1854,1855,39,0.018339673917677504,True
1723,Strelets British Grenadiers in Summer Dress (M032),Strelets,British,1854,1855,35,0.018339673917677504,True
1720,Strelets British Grenadiers in Winter Dress (M029),Strelets,British,1854,1855,33,0.018339673917677504,True
1924,Strelets French Field Artillery (065),Strelets,French,1854,1855,46,0.018316273907966318,True
1793,Strelets The Last Assault on Sevastopol (906),Strelets,French,1855,1855,44,0.018316273907966318,True
1648,Strelets French Line Infantry (M041),Strelets,French,1854,1855,39,0.018316273907966318,True
1875,HaT WWI Austrian Artillery Crew (8258),HaT,Austrian,1914,1918,44,0.01825875139723427,True
733,HaT WWI Austrian Infantry Heavy Weapons Set (8081),HaT,Austrian,1914,1918,41,0.01825875139723427,True
1579,Strelets WWI Austrian Infantry (M024),Strelets,Austrian,1914,1918,40,0.01825875139723427,True
1549,RedBox Austrian Sailors (72031),RedBox,Austrian,1900,1900,37,0.01825875139723427,False
278,Odemars Samurai (PF01),Odemars,Japanese,1550,1650,35,0.018237994179705865,True
709,LW Samurai Warriors (2011),LW,Japanese,1550,1650,34,0.018237994179705865,True
1179,RedBox Japanese Peasant Infantry (72010),RedBox,Japanese,1540,1650,33,0.018237994179705865,True
2171,Linear-A The Folk of Judea (001),Linear-A,Israeli,-100,100,43,0.01822822228736333,False
2586,RedBox Spanish Sailors Set 1 (72102),RedBox,Spanish,1501,1650,46,0.018163878213761434,True
2587,RedBox Spanish Sailors In Battle Set 2 (72103),RedBox,Spanish,1501,1630,45,0.018163878213761434,True
1349,Mars Spanish Field Artillery (72092),Mars,Spanish,1600,1650,37,0.018163878213761434,True
2260,Mars Teutonic Foot Knights (72057),Mars,German,1400,1450,35,0.018096959027327116,True
2308,Mars Russian Medium Cavalry (72059),Mars,Russian,1401,1450,38,0.01808916412803579,True
2479,RedBox Osman Sipahi Set 1 (72094),RedBox,Turkish,1501,1620,39,0.018065061228660886,True
2482,RedBox Osman Sipahi Set 2 (72095),RedBox,Turkish,1501,1620,36,0.018065061228660886,True
2987,Linear-A Alexander the Great with General Staff (1) (022s),Linear-A,Macedonian,-340,-323,48,0.018021249681610854,True
1554,RedBox Chinese Boxers (72035),RedBox,Chinese,1900,1900,37,0.01791185568332561,True
176,HYTTY Alexander The Great Cavalry (2003),HYTTY,Greek,-336,-320,28,0.01760270577778562,True
1183,Coates & Shine Indian Elephant (8142),Coates & Shine,Indian,-340,-300,48,0.01755628864028607,True
894,Lucky Toys King Porus' Army (TL0008),Lucky Toys,Indian,-340,-300,44,0.01755628864028607,True
983,Coates & Shine Indian Cavalry (8131),Coates & Shine,Indian,-340,-300,41,0.01755628864028607,True
2015,HaT WWI Indian Infantry (8236),HaT,Indian,1914,1918,41,0.01755628864028607,False
1420,HaT Celtic Chariot (8139),HaT,British,-350,90,41,0.017489897136889532,False
597,HaT Dacians (8069),HaT,Dacian,-168,106,40,0.017471195751677174,False
1539,RedBox US Marines (72016),RedBox,USA,1900,1900,36,0.017422615158372803,True
158,HaT Persian Heavy Infantry (8059),HaT,Persian,-350,-300,42,0.017404711225315523,True
164,HaT Persian Medium Cavalry (8076),HaT,Persian,-350,-300,42,0.017404711225315523,True
514,HaT Persian Heavy Cavalry (8050),HaT,Persian,-350,-300,42,0.017404711225315523,True
1447,HaT Macedonian Hypaspists (8185),HaT,Macedonian,-320,-320,44,0.01739971198443038,True
1107,Strelets Norman Archers (M002),Strelets,French,1000,1150,47,0.01736650480882131,True
1564,Strelets Norman Cavalry on the March (070),Strelets,French,1000,1120,42,0.01736650480882131,True
1795,Strelets Norman Army Before Battle (M043),Strelets,French,1000,1100,41,0.01736650480882131,True
2486,Panzer vs Tanks German Ground Crew Set 1 (003),Panzer vs Tanks,German,1914,1918,50,0.017344097431092022,True
539,Dark Dream Studio Pilots of the First World War (72003),Dark Dream Studio,British,1914,1918,48,0.017344097431092022,True
1854,Zvezda German Infantry of World War I (8083),Zvezda,German,1914,1916,46,0.017344097431092022,True
2100,HaT WWI German Jäger Bicyclists (8276),HaT,German,1914,1916,44,0.017344097431092022,True
1070,Strelets German Cuirassiers (077),Strelets,German,1914,1916,43,0.017344097431092022,True
395,Airfix WWI German Infantry (01726),Airfix,German,1914,1917,41,0.017344097431092022,True
1458,HaT WWI German Infantry (8200),HaT,German,1914,1916,40,0.017344097431092022,True
1457,HaT WWI German Jaeger (8199),HaT,German,1914,1916,39,0.017344097431092022,True
2430,Strelets WWI 21 cm MRS 10 German Heavy Howitzer (A013),Strelets,German,1914,1916,38,0.017344097431092022,True
513,LW German Cavalry 1914 (53),LW,German,1914,1916,32,0.017344097431092022,True
1853,Zvezda Russian Infantry of World War I (8082),Zvezda,Russian,1914,1916,47,0.0173363025318007,True
1874,HaT WWI Russian Artillery Crew (8257),HaT,Russian,1914,1918,46,0.0173363025318007,True
160,HaT Russian Infantry (8061),HaT,Russian,1914,1918,39,0.0173363025318007,True
1540,RedBox Russian Sailors (72019),RedBox,Russian,1900,1900,37,0.0173363025318007,True
1937,HaT WWI British Cavalry (8272),HaT,British,1914,1916,46,0.017324320347276153,True
2025,Strelets 8 Inch Mk II Howitzer with Early British Crew (A003),Strelets,British,1914,1918,41,0.017324320347276153,True
2103,HaT British Infantry (Tropical) (8293),HaT,British,1914,1918,41,0.017324320347276153,True
1566,Strelets British Cavalry (075),Strelets,British,1914,1918,40,0.017324320347276153,True
411,Strelets Army of Henry V (006),Strelets,British,1413,1422,38,0.017324320347276153,True
1541,RedBox British Royal Marine Light Infantry (72022),RedBox,British,1900,1900,36,0.017324320347276153,True
621,Airfix Royal Horse Artillery (01731),Airfix,British,1914,1915,29,0.017324320347276153,True
152,HaT Alexander's Thessalian Cavalry (8048),HaT,Greek,-350,-300,43,0.017316400540805355,True
149,HaT Greek Mercenary Hoplites (8045),HaT,Greek,-350,-280,40,0.017316400540805355,True
1939,HaT WWI Turkish Cavalry (8274),HaT,Turkish,1914,1918,46,0.017312199632425793,True
829,HaT WWI Ottoman Artillery and Machine Guns (8094),HaT,Turkish,1914,1918,44,0.017312199632425793,True
1376,Caesar WWI French Infantry (1914) (H034),Caesar,French,1914,1915,46,0.017300920337564966,False
1429,HaT WWI French Artillery Crew (Early) (8159),HaT,French,1914,1915,45,0.017300920337564966,True
1294,HaT WWI French Infantry (Early) (8148),HaT,French,1914,1915,43,0.017300920337564966,True
1544,RedBox French Sailors (72025),RedBox,French,1900,1900,41,0.017300920337564966,True
1546,RedBox French Infantry (72027),RedBox,French,1900,1900,38,0.017300920337564966,True
2786,Strelets French Pikemen (237),Strelets,French,1690,1699,38,0.017300920337564966,True
2812,Linear-A Samnite Wars (2) Italian Ally Cavalry (046),Linear-A,Italian,-350,-250,43,0.017264663047795576,True
2712,Linear-A Samnite Wars Set 1 (026),Linear-A,Italian,-343,-298,40,0.017264663047795576,True
652,Odemars Oscan Infantry (PF10),Odemars,Italian,-350,150,36,0.017264663047795576,True
1548,RedBox Italian Sailors (72029),RedBox,Italian,1900,1900,36,0.017264663047795576,True
1822,Strelets Dacian Heavy Infantry (M021(2)),Strelets,Dacian,50,150,41,0.017259788371683814,False
1039,Evolution Dacian Cavalry (EVF036),Evolution,Dacian,50,150,22,0.017259788371683814,True
349,Zvezda War Elephants (8011),Zvezda,Seleucid,-300,-200,46,0.017230190169506342,False
1325,HaT Gallic Command (8138),HaT,Celtic,-300,100,47,0.017190553466695895,True
206,Italeri Gaul Warriors (6022),Italeri,French,-250,100,40,0.017190553466695895,False
2220,Strelets 8th Army Australian Infantry in Attack (M155),Strelets,Australian,1941,1943,43,0.017171301024923213,True
2642,RedBox Ukrainian Cossack (Infantry) Set 3 (72116),RedBox,Cossack,1501,1599,48,0.01712835400288913,False
2640,RedBox Ukrainian Cossack (Infantry) Set 1 (72114),RedBox,Cossack,1501,1599,46,0.01712835400288913,True
2641,RedBox Ukrainian Cossack (Infantry) Set 2 (72115),RedBox,Cossack,1501,1599,44,0.01712835400288913,True
2168,Mars Teutonic Mounted Sergeants (72053),Mars,German,1420,1450,33,0.017104054603306926,True
1436,HaT El Cid Andalusian Infantry (8168),HaT,Spanish,1000,1100,48,0.01693609317330636,False
1832,HaT El Cid Spanish Command (8248),HaT,Spanish,1000,1100,48,0.01693609317330636,True
48,Airfix Australian Infantry (01750),Airfix,Australian,1942,1945,44,0.016915426495483835,True
2472,Strelets Hastings 1066: Norman Army (910),Strelets,French,1030,1090,47,0.016911578141200055,True
2208,Strelets Norman Train (128),Strelets,French,1050,1150,41,0.016911578141200055,True
2536,Strelets Bavarian Infantry Firing Line (273),Strelets,Bavarian,1807,1812,45,0.016899359377783488,True
2823,Linear-A Seleucid Elephants vs Ptolemaic Elephants (049),Linear-A,Egyptian,-290,-170,48,0.016885572394625636,False
197,Italeri Saracen Warriors (6010),Italeri,Arab,1096,1150,43,0.016641052970406123,True
1663,Strelets Lawrence of Arabia (115),Strelets,Arab,1915,1918,44,0.016601405518850015,True
519,HaT Spanish Cavalry (8055),HaT,CeltIberian,-300,-100,44,0.016516646247541646,True
398,HaT Hannibal's Carthaginians - Spanish Infantry (8019),HaT,CeltIberian,-300,-100,35,0.016516646247541646,True
2314,Eduard Royal Flying Corps 1917 (7503),Eduard,British,1915,1917,45,0.01639447023543492,True
2599,Strelets 105mm Cannon Schneider 1913 (A015),Strelets,French,1915,1918,47,0.016371070225723733,False
1938,HaT WWI French Cavalry (8273),HaT,French,1915,1918,46,0.016371070225723733,True
37,Airfix WWI French Infantry (01728),Airfix,French,1915,1918,44,0.016371070225723733,True
2508,Strelets WWI French Infantry in Summer Dress (M134),Strelets,French,1915,1918,40,0.016371070225723733,True
2036,Strelets WWI French Field Kitchen (292),Strelets,French,1915,1918,38,0.016371070225723733,True
1811,HaT WWI Italian Artillery Crew (8259),HaT,Italian,1915,1918,45,0.016334812935954342,True
2862,RedBox Italian Arditi in Armor (72150),RedBox,Italian,1915,1918,42,0.016334812935954342,True
2453,HaT WWI Italian Heavy Weapons (8222),HaT,Italian,1915,1918,38,0.016334812935954342,True
1146,Zvezda Carthaginian Numidian Cavalry (8031),Zvezda,Algerian,-300,100,44,0.016312051812839273,True
1394,Caesar Celt Warriors (H064),Caesar,British,-150,50,48,0.01612388022000937,True
1291,HaT Gallic Chariot with Warrior Queen (8140),HaT,British,-250,90,46,0.01612388022000937,True
301,Revell Celts (Gauls) (02553),Revell,British,-300,100,45,0.01612388022000937,True
2769,Linear-A Hannibal Crosses the Alps Set 5 (025),Linear-A,Celtic,-250,-100,43,0.01612388022000937,True
497,HaT Celtic Cavalry (8022),HaT,British,-300,100,38,0.01612388022000937,True
230,LW Celtic Warriors (33),LW,Celtic,-300,100,9,0.01612388022000937,True
1221,Strelets Germanic Horsemen (098),Strelets,German,-200,50,38,0.01597808051421186,True
598,HaT Ancient Germans (8068),HaT,German,-200,100,27,0.01597808051421186,True
322,Strelets Army of Joan d'Arc (005),Strelets,French,1420,1435,38,0.015934903420684803,True
2259,Mars French Field Artillery (72044),Mars,French,1601,1650,37,0.015934903420684803,True
916,Zvezda Republican Roman Cavalry (8038),Zvezda,Italian,-299,-1,47,0.015898646130915413,True
3052,Linear-A Republican Roman Incendiary Swine (141),Linear-A,Italian,-280,-50,47,0.015898646130915413,True
154,HaT Roman Command (8051),HaT,Italian,-300,-100,46,0.015898646130915413,True
705,Zvezda Republican Roman Infantry (8034),Zvezda,Italian,-299,-101,45,0.015898646130915413,True
1999,Strelets Republican Roman Legion (Ceremonial March) (M102),Strelets,Italian,-180,-30,44,0.015898646130915413,True
3070,Ultima Ratio Roman Republican Army: Velites (UR025),Ultima Ratio,Italian,-300,-100,43,0.015898646130915413,True
2179,Strelets Roman Republican Legion Before Battle (M080),Strelets,Italian,-150,-30,42,0.015898646130915413,True
3019,Linear-A Gangs/Revolt in Rome (Set 1) (112),Linear-A,Italian,-200,-27,42,0.015898646130915413,True
3049,Ultima Ratio Roman Republic Army: Hastati (UR023),Ultima Ratio,Italian,-270,-110,40,0.015898646130915413,True
617,HaT Italian Allies (8040),HaT,Italian,-300,-102,39,0.015898646130915413,True
209,Italeri Roman Cavalry (6028),Italeri,Italian,-200,20,37,0.015898646130915413,True
282,Odemars Roman Republic Infantry (PF06),Odemars,Italian,-200,-30,28,0.015898646130915413,True
569,Atlantic Roman Legion (1515),Atlantic,Italian,-200,-50,18,0.015898646130915413,True
587,Atlantic Roman Cavalry (1516),Atlantic,Italian,-200,-50,14,0.015898646130915413,True
2728,Linear-A Trajan's Legions vs Dacians (Set 1) (032),Linear-A,Dacian,80,110,39,0.015892687314393434,True
1570,Strelets Dacian Cavalry (103),Strelets,Dacian,100,110,38,0.015892687314393434,True
2481,Mars Imperial Dragoons (72096),Mars,Austrian,1610,1650,25,0.01587715000783699,True
629,Strelets Norman Cavalry (012),Strelets,French,1050,1100,37,0.01585387363898065,True
2422,Mars Polish 'Lisovchiki' (72079),Mars,Polish,1607,1624,35,0.015832090959031913,True
2565,Linear-A Imperial Roman Standards & Standard Bearers (2) (070),Linear-A,Italian,50,150,49,0.015687238750922053,True
2274,Strelets Imperial Roman Legion 1 (907),Strelets,Italian,50,150,47,0.015687238750922053,True
1383,Caesar Roman Legionary (Set II) (H051),Caesar,Italian,50,150,46,0.015687238750922053,True
1149,Strelets Roman Legion on the March (M007),Strelets,Italian,25,150,44,0.015687238750922053,True
1493,Strelets Roman Senate 2 (138),Strelets,Italian,-100,150,44,0.015687238750922053,True
1724,Strelets Roman Auxiliaries Before Battle (M033),Strelets,Italian,50,150,43,0.015687238750922053,True
1253,Strelets Roman Cavalry in Battle (100),Strelets,Italian,20,150,42,0.015687238750922053,True
1725,Strelets Roman Auxiliaries Advancing (M034),Strelets,Italian,50,150,41,0.015687238750922053,True
743,HaT Imperial Roman Auxiliary Cavalry (8066),HaT,Italian,35,150,39,0.015687238750922053,True
1575,Strelets Roman Legion in Advance (M020),Strelets,Italian,25,150,39,0.015687238750922053,True
889,Lucky Toys Roman Commander's Cavalry (TL0007),Lucky Toys,Italian,80,150,37,0.015687238750922053,True
1646,Strelets Roman Velites (M037),Strelets,Italian,-30,150,37,0.015687238750922053,True
1645,Strelets Roman Infantry in Winter Dress (M038),Strelets,Italian,50,150,34,0.015687238750922053,True
610,Airfix Romans (01730),Airfix,Italian,40,150,24,0.015687238750922053,True
1577,Strelets Dacian Light Infantry (M022),Strelets,Dacian,85,108,33,0.015534941243326788,True
554,Italeri Austrian and Russian Allied General Staff (6037),Italeri,Austrian,1804,1814,33,0.015498258877705607,True
1331,Caesar Republican Roman Army (H045),Caesar,Italian,-120,30,43,0.01548010222709018,True
205,Italeri Roman Infantry (6021),Italeri,Italian,-120,-30,38,0.01548010222709018,True
1440,HaT El Cid Spanish Infantry (8176),HaT,Spanish,1050,1099,45,0.015423462003465702,True
1467,HaT El Cid Spanish Heavy Cavalry (8213),HaT,Spanish,1050,1100,40,0.015423462003465702,True
1109,Odemars The Nativity (CREA02),Odemars,Israeli,-50,50,47,0.015401249638893569,True
304,Revell Swedish Infantry (02557),Revell,Swedish,1610,1648,49,0.015302721248749247,False
2473,Strelets Hastings 1066: Anglo-Saxon Army (912),Strelets,Anglo-Saxon,1050,1070,37,0.015297992047037457,False
1563,Strelets Mounted Praetorians (069),Strelets,Italian,60,140,44,0.01527710843373494,True
1150,Strelets Roman Legion in Battle (M009),Strelets,Italian,20,140,42,0.01527710843373494,True
1696,Mars Polish Infantry Mercenaries (Haiduks) (72033),Mars,Polish,1610,1640,39,0.015235050390340031,True
2236,Ultima Ratio Carthaginian Army: Iberian Infantry Part 1 (UR016),Ultima Ratio,Carthaginian,-250,-140,38,0.015122170644893148,True
1190,Caesar Roman Legionary (H041),Caesar,Italian,10,120,47,0.015078134319456041,True
2471,Strelets Stamford Bridge (911),Strelets,British,1050,1080,43,0.014981828271646088,False
2814,Strelets Bavarian Infantry on the March (272),Strelets,Bavarian,1808,1815,47,0.01496105058706506,True
2798,Strelets Bavarian Infantry Standing Order Arms (271),Strelets,Bavarian,1808,1815,44,0.01496105058706506,True
1437,HaT Bavarian Fusiliers (8169),HaT,Bavarian,1808,1815,42,0.01496105058706506,True
2750,Strelets Bavarian Infantry in Attack (227),Strelets,Bavarian,1808,1814,41,0.01496105058706506,True
140,HaT Bavarian Infantry (8028),HaT,Bavarian,1808,1815,37,0.01496105058706506,True
1625,HaT Carthaginian Veterans (8212),HaT,Carthaginian,-217,-145,39,0.014882756010754198,True
1244,LW Dacian Infantry (2010),LW,Dacian,85,106,36,0.014858124352119625,True
2517,RedBox Spanish Infantry (Set 1) (72096),RedBox,Spanish,1550,1599,48,0.014838130385732633,True
1708,RedBox Jinetes Set 1 (72076),RedBox,Spanish,1501,1599,41,0.014838130385732633,True
2404,RedBox Jinetes Set 2 (72077),RedBox,Spanish,1501,1599,38,0.014838130385732633,True
2485,RedBox Ukrainian Cossack Cavalry Set 1 (72125),RedBox,Ukrainian,1501,1599,41,0.014809767620211559,False
2487,RedBox Ukrainian Cossack Cavalry Set 2 (72126),RedBox,Ukrainian,1501,1599,39,0.014809767620211559,True
1860,"RedBox European Light Cavalry, 16th Century Set 1 (72084)",RedBox,French,1501,1599,41,0.014771211199298317,False
2152,"RedBox European Light Cavalry, 16th Century Set 2 (72085)",RedBox,French,1501,1599,40,0.014771211199298317,True
2639,RedBox Moscow Infantry (Pishalniki) (72113),RedBox,Russian,1501,1599,47,0.014763416300006991,True
1970,RedBox Russian Artillery (72071),RedBox,Russian,1501,1599,46,0.014763416300006991,True
2637,RedBox Moscow Infantry (Ratniki) Set 1 (72111),RedBox,Russian,1501,1599,45,0.014763416300006991,True
2638,RedBox Moscow Infantry (Ratniki) Set 2 (72112),RedBox,Russian,1501,1599,43,0.014763416300006991,True
2763,RedBox Moscow Noble Cavalry (Siege of Kazan) Set 2 (72134),RedBox,Russian,1501,1599,43,0.014763416300006991,True
2760,RedBox Moscow Noble Cavalry (Siege of Pskov) Set 1 (72127),RedBox,Russian,1560,1599,41,0.014763416300006991,True
2761,RedBox Moscow Noble Cavalry (Siege of Pskov) Set 2 (72128),RedBox,Russian,1501,1599,41,0.014763416300006991,True
2762,RedBox Moscow Noble Cavalry (Siege of Kazan) Set 1 (72133),RedBox,Russian,1501,1599,41,0.014763416300006991,True
2765,RedBox Moscow Noble Cavalry (Battle of Orsha) Set 2 (72136),RedBox,Russian,1501,1599,41,0.014763416300006991,True
1781,RedBox English Sailors Artillery 16-17th Century (72083),RedBox,British,1501,1599,37,0.014751434115482447,True
1775,RedBox English Sailors in Battle 16-17th Century (72082),RedBox,British,1501,1599,35,0.014751434115482447,True
1434,RedBox Turkish Siege Artillery Gun (72069),RedBox,Turkish,1501,1599,37,0.014739313400632087,True
2518,RedBox Italian Infantry (Set 1) (72099),RedBox,Italian,1501,1599,46,0.01469177681600187,True
2568,RedBox Italian Infantry (Set 2) (72100),RedBox,Italian,1501,1599,38,0.01469177681600187,True
2569,RedBox Italian Infantry (Set 3 - Pike) (72101),RedBox,Italian,1501,1599,36,0.01469177681600187,True
405,IMEX Lewis and Clark (523),IMEX,USA,1804,1806,48,0.014662122638844142,True
492,Strelets Russian and Prussian Chiefs of Staff (002),Strelets,German,1804,1815,44,0.014583604911563361,True
969,Odemars Iberian Infantry (PF13),Odemars,CeltIberian,-300,-150,18,0.014580391739191258,True
2493,RedBox Russian Grenadiers (72130),RedBox,Russian,1804,1808,42,0.014575810012272036,True
2646,RedBox Russian Guard Infantry (72129),RedBox,Russian,1804,1807,41,0.014575810012272036,True
316,Revell French Mounted Guard Chasseurs (02576),Revell,French,1804,1815,49,0.014540427818036303,True
312,Revell French Grenadier Guards (02570),Revell,French,1804,1815,48,0.014540427818036303,True
835,Zvezda French Imperial Old Guard (8030),Zvezda,French,1804,1815,48,0.014540427818036303,True
200,Italeri French Imperial General Staff (6016),Italeri,French,1804,1815,47,0.014540427818036303,True
506,Italeri French Dragoons (6015),Italeri,French,1804,1812,47,0.014540427818036303,True
2558,Waterloo 1815 Napoleonic French Foot Dragoons (041),Waterloo 1815,French,1804,1810,47,0.014540427818036303,True
2461,Strelets French Guards Chasseurs (277),Strelets,French,1804,1809,46,0.014540427818036303,True
1468,HaT French Voltigeurs (8218),HaT,French,1804,1812,44,0.014540427818036303,True
2625,Strelets Old Guard Standing at Ease (170),Strelets,French,1804,1815,44,0.014540427818036303,True
1218,Strelets French Hussars (096),Strelets,French,1804,1810,43,0.014540427818036303,True
765,Strelets Napoleon's General Staff (013),Strelets,French,1804,1815,42,0.014540427818036303,True
12,A Call To Arms French Cuirassiers 1815 (51),A Call To Arms,French,1804,1815,41,0.014540427818036303,True
420,Esci French Imperial Guard (214),Esci,French,1804,1815,40,0.014540427818036303,True
2626,Strelets Old Guard at Attention (171),Strelets,French,1804,1815,40,0.014540427818036303,True
1182,Strelets French Guard Chasseurs in Winter Dress (M010),Strelets,French,1804,1815,39,0.014540427818036303,True
1097,Odemars French Grenadiers (CF03),Odemars,French,1804,1815,38,0.014540427818036303,True
231,LW Napoleonic War Engineers (36),LW,French,1804,1815,37,0.014540427818036303,True
40,Airfix Waterloo French Cavalry (Cuirassiers) (01736),Airfix,French,1804,1815,32,0.014540427818036303,True
505,HaT French Dragoons (8009),HaT,French,1804,1813,31,0.014540427818036303,True
1643,Strelets Dacians Before Battle (M040),Strelets,Dacian,50,105,47,0.014537684496548093,True
1040,Zvezda Carthaginian Infantry (8010),Zvezda,Carthaginian,-300,-146,47,0.014525009939687552,True
399,HaT Carthaginian Command and Cavalry (8056),HaT,Algerian,-300,-200,44,0.014525009939687552,True
1829,HaT El Cid Andalusian Heavy Cavalry (8215),HaT,Andalusian,1100,1100,42,0.014514773169107143,True
521,HaT Italian Ally Cavalry (8054),HaT,Italian,-300,-140,41,0.014504170528266915,True
138,HaT Roman Cavalry (8021),HaT,Italian,-270,-140,38,0.014504170528266915,True
2918,Strelets Bavarian Infantry in Square (274),Strelets,Bavarian,1809,1815,46,0.01444288883113043,True
2756,Linear-A Seleucid Infantry Phalanx Set 1 (033),Linear-A,Persian,-250,-170,40,0.014398033773562087,True
1556,Strelets Sarmatian Cavalry (020),Strelets,Sarmatian,-100,100,38,0.014360391382514581,True
2567,RedBox Spanish Infantry (Set 3 - Pike) (72098),RedBox,Spanish,1540,1590,37,0.014285930746361815,True
573,HaT War Elephants (8023),HaT,Algerian,-290,-205,41,0.014180392164806844,True
2715,Linear-A Tarentine Horsemen of Magna Graecia (030),Linear-A,Greek,-299,-201,44,0.014014129115574803,True
143,HaT Roman Catapults (8035),HaT,Italian,-300,-150,46,0.013962391622565025,True
2358,Strelets Roman Senate 1 (137),Strelets,Italian,-100,-30,41,0.013285574731357863,True
137,HaT Republican Romans Hastati & Velites (8018),HaT,Italian,-265,-150,39,0.013285574731357863,True
136,HaT Republican Romans Princeps & Triari (8017),HaT,Italian,-265,-150,37,0.013285574731357863,True
2269,Strelets Caesar Army in Defence (M090),Strelets,Italian,-100,-30,36,0.013285574731357863,True
2176,Strelets Spartacus Army (M077),Strelets,French,-73,-71,43,0.013219618179153975,True
2459,Linear-A Legions of Gnaeus Pompeius Magnus (Set 1) (065),Linear-A,Italian,-90,-40,45,0.01312392426850258,True
311,Revell Swedish Cavalry (02567),Revell,Swedish,1625,1650,49,0.012924852776890209,False
2583,Strelets Serbian Infantry in Winter Uniform (M126),Strelets,Serbian,1916,1918,40,0.012914568029026852,False
2514,Linear-A Roman Legion Set 1 (017),Linear-A,Italian,-40,40,44,0.012809131261889662,True
2978,Linear-A Roman Artillery (Set 1) Ballista (089),Linear-A,Italian,-50,100,36,0.012809131261889662,True
228,LW Cavalry of Imperial Rome (29),LW,Italian,-50,100,10,0.012809131261889662,True
2566,RedBox Spanish Infantry (Set 2) (72097),RedBox,Spanish,1540,1580,38,0.012802194324052397,True
1603,LW Spanish Army 1500-1600 (2016),LW,Spanish,1501,1580,25,0.012802194324052397,True
2974,Ultima Ratio Carthaginian Army: Libyan Infantry (UR021),Ultima Ratio,Carthaginian,-250,-150,40,0.012774176413916483,True
2530,Linear-A Hannibal Crosses the Alps Set 2 (013),Linear-A,Algerian,-250,-150,41,0.012624963778717815,True
1754,Strelets Spartacus Army Before Battle (M110),Strelets,Celtic,-75,-73,45,0.01258235487994969,True
20,A Call To Arms Royalist Artillery (59),A Call To Arms,British,1642,1650,43,0.012564850486019838,True
23,A Call To Arms English Civil War Command Set (62),A Call To Arms,British,1642,1650,42,0.012564850486019838,True
22,A Call To Arms Royalist Infantry (61),A Call To Arms,British,1642,1650,40,0.012564850486019838,True
473,A Call To Arms Parliament Infantry (63),A Call To Arms,British,1642,1650,40,0.012564850486019838,True
2397,Waterloo 1815 Cromwell's Cavalry (033),Waterloo 1815,British,1642,1650,33,0.012564850486019838,True
2617,Ultima Ratio Musketeers of the King of France (UR011),Ultima Ratio,French,1622,1650,48,0.01254145047630865,True
2810,RedBox Mounted Guards of Cardinal Richelieu (72148),RedBox,French,1626,1650,46,0.01254145047630865,True
1159,GerMan Musketeers of the French King (0001),GerMan,French,1622,1650,45,0.01254145047630865,True
2616,Ultima Ratio Guards of Cardinal Richelieu (UR012),Ultima Ratio,French,1626,1650,43,0.01254145047630865,True
2456,Strelets Austrian Grenadiers Winter Standing Shoulder Arms (206),Strelets,Austrian,1805,1815,41,0.012513336072036401,True
608,HaT Austrian Chevauxleger (8031),HaT,Austrian,1805,1814,38,0.012513336072036401,True
1314,Mars Austrian Uhlans (72021),Mars,Austrian,1805,1815,38,0.012513336072036401,True
2699,Strelets Austrian Grenadiers in Winter Dress on the March (209),Strelets,Austrian,1805,1815,38,0.012513336072036401,True
1250,Strelets Roman Legion before Battle (M019),Strelets,Italian,0,0,44,0.012505193186539261,True
2500,Linear-A Roman Legion Set 2 (018),Linear-A,Italian,-10,30,44,0.012505193186539261,True
1828,Mars Scots Mercenaries (72034),Mars,British,1618,1648,36,0.012165365680474419,True
2310,Linear-B Spartacus Uprising Defeat (006),Linear-B,Celtic,-73,-71,46,0.012152944932467451,True
1193,Caesar Ancient Germans (H040),Caesar,German,1,99,44,0.012147876217861597,True
2664,Linear-A Germanic Warriors Set 2 (Command) (010),Linear-A,German,1,50,44,0.012147876217861597,True
2515,Linear-A German Warriors Set 1 (009),Linear-A,German,1,40,41,0.012147876217861597,True
2782,Linear-A Publius Quinctilius Varus 'Disaster' (012s),Linear-A,Italian,1,20,37,0.01206844183456515,True
1296,LW Jewish Infantry (2008),LW,Israeli,65,75,27,0.012025596972235897,True
1898,Mars Imperial Siege Artillery (72038),Mars,German,1618,1648,39,0.011998736864759819,False
2399,Mars Imperial Mercenary Infantry in Winter Dress (72049),Mars,Austrian,1618,1648,37,0.011998736864759819,True
2019,Mars Imperial Heavy Cavalry (72041),Mars,Austrian,1618,1625,35,0.011998736864759819,True
1897,Mars Imperial Mounted Arquebusiers (72037),Mars,Austrian,1618,1648,34,0.011998736864759819,True
1520,Mars Arquebusiers (72027),Mars,Austrian,1618,1648,33,0.011998736864759819,True
2003,Mars Imperial Light Infantry (72043),Mars,Austrian,1618,1648,32,0.011998736864759819,True
1819,Mars Imperial Army (72032),Mars,Austrian,1618,1648,26,0.011998736864759819,True
2460,Linear-A Roman Legion of Antonius in Egyptian Service (066),Linear-A,Italian,-40,-31,42,0.011927710843373494,True
2175,Linear-B Roman Tavern (003),Linear-B,Italian,1,1,41,0.011927710843373494,True
2221,Strelets Caesar Army on the March (M087),Strelets,Italian,-40,-30,38,0.011927710843373494,True
2161,Linear-B Spartacus Uprising (073),Linear-B,Italian,-73,-71,32,0.011927710843373494,True
1565,Strelets Austro-Hungarian Honved (074),Strelets,Austrian,1917,1918,42,0.011875112445824234,True
1912,Strelets Austro-Hungarian Infantry in Gas Masks (M059),Strelets,Austrian,1916,1918,39,0.011875112445824234,True
2740,Linear-A Hannibal vs Scipio (010s),Linear-A,Carthaginian,-215,-170,43,0.011692853543743295,True
2272,HaT Napoleonic Spanish Command (8303),HaT,Spanish,1805,1809,48,0.011665601292328472,False
2492,RedBox Russian Line Infantry (72131),RedBox,Russian,1805,1808,45,0.01159088720660283,True
437,HaT 1805 Russian Line Infantry (8072),HaT,Russian,1805,1809,41,0.01159088720660283,True
2002,Zvezda French Napoleonic HQ Staff (8080),Zvezda,French,1805,1814,46,0.011555505012367098,True
1111,Zvezda French Elite Infantry. Voltigeurs (8042),Zvezda,French,1805,1813,45,0.011555505012367098,True
1572,Strelets French Cuirassiers in Attack (105),Strelets,French,1805,1815,43,0.011555505012367098,True
1740,HaT 1805 French Artillery (8229),HaT,French,1805,1805,43,0.011555505012367098,True
1227,HaT 1805-1812 French Line Grenadiers (8166),HaT,French,1805,1812,42,0.011555505012367098,True
1101,Italeri French Light Cavalry (6080),Italeri,French,1805,1810,38,0.011555505012367098,True
2563,Linear-A Legions of Marcus Licinius Crassus (Set 1) (067),Linear-A,Italian,-60,-40,47,0.011519247722597709,True
2991,Linear-A Legions of Marcus Licinius Crassus (Set 2) (094),Linear-A,Italian,-60,-40,47,0.011519247722597709,True
2960,Linear-A Legions of Gaius Julius Caesar (Set 1) (063),Linear-A,Italian,-60,-40,46,0.011519247722597709,True
2961,Linear-A Legions of Gaius Julius Caesar (Set 2) (064),Linear-A,Italian,-60,-40,45,0.011519247722597709,True
2177,Strelets Roman Republican Legion on the March (M078),Strelets,Italian,-100,-100,44,0.011519247722597709,True
2981,Linear-A Gnaeus Pompeius Magnus with General Staff (018s),Linear-A,Italian,-50,-40,42,0.011519247722597709,True
2222,Strelets Caesar Army Before Battle (M088),Strelets,Italian,-60,-45,40,0.011519247722597709,True
2223,Strelets Caesar Army in Battle I (M089),Strelets,Italian,-60,-45,39,0.011519247722597709,True
2178,Strelets Roman Republican Legion in Battle (M079),Strelets,Italian,-100,-100,37,0.011519247722597709,True
2381,Mars Eastern Mercenaries in Winter Dress (72075),Mars,Hungarian,1618,1648,37,0.011447084197090571,False
1524,Mars Swedish Army with Culverin (72031),Mars,Swedish,1618,1648,39,0.011424308105672075,True
1896,Mars Swedish Heavy Cavalry (72036),Mars,Swedish,1618,1648,33,0.011424308105672075,True
2989,Linear-A Gaius Julius Caesar at Alesia (008s),Linear-A,Italian,-55,-45,43,0.01138748542557326,True
2401,Mars Polish Infantry (Early) (72073),Mars,Polish,1618,1630,41,0.011356637247262859,True
2375,Mars Polish Pahioki (72074),Mars,Polish,1618,1648,35,0.011356637247262859,True
2764,RedBox Moscow Noble Cavalry (Battle of Orsha) Set 1 (72135),RedBox,Russian,1501,1540,42,0.011329470809306326,True
2117,Mars Spanish Tertio (72042),Mars,Spanish,1618,1648,30,0.01115100208505189,True
2611,Strelets Arab Uprising (172),Strelets,Arab,1916,1918,40,0.011147616679281214,True
2581,Strelets Arab Revolt Foot Rebels (M127),Strelets,Arab,1916,1918,39,0.011147616679281214,True
2398,Mars Imperial Mercenary Infantry in Summer Dress (72048),Mars,French,1618,1648,35,0.011084082898617573,True
2847,Linear-A Ptolemaic Infantry Phalanx Set 2 (050),Linear-A,Egyptian,-220,-180,43,0.011083819756245063,True
2757,Linear-A Ptolemaic Infantry Phalanx Set 1 (034),Linear-A,Egyptian,-230,-180,41,0.011083819756245063,True
2018,Mars Swedish Mercenary Dragoons (72040),Mars,Swedish,1620,1635,25,0.011059140591277734,True
877,Emhar American Infantry (7209),Emhar,USA,1917,1918,44,0.011038976206962769,True
2024,Strelets 8 Inch Mk VII Howitzer (A002),Strelets,USA,1917,1918,40,0.011038976206962769,True
1428,HaT WWI US Artillery with 75mm Cannon (8158),HaT,USA,1917,1918,36,0.011038976206962769,True
498,Airfix WWI American Infantry (01729),Airfix,USA,1917,1918,34,0.011038976206962769,True
577,Revell German Infantry (02504),Revell,German,1916,1918,46,0.010960458479681988,True
1310,Caesar German Army (H035),Caesar,German,1916,1918,46,0.010960458479681988,True
81,Emhar German WWI Infantry with Tank Crew (7203),Emhar,German,1916,1918,44,0.010960458479681988,True
817,HaT WWI German Artillery (8109),HaT,German,1916,1918,44,0.010960458479681988,True
831,HaT WWI German Heavy Weapons Set (8110),HaT,German,1916,1918,44,0.010960458479681988,True
1024,Strelets German Dragoons (045),Strelets,German,1916,1918,40,0.010960458479681988,True
1913,Strelets German Infantry in Gas Masks (M060),Strelets,German,1916,1918,38,0.010960458479681988,True
82,Emhar German WWI Artillery (7204),Emhar,German,1916,1918,37,0.010960458479681988,True
1908,Strelets German Stormtroops (M055),Strelets,German,1916,1918,37,0.010960458479681988,True
1247,Strelets Russian Infantry in Summer Uniform (M018),Strelets,Russian,1916,1918,40,0.010952663580390662,True
1911,Strelets Russian Infantry in Gas Masks (M058),Strelets,Russian,1916,1918,38,0.010952663580390662,True
1873,HaT WWI British Artillery Crew (8256),HaT,British,1916,1918,47,0.010940681395866118,True
1743,HaT WWI British Heavy Weapons (8177),HaT,British,1916,1918,44,0.010940681395866118,True
80,Emhar British WWI Infantry with Tank Crew (7201),Emhar,British,1916,1918,43,0.010940681395866118,True
1884,Strelets British Cavalry (Late War) (114),Strelets,British,1916,1918,40,0.010940681395866118,True
2023,Strelets 6-Inch Mk VII Cannon with British Crew (A001),Strelets,British,1916,1918,40,0.010940681395866118,True
2429,Strelets WWI 9.2-inch British Siege Howitzer MK I (A012),Strelets,British,1916,1918,39,0.010940681395866118,True
344,Emhar British WWI Artillery (7202),Emhar,British,1916,1918,36,0.010940681395866118,True
1909,Strelets British Infantry in Gasmasks (M056),Strelets,British,1916,1918,35,0.010940681395866118,True
1530,Pegasus WWI French Infantry (7199),Pegasus,French,1916,1918,48,0.01091728138615493,True
2695,Strelets 155 mm Cannon GPF Mod 1917 (A018),Strelets,French,1917,1918,41,0.01091728138615493,True
440,Revell French Infantry (02505),Revell,French,1916,1918,40,0.01091728138615493,True
1431,HaT WWI French 75mm Cannon (with Late War Crew) (8161),HaT,French,1916,1918,40,0.01091728138615493,True
1910,Strelets French Infantry in Gas Masks (M057),Strelets,French,1916,1918,40,0.01091728138615493,True
2629,Waterloo 1815 WWI Italian Infantry Set 2 (043),Waterloo 1815,Italian,1916,1918,44,0.010881024096385541,True
2542,Waterloo 1815 WWI Italian Cavalry (042),Waterloo 1815,Italian,1916,1918,43,0.010881024096385541,True
2454,HaT WWI Italian Infantry (8223),HaT,Italian,1916,1918,37,0.010881024096385541,True
1122,Waterloo 1815 Italian Infantry (019),Waterloo 1815,Italian,1916,1918,34,0.010881024096385541,True
809,Dark Dream Studio Landsknechts (Pikemen) (72004),Dark Dream Studio,German,1501,1525,35,0.01083875071840432,True
3,Accurate Union Infantry (7202),Accurate,USA,1861,1865,48,0.010679427324409655,True
372,Italeri Union Cavalry (6013),Italeri,USA,1861,1865,48,0.010679427324409655,True
2686,HaT American Civil War Marching (1) (8319),HaT,USA,1861,1865,47,0.010679427324409655,True
2691,HaT American Civil War Marching (2) (8332),HaT,USA,1861,1865,47,0.010679427324409655,True
2596,Strelets US Infantry Standing (157),Strelets,USA,1861,1865,46,0.010679427324409655,True
2667,Strelets Union Infantry Firing (159),Strelets,USA,1861,1865,46,0.010679427324409655,True
541,Italeri Union Infantry (6012),Italeri,USA,1861,1865,45,0.010679427324409655,True
1074,Strelets Union General Staff (2) (080),Strelets,USA,1861,1865,45,0.010679427324409655,True
2559,Strelets US Infantry in Attack 2 (153),Strelets,USA,1861,1865,45,0.010679427324409655,True
2687,HaT American Civil War Command (8320),HaT,USA,1861,1865,45,0.010679427324409655,True
5,Accurate Union Pioneers (7205),Accurate,USA,1861,1865,44,0.010679427324409655,True
98,Esci Union Infantry (222),Esci,USA,1861,1865,44,0.010679427324409655,True
2551,Strelets US Troops in Attack (150),Strelets,USA,1861,1865,44,0.010679427324409655,True
2552,Strelets US Cavalry Skirmishing (151),Strelets,USA,1863,1865,44,0.010679427324409655,True
2669,Strelets US Infantry in Attack 3 (179),Strelets,USA,1861,1865,44,0.010679427324409655,True
112,Gulliver South States Cavalry (3601),Gulliver,USA,1861,1865,43,0.010679427324409655,True
2550,Strelets US Infantry on the March (149),Strelets,USA,1861,1865,43,0.010679427324409655,True
180,IMEX Union Infantry (505),IMEX,USA,1861,1865,42,0.010679427324409655,True
371,IMEX Union Cavalry (503),IMEX,USA,1861,1865,42,0.010679427324409655,True
21,A Call To Arms Union Regiments (60),A Call To Arms,USA,1861,1865,41,0.010679427324409655,True
2730,Strelets Confederate Infantry in Defence (249),Strelets,USA,1861,1865,41,0.010679427324409655,True
1464,Ultima Ratio Union Infantry - Irish Brigade (UR014),Ultima Ratio,USA,1861,1865,40,0.010679427324409655,True
15,A Call To Arms Confederate Infantry 1861 (54),A Call To Arms,USA,1861,1865,39,0.010679427324409655,True
907,Strelets Union General Staff (1) (046),Strelets,USA,1861,1865,39,0.010679427324409655,True
4,Accurate Union Artillery Team (7204),Accurate,USA,1861,1865,34,0.010679427324409655,True
16,A Call To Arms Union Infantry 1861 (55),A Call To Arms,USA,1861,1865,34,0.010679427324409655,True
177,IMEX Union Artillery (501),IMEX,USA,1861,1865,32,0.010679427324409655,True
2679,Strelets 30 pdr Parrott Rifle with US Crew (182),Strelets,USA,1861,1865,31,0.010679427324409655,True
30,Airfix Union Infantry (01712),Airfix,USA,1861,1865,28,0.010679427324409655,True
375,LW Ancient Artillery Part 3 - Scorpion (42),LW,Italian,30,70,20,0.010639481000926786,True
748,LW Imperial Rome Legionary Artillery (7),LW,Italian,30,70,15,0.010639481000926786,True
2499,Linear-A Hannibal Makes a Triumphal Entry in Italy (023),Linear-A,Carthaginian,-230,-200,46,0.01062955272140633,True
796,Caesar Ch'in Dynasty Army (H004),Caesar,Chinese,-225,-200,44,0.010604669602220323,False
2333,Mars Algerian Pirates (72072),Mars,Algerian,1550,1550,34,0.010480340086207662,True
2577,Mars Swedish Leather Guns (72100),Mars,Swedish,1625,1635,29,0.010377136557041238,True
1823,Strelets Dacian Light Infantry (M022(2)),Strelets,Dacian,100,100,43,0.010331911392171728,True
1576,Strelets Dacian Heavy Infantry (M021),Strelets,Dacian,100,100,29,0.010331911392171728,True
1747,Emhar Portuguese Infantry and Cazadores (7217),Emhar,Portuguese,1806,1812,46,0.010246409827760494,False
2329,Mars French Mounted Guards Royal Musketeers (72045),Mars,French,1622,1646,37,0.010103191694053191,True
2480,Mars Swedish Dragoons (Set 2) (72095),Mars,Swedish,1630,1635,24,0.010058213807218419,True
2490,Linear-A Hannibal Crosses the Alps Set 3 (Elephants) (016),Linear-A,Carthaginian,-220,-200,47,0.009996096912354518,True
2690,RedBox Guards of Cardinal Richelieu (72147),RedBox,French,1626,1642,44,0.009993734256459679,True
1449,HaT 1806 Saxon Infantry (8187),HaT,German,1806,1810,42,0.009942367676973821,True
1899,Mars French Infantry and Guard (72039),Mars,French,1635,1648,34,0.009885874737663154,True
2138,Mars French Dismounted Dragoons (72078),Mars,French,1635,1648,34,0.009885874737663154,True
1787,Ultima Ratio Carthaginian Army: Hannibal's Veterans (UR019),Ultima Ratio,Carthaginian,-217,-200,42,0.009699164501861483,True
2330,Mars French Mounted Guards of Cardinal Richelieu (72046),Mars,French,1640,1640,36,0.00967481150663686,True
1738,HaT Austrian Ammunition Wagon (8225),HaT,Austrian,1806,1814,46,0.009572401602450742,True
1739,HaT Austrian Cavalry Artillery (8226),HaT,Austrian,1806,1814,45,0.009572401602450742,True
3036,HaT Napoleonic Hungarian Infantry (Marching) (8334),HaT,Hungarian,1806,1815,47,0.009020748934781494,False
3037,HaT Napoleonic Hungarian Infantry (Action) (8335),HaT,Hungarian,1806,1815,40,0.009020748934781494,True
493,Strelets French Foot Dragoons and Polish Grenadiers (009),Strelets,French,1806,1813,41,0.008930301984953782,True
1794,Strelets Roman Extra Heavy Infantry (M042),Strelets,Italian,100,100,38,0.008759361771409966,True
1670,HaT Napoleonic Spanish Light Infantry (8300),HaT,Spanish,1806,1809,41,0.008724666822742812,True
1813,HaT Napoleonic Spanish Grenadiers (8301),HaT,Spanish,1806,1809,39,0.008724666822742812,True
1453,HaT 1806 Prussian Hussars (8195),HaT,German,1806,1806,45,0.008657747636308496,True
194,Italeri Russian Grenadiers (6006),Italeri,Russian,1806,1807,44,0.00864995273701717,True
3087,Strelets British Light Infantry Standing Shoulder Arms (297),Strelets,British,1806,1815,47,0.008637970552492626,True
3086,Strelets British Light Infantry Standing Order Arms (296),Strelets,British,1806,1815,45,0.008637970552492626,True
3062,Strelets British Light Infantry on the March (294),Strelets,British,1806,1815,44,0.008637970552492626,True
3088,Strelets British Light Infantry Firing Line (299),Strelets,British,1806,1815,43,0.008637970552492626,True
3089,Strelets British Light Infantry in Square (300),Strelets,British,1806,1815,43,0.008637970552492626,True
3063,Strelets British Light Infantry in Attack (295),Strelets,British,1806,1815,41,0.008637970552492626,True
223,LW Wellington's Generals (0),LW,British,1806,1815,34,0.008637970552492626,True
1469,HaT French Light Infantry Chasseurs (Marching) (8219),HaT,French,1806,1812,49,0.008614570542781438,True
1809,HaT French Light Infantry Chasseurs (Command) (8252),HaT,French,1806,1812,49,0.008614570542781438,True
2787,Strelets French Infantry Summer Order Arms (222),Strelets,French,1806,1814,49,0.008614570542781438,True
201,Italeri Napoleonic Wars Accessories (6017),Italeri,French,1806,1815,43,0.008614570542781438,True
2693,Strelets French Line Infantry at Ease (225),Strelets,French,1806,1815,43,0.008614570542781438,True
191,Italeri French Infantry (6002),Italeri,French,1806,1813,40,0.008614570542781438,True
2620,Strelets French Line Infantry on the March 1 (173),Strelets,French,1806,1815,38,0.008614570542781438,True
2671,HaT Napoleonic French in Greatcoats (8234),HaT,French,1806,1815,38,0.008614570542781438,True
102,Esci French Line Infantry (227),Esci,French,1806,1813,36,0.008614570542781438,True
2688,Strelets French Line Infantry on the March 2 (220),Strelets,French,1806,1815,36,0.008614570542781438,True
1703,Preiser Refugees (72531),Preiser,Belgian,1939,1945,42,0.008492775493161592,True
2592,Linear-A Hannibal Crosses the Alps Set 1 (011),Linear-A,Spanish,-200,-200,43,0.008292486488502624,False
1476,HaT Swedish Artillery (8231),HaT,Swedish,1807,1813,42,0.00800555874251516,False
2534,Strelets Polish Infantry on the March (142),Strelets,Polish,1807,1815,48,0.007937887884105944,False
2035,Strelets Polish Troops in Attack (144),Strelets,Polish,1807,1814,46,0.007937887884105944,True
325,Waterloo 1815 Polish Infantry 1812/14 (008),Waterloo 1815,Polish,1807,1814,44,0.007937887884105944,True
320,Strelets Polish Infantry & French Engineers (003),Strelets,French,1807,1815,40,0.007937887884105944,True
391,HYTTY Napoleonic Polish Infantry (2001),HYTTY,Polish,1807,1814,31,0.007937887884105944,True
2270,HaT Napoleonic Spanish Line Infantry (8302),HaT,Spanish,1807,1809,39,0.0077322527218949754,True
2528,Strelets Prussian Hussars (155),Strelets,German,1807,1815,46,0.007665333535460658,True
1330,Waterloo 1815 Prussian Death's Head Hussars (032),Waterloo 1815,German,1807,1815,41,0.007665333535460658,True
1595,Zvezda French Cuirassiers 1807-1815 (8037),Zvezda,French,1807,1815,48,0.0076221564419336005,True
965,Zvezda French Foot Artillery (8028),Zvezda,French,1807,1813,46,0.0076221564419336005,True
982,HaT French Limber (8105),HaT,French,1807,1813,44,0.0076221564419336005,True
202,Italeri French Line/Guard Artillery (6018),Italeri,French,1807,1813,43,0.0076221564419336005,True
1299,Odemars French Infantry for Hougoumont (PF19),Odemars,French,1807,1811,30,0.0076221564419336005,True
1753,HaT Austrian Landwehr (8233),HaT,Austrian,1808,1815,43,0.006641678710884476,True
1462,HaT Austrian Grenzers (8204),HaT,Austrian,1808,1815,42,0.006641678710884476,True
534,HaT Austrian Line Infantry (8027),HaT,Austrian,1809,1815,40,0.0061235169549498465,True
1313,GerMan Bergisel 1809 (0030),GerMan,Austrian,1809,1810,36,0.0061235169549498465,True
1301,HaT Napoleonic Swedish Cavalry (8178),HaT,Swedish,1808,1814,39,0.00606724995179673,False
847,LW Portugal Artillery (2004),LW,Portuguese,1810,1814,37,0.005942206589467957,False
804,Odemars Portuguese Infantry (CF02),Odemars,Portuguese,1810,1813,26,0.005942206589467957,True
1342,Emhar Spanish Infantry (7215),Emhar,Spanish,1808,1810,47,0.005793943931176547,False
1078,HaT Spanish Guerillas (8116),HaT,Spanish,1808,1814,43,0.005793943931176547,False
1455,HaT Napoleonic Prussian Hussars (8197),HaT,German,1808,1815,46,0.005727024744742229,True
2677,Strelets Prussian Infantry Standing Shoulder Arms (180),Strelets,German,1808,1815,46,0.005727024744742229,True
2751,Strelets Prussian Uhlans (228),Strelets,German,1808,1815,46,0.005727024744742229,True
2752,Strelets Prussian Dragoons (229),Strelets,German,1808,1815,44,0.005727024744742229,True
155,HaT Prussian Reserve Infantry (8052),HaT,German,1808,1815,43,0.005727024744742229,True
128,HaT Prussian Artillery (8007),HaT,German,1808,1815,35,0.005727024744742229,True
1094,Italeri Prussian Light Cavalry (6081),Italeri,German,1808,1815,32,0.005727024744742229,True
591,Italeri British and Prussian Allied General Staff (6065),Italeri,British,1808,1815,30,0.005727024744742229,True
1642,Strelets Russian Dragoons in Winter Dress (067),Strelets,Russian,1808,1814,42,0.005719229845450905,True
1340,Emhar British Infantry (7214),Emhar,British,1808,1814,48,0.00570724766092636,True
1484,Strelets Highlanders' Firing Line (279),Strelets,British,1808,1815,48,0.00570724766092636,True
1448,HaT Peninsular War British Infantry (8186),HaT,British,1808,1814,46,0.00570724766092636,True
193,Italeri Highlander Infantry (6004),Italeri,British,1808,1815,44,0.00570724766092636,True
2316,HaT Napoleonic British Heavy Dragoons (8308),HaT,British,1808,1813,32,0.00570724766092636,True
575,Airfix Waterloo Highland Infantry (01735),Airfix,British,1808,1815,30,0.00570724766092636,True
803,Odemars Wellington's Staff (PF14),Odemars,British,1808,1815,29,0.00570724766092636,True
767,HaT 1808-1812 French Line Infantry (8095),HaT,French,1808,1813,46,0.005683847651215172,True
1470,HaT 1808-1812 French Light Infantry Carabiniers (8220),HaT,French,1808,1812,46,0.005683847651215172,True
1808,HaT French Light Infantry Chasseurs (Action) (8251),HaT,French,1808,1812,45,0.005683847651215172,True
419,Airfix Waterloo French Imperial Guard (01749),Airfix,French,1808,1815,44,0.005683847651215172,True
389,HaT French Line Chasseurs (8029),HaT,French,1808,1814,39,0.005683847651215172,True
1341,Emhar French Infantry (7216),Emhar,French,1808,1814,38,0.005683847651215172,True
882,Zvezda Saxon Cuirassiers (8035),Zvezda,German,1810,1814,44,0.005638164438681285,True
729,Strelets Saxon Garde du Corps (022),Strelets,German,1810,1812,41,0.005638164438681285,True
142,HaT Dutch Belgian Light Dragoons (8032),HaT,Belgian,1814,1815,42,0.0055228661726487,False
601,HaT Waterloo Netherlands Militia and Belgian Infantry (8096),HaT,Belgian,1815,1815,39,0.0055228661726487,True
326,Waterloo 1815 Dutch Belgian Artillery 1815 (009),Waterloo 1815,Belgian,1815,1815,37,0.0055228661726487,True
820,A Call To Arms Netherlands Infantry 1815 (66),A Call To Arms,Belgian,1815,1815,32,0.0055228661726487,True
1717,Zvezda Lifeguard Polish Uhlans (8075),Zvezda,French,1809,1815,47,0.005481417337452885,True
94,Esci 'Polish Lancers' French Cavalry (218),Esci,French,1809,1815,33,0.005481417337452885,True
156,HaT Prussian Jäger and Volunteer Jäger (8053),HaT,German,1809,1815,41,0.0052088629888076,True
2345,Strelets Russian Jaegers in Summer Dress (288),Strelets,Russian,1809,1814,48,0.005201068089516275,True
2965,Strelets Russian Jaegers in Winter Dress (289),Strelets,Russian,1809,1815,44,0.005201068089516275,True
2770,Linear-A Napoleonic French Cavalry Disaster (027),Linear-A,British,1809,1815,45,0.00518908590499173,True
1226,HaT French Middle Guard: Fusilier Grenadiers (8167),HaT,French,1809,1815,43,0.005165685895280542,True
1605,Tragik Dead French Infantry 1809/15 (1),Tragik,French,1809,1815,41,0.005165685895280542,True
1295,Strelets Napoleonic French Uhlans in Winter Dress (101),Strelets,French,1809,1815,39,0.005165685895280542,True
2521,Strelets Indian Troops (M119),Strelets,Indian,1939,1945,39,0.00481571571558004,False
706,HaT Napoleonic Swedish Infantry (8091),HaT,Swedish,1810,1813,38,0.004693769605070459,True
1870,HaT Prussian Infantry Marching (8253),HaT,German,1810,1815,50,0.004353544398015958,True
1872,HaT Prussian Infantry Command (8255),HaT,German,1810,1815,49,0.004353544398015958,True
1871,HaT Prussian Infantry Action (8254),HaT,German,1810,1815,46,0.004353544398015958,True
2700,Strelets Prussian Line Infantry Standing Order Arms (211),Strelets,German,1810,1815,45,0.004353544398015958,True
1213,Waterloo 1815 Prussian Infantry 1815 (020),Waterloo 1815,German,1810,1815,40,0.004353544398015958,True
886,Italeri Prussian Infantry (6067),Italeri,German,1810,1815,31,0.004353544398015958,True
95,Esci British and French Artillery (219),Esci,British,1810,1815,37,0.004333767314200089,True
2219,Strelets WWII Union of South Africa (M103),Strelets,South African,1940,1941,39,0.004325585784932999,False
2436,Waterloo 1815 French Line Lancers (054),Waterloo 1815,French,1811,1815,47,0.004310367304488901,True
192,Italeri Carabiniers (6003),Italeri,French,1810,1815,46,0.004310367304488901,True
3077,Linear-A French Engineers (Set 2) (148),Linear-A,French,1810,1813,46,0.004310367304488901,True
14,A Call To Arms French Carabiniers 1815 (53),A Call To Arms,French,1810,1815,38,0.004310367304488901,True
107,Esci French Artillery (234),Esci,French,1810,1815,37,0.004310367304488901,True
1569,Strelets French Uhlans in Summer Uniform (102),Strelets,French,1810,1815,37,0.004310367304488901,True
131,HaT French Lancers (8011),HaT,French,1811,1815,33,0.004310367304488901,True
494,HaT Waterloo Dutch Infantry (8025),HaT,Dutch,1815,1815,39,0.004142641284741828,False
896,Odemars Bosnian Infantry (PF11),Odemars,Bosnian,1941,1945,39,0.003982556150986692,False
3033,Orion Hungarian Tank Crew WW2 (72069),Orion,Hungarian,1939,1945,49,0.0037593470519465097,False
2959,Orion Polish Tank Crew WW2 (72065),Orion,Polish,1939,1939,46,0.003668900102118796,True
2675,First To Fight Polish Motorised Artillery Crew (PL1939-057),First To Fight,Polish,1939,1939,44,0.003668900102118796,True
1427,HaT Polish Artillery Crew (8157),HaT,Polish,1939,1940,43,0.003668900102118796,False
1505,First To Fight Polish Command (PL1939-023),First To Fight,Polish,1939,1939,43,0.003668900102118796,True
2240,First To Fight Bofors 37 mm wz. 36 Polish AT Gun (PL1939-025),First To Fight,Polish,1939,1939,43,0.003668900102118796,True
702,First To Fight Polish Infantry Support Weapons (PL1939-027),First To Fight,Polish,1939,1939,41,0.003668900102118796,True
2532,First To Fight 37mm Anti-Tank Gun with Uhlan Crew (PL1939-069),First To Fight,Polish,1939,1939,41,0.003668900102118796,True
2662,First To Fight Polish Artillery (PL1939-055),First To Fight,Polish,1939,1939,37,0.003668900102118796,True
2711,First To Fight Polish Uhlans on Horses 1939 (PL1939-071),First To Fight,Polish,1939,1939,37,0.003668900102118796,True
2729,First To Fight Polish Uhlans Command on Horses 1939 (PL1939-072),First To Fight,Polish,1939,1939,35,0.003668900102118796,True
2689,First To Fight Polish Uhlan Command Dismounted (PL1939-067),First To Fight,Polish,1939,1939,31,0.003668900102118796,True
2867,First To Fight Polish Horse Artillery (PL1939-084),First To Fight,Polish,1939,1939,31,0.003668900102118796,True
919,HaT WWII Romanian Infantry (8118),HaT,Romanian,1939,1945,40,0.0036297065816503714,False
2580,Strelets WWII Indian Infantry Heavy Weapons (M129),Strelets,Indian,1939,1945,44,0.0036085369626675584,True
681,Hasegawa WWII Pilot Figure Set (35008),Hasegawa,British,1939,1945,33,0.0035373809058522627,True
2344,Strelets WWII Early American Soldiers (M105),Strelets,USA,1939,1942,38,0.0034748634807542913,True
1730,Italeri Anti Tank Teams (6131),Italeri,British,1939,1945,36,0.0034748634807542913,True
1682,Preiser German Field Howitzer (16514),Preiser,German,1939,1945,50,0.003396345753473511,True
1706,Preiser German Troops Lined Up with Mortar (72536),Preiser,German,1939,1945,50,0.003396345753473511,True
1959,Preiser Field Kitchen (16594),Preiser,German,1939,1945,50,0.003396345753473511,True
1960,Preiser Bicycle Unit Cycling and Walking (16596),Preiser,German,1939,1945,50,0.003396345753473511,True
1961,Preiser German Standing Draught Horses (16597),Preiser,German,1939,1945,50,0.003396345753473511,True
2359,Plastic Soldier German PaK 38 Anti Tank Gun (WW2G20003),Plastic Soldier,German,1939,1945,50,0.003396345753473511,True
2496,Panzer vs Tanks German U-Boat Crew Set 2 (013),Panzer vs Tanks,German,1939,1945,50,0.003396345753473511,True
1681,Preiser German Horse-Drawn Supply Wagon (16512),Preiser,German,1939,1945,49,0.003396345753473511,True
1685,"Preiser General, Runner and Radio Operators (16536)",Preiser,German,1939,1945,49,0.003396345753473511,True
1697,Preiser German Mortar and Crew (72517),Preiser,German,1939,1945,49,0.003396345753473511,True
1705,Preiser German Riflemen Lined Up (72533),Preiser,German,1939,1945,49,0.003396345753473511,True
1945,Preiser German Zundapp Motorcycles and Riders At Attention (16571),Preiser,German,1939,1945,49,0.003396345753473511,True
1949,Preiser German Small Arms Ammunition Carts (16576),Preiser,German,1939,1945,49,0.003396345753473511,True
1977,Caesar WWII German Panzer Crews (HB03),Caesar,German,1939,1945,49,0.003396345753473511,True
2263,Orion German WWII Panzer Soldiers (Basic Set 1) (72045),Orion,German,1939,1945,49,0.003396345753473511,True
2466,Plastic Soldier German Stowage and Tank Commanders (WW2V20021),Plastic Soldier,German,1939,1945,49,0.003396345753473511,True
2529,Valiant German 81mm Mortar and Tripod MG42 (FT002),Valiant,German,1939,1945,49,0.003396345753473511,True
1508,Italeri German Motorcycles (6121),Italeri,German,1939,1945,48,0.003396345753473511,True
1688,Preiser German Trench Mortar Crew (16540),Preiser,German,1939,1945,48,0.003396345753473511,True
1691,Preiser Horse and Hand-Drawn Infantry Carts (16547),Preiser,German,1939,1945,48,0.003396345753473511,True
2150,Caesar WWII German Anti-aircraft Crews (H089),Caesar,German,1939,1945,48,0.003396345753473511,True
2462,Caesar German Infantry Tank Riders Winter Set 2 (H079),Caesar,German,1939,1945,48,0.003396345753473511,True
2468,Preiser German Zundapp Motorcycles with Riders (72538),Preiser,German,1939,1945,48,0.003396345753473511,True
2830,Orion German Panzer Soldiers 1939-40 (72058),Orion,German,1939,1940,48,0.003396345753473511,True
520,Odemars German Commanders (PF05),Odemars,German,1939,1945,47,0.003396345753473511,True
1066,Preiser German Armoured Infantry (16504),Preiser,German,1939,1945,47,0.003396345753473511,True
1377,Caesar German Army (H037),Caesar,German,1939,1945,47,0.003396345753473511,True
1499,Orion German WWII Panzer Soldiers Basic Set 2 (72047),Orion,German,1939,1945,47,0.003396345753473511,True
1966,Preiser German Infantry Attacking in Winter Uniform (16604),Preiser,German,1939,1945,47,0.003396345753473511,True
2148,Caesar WWII German Artillery/Howitzer Crews (H084),Caesar,German,1939,1945,47,0.003396345753473511,True
792,Revell WWII German Navy (02525),Revell,German,1939,1945,46,0.003396345753473511,True
1704,Preiser German Military Police (72532),Preiser,German,1939,1945,46,0.003396345753473511,True
1807,Caesar WWII German Paratroopers (H068),Caesar,German,1939,1945,46,0.003396345753473511,True
1957,Preiser Riflemen in Winter Uniform with Carts (16592),Preiser,German,1939,1945,46,0.003396345753473511,True
2296,Caesar German Soldiers with Tank Riders (H077),Caesar,German,1939,1945,46,0.003396345753473511,True
1733,Italeri German Paratroops (Tropical Uniform) (6134),Italeri,German,1939,1945,45,0.003396345753473511,True
1965,Toxso 10.5 cm s.K.18 (1407),Toxso,German,1939,1945,45,0.003396345753473511,True
2045,Waterloo 1815 WWII German Cavalry (Set 1) (025),Waterloo 1815,German,1939,1945,45,0.003396345753473511,True
2095,HaT WW2 German Bicycle Infantry (8277),HaT,German,1939,1945,45,0.003396345753473511,True
2147,Caesar WWII German Infantry in Smocks - Winter (H083),Caesar,German,1939,1945,45,0.003396345753473511,True
2426,Valiant German Paratroop Heavy Weapons (VM010),Valiant,German,1939,1945,45,0.003396345753473511,True
2469,Preiser Zundapp Motorcycles with Crews Pushing (72539),Preiser,German,1939,1945,45,0.003396345753473511,True
2593,Caesar WWII German Winter Unit with Pak 36 / Servants (H097),Caesar,German,1939,1945,45,0.003396345753473511,True
1053,Preiser German Panzergrenadiers Advancing (72527),Preiser,German,1939,1945,44,0.003396345753473511,True
1354,Caesar German Army Combat Team One (HB06),Caesar,German,1939,1945,44,0.003396345753473511,True
1602,Caesar German Mountain Troops (H067),Caesar,German,1939,1945,44,0.003396345753473511,True
2033,Caesar WWII German Sd.Kfz.2 Kettenkrad & Raketenwerfer 43 (H096),Caesar,German,1939,1945,44,0.003396345753473511,True
293,Revell German Armoured Infantry (02511),Revell,German,1939,1944,43,0.003396345753473511,True
526,Airfix German Mountain Troops (01752),Airfix,German,1939,1945,43,0.003396345753473511,True
1355,Caesar German Army Combat Team Two (HB07),Caesar,German,1939,1945,43,0.003396345753473511,True
1356,Caesar German Army Sturmpioniere (HB08),Caesar,German,1939,1945,43,0.003396345753473511,True
2032,Caesar WWII German Command Staff with Kübelwagen (H095),Caesar,German,1939,1945,43,0.003396345753473511,True
49,Airfix German Paratroops (01753),Airfix,German,1939,1945,42,0.003396345753473511,True
555,Revell German Engineers (02508),Revell,German,1939,1945,42,0.003396345753473511,True
1022,Orion German Paratroopers (72018),Orion,German,1939,1945,42,0.003396345753473511,True
2149,Caesar WWII German Panzer Unit in Combat (H085),Caesar,German,1939,1945,42,0.003396345753473511,True
2188,First To Fight German Infantry Support Weapons (PL1939-020),First To Fight,German,1939,1940,41,0.003396345753473511,True
2280,Valiant German le FH 18 Howitzer and Crew (VM007),Valiant,German,1939,1945,41,0.003396345753473511,True
26,Airfix German Infantry (01705),Airfix,German,1939,1942,40,0.003396345753473511,True
1827,Caesar WWII German Army with Field Greatcoat (H069),Caesar,German,1939,1945,40,0.003396345753473511,True
2139,First To Fight Pak 36 German Antitank Gun (PL1939-022),First To Fight,German,1939,1939,40,0.003396345753473511,True
3103,Mars German MG Team (72147),Mars,German,1939,1945,40,0.003396345753473511,True
787,"Preiser German Paratroopers, Pilots and Ground Crew (72516)",Preiser,German,1939,1945,39,0.003396345753473511,True
1946,First To Fight German Command (PL1939-018),First To Fight,German,1939,1940,39,0.003396345753473511,True
2286,Armourfast leFH18 105mm Howitzer (89001),Armourfast,German,1939,1945,39,0.003396345753473511,True
2846,Mars German Panzer Crew in Combat (72122),Mars,German,1939,1945,39,0.003396345753473511,True
289,Revell German Paratroopers (02500),Revell,German,1939,1945,38,0.003396345753473511,True
1422,HaT German PaK 36 Anti-tank Gun (8149),HaT,German,1939,1945,38,0.003396345753473511,True
2464,First To Fight German Infantry 1939 (PL1939-016),First To Fight,German,1939,1940,38,0.003396345753473511,True
2497,Orion German Anti-Resistance Troops (72054),Orion,German,1939,1945,38,0.003396345753473511,True
2156,Hasegawa 88mm Gun Flak 18 (31110),Hasegawa,German,1939,1945,36,0.003396345753473511,True
2663,First To Fight German Artillery (PL1939-056),First To Fight,German,1939,1941,36,0.003396345753473511,True
756,Hasegawa German Infantry Attack Group (31130),Hasegawa,German,1939,1945,35,0.003396345753473511,True
2541,Mars German Naval Troops (72112),Mars,German,1939,1945,35,0.003396345753473511,True
1649,Fujimi German Anti-tank 88mm Flak 18 (76026),Fujimi,German,1939,1945,26,0.003396345753473511,True
950,Fujimi German Infantry (76025),Fujimi,German,1939,1945,25,0.003396345753473511,True
75,Atlantic German Infantry (81),Atlantic,German,1939,1943,23,0.003396345753473511,True
54,Airfix German Infantry (1705),Airfix,German,1939,1945,22,0.003396345753473511,True
852,Fujimi German Infantry with Gasmasks (76028),Fujimi,German,1939,1945,20,0.003396345753473511,True
1405,Pegasus WWII Russian Support Weapons Teams in Greatcoats (7274),Pegasus,Russian,1939,1945,49,0.003388550854182186,True
1410,Pegasus WWII Russian Infantry in Greatcoats (7271),Pegasus,Russian,1939,1945,49,0.003388550854182186,True
1408,Pegasus WWII Russian Mortar Teams in Greatcoats (7273),Pegasus,Russian,1939,1945,48,0.003388550854182186,True
1409,Pegasus WWII Russian Infantry in Winter Dress Set 2 (7272),Pegasus,Russian,1939,1945,48,0.003388550854182186,True
1260,Pegasus Russian Naval Infantry (7270),Pegasus,Russian,1939,1945,47,0.003388550854182186,True
1532,Pegasus WWII Russian Infantry (Summer Dress) (7268),Pegasus,Russian,1939,1945,46,0.003388550854182186,True
1533,Pegasus WWII Russian Infantry (Winter Dress) (7269),Pegasus,Russian,1939,1945,45,0.003388550854182186,True
2431,Orion Soviet Tankmen and Crew (72046),Orion,Russian,1939,1942,45,0.003388550854182186,True
1374,Plastic Soldier Russian 45mm Anti-Tank Gun (WW2G20001),Plastic Soldier,Russian,1939,1945,44,0.003388550854182186,True
1684,Strelets Red Army Winter War (M063),Strelets,Russian,1939,1941,42,0.003388550854182186,True
380,LW Soviet Pilots (23),LW,Russian,1939,1945,41,0.003388550854182186,True
1722,Strelets RKKA Infantry 1939-41 (M031),Strelets,Russian,1939,1941,41,0.003388550854182186,True
2108,Strelets Regular Cavalry RKKA (125),Strelets,Russian,1939,1941,41,0.003388550854182186,True
2931,Mars Soviet Border Guards (72129),Mars,Russian,1939,1945,39,0.003388550854182186,True
2004,Orion Soviet Artillery Crew (72041),Orion,Russian,1939,1945,38,0.003388550854182186,True
1675,Pobeda Russian Army (72310),Pobeda,Russian,1939,1940,37,0.003388550854182186,True
2767,Mars Russian Infantry (72115),Mars,Russian,1939,1945,37,0.003388550854182186,True
32,Airfix Russian Infantry (01717),Airfix,Russian,1939,1945,34,0.003388550854182186,True
1745,HaT British Mortars (8227),HaT,British,1939,1945,47,0.003376568669657642,True
46,Airfix R.A.F. Personnel (01747),Airfix,British,1939,1944,46,0.003376568669657642,True
239,Matchbox British 8th Army (P5005),Matchbox,British,1939,1945,46,0.003376568669657642,True
1746,HaT WW2 British Machine Guns (8228),HaT,British,1939,1945,46,0.003376568669657642,True
1836,HaT WW2 British Tank Riders (8264),HaT,British,1939,1945,46,0.003376568669657642,True
2388,Valiant British 6 pounder Anti-Tank Gun and Crew (VM009),Valiant,British,1939,1945,46,0.003376568669657642,True
29,Airfix 8th Army (01709),Airfix,British,1939,1943,45,0.003376568669657642,True
1710,Revell Pilots and Ground Crew: Royal Air Force (02401),Revell,British,1939,1945,45,0.003376568669657642,True
925,Esci British 25 Pdr Gun (8045),Esci,British,1939,1943,44,0.003376568669657642,True
237,Matchbox British Infantry (P5001),Matchbox,British,1939,1945,42,0.003376568669657642,True
2026,Strelets 6 Inch Mk XIX Cannon (A004),Strelets,British,1939,1945,42,0.003376568669657642,True
722,Esci Eighth Army (8019),Esci,British,1939,1945,41,0.003376568669657642,True
25,Airfix British Infantry (01703),Airfix,British,1939,1945,37,0.003376568669657642,True
647,Almark British Infantry (WD1),Almark,British,1939,1945,31,0.003376568669657642,True
648,Almark British Infantry Weapons (WD2),Almark,British,1939,1945,29,0.003376568669657642,True
841,Fujimi British Infantry (76029),Fujimi,British,1939,1943,26,0.003376568669657642,True
76,Atlantic Royal Fusiliers (83),Atlantic,British,1939,1945,22,0.003376568669657642,True
1378,Caesar WWII French Army (H038),Caesar,French,1939,1940,45,0.0033531686599464535,True
2064,HaT WWII French Artillery Crew (8162),HaT,French,1939,1940,42,0.0033531686599464535,True
1404,Ykreol French Staff 1940 (YK20),Ykreol,French,1939,1940,37,0.0033531686599464535,True
2394,Strelets American Militia in Winter Dress 1812 (M098),Strelets,USA,1812,1815,44,0.003219610508876305,True
2623,Strelets Landwehr on the March (168),Strelets,German,1813,1815,47,0.0031410927815955247,True
2624,Strelets Landwehr Standing at Ease (169),Strelets,German,1813,1815,47,0.0031410927815955247,True
1814,HaT Prussian Landwehr Marching (8309),HaT,German,1813,1815,46,0.0031410927815955247,True
2817,Strelets Prussian 7th Uhlans (161),Strelets,German,1815,1815,45,0.0031410927815955247,True
50,Airfix Prussian Infantry 1815 (01756),Airfix,German,1813,1815,44,0.0031410927815955247,True
2132,Waterloo 1815 Prussian Officers & High Staff 1813-15 (058),Waterloo 1815,German,1813,1815,44,0.0031410927815955247,True
1329,Waterloo 1815 Prussian Hussars (021),Waterloo 1815,German,1813,1815,42,0.0031410927815955247,True
1606,Tragik Dead Prussian Landwehr 1813/15 (2),Tragik,German,1813,1815,42,0.0031410927815955247,True
2455,HaT Prussian Landwehr Action (8310),HaT,German,1813,1815,39,0.0031410927815955247,True
451,HaT Prussian Uhlans (8005),HaT,German,1815,1815,36,0.0031410927815955247,True
2768,Linear-A The Victory of Waterloo (006s),Linear-A,British,1815,1815,35,0.0031410927815955247,True
2703,Strelets Russian Infantry Standing Order Arms (217),Strelets,Russian,1812,1815,49,0.0031332978823042,True
2704,Strelets Russian Infantry in Overcoats Standing Order Arms (219),Strelets,Russian,1812,1815,49,0.0031332978823042,True
548,Zvezda Russian Foot Artillery (8022),Zvezda,Russian,1812,1815,48,0.0031332978823042,True
550,Zvezda Russian Heavy Infantry Grenadiers (8020),Zvezda,Russian,1812,1815,48,0.0031332978823042,True
738,Zvezda Russian Cuirassiers (8026),Zvezda,Russian,1812,1815,48,0.0031332978823042,True
2701,Strelets Russian Infantry on the March 1 (212),Strelets,Russian,1812,1815,46,0.0031332978823042,True
510,Esci Russian Grenadiers (236),Esci,Russian,1812,1815,44,0.0031332978823042,True
1177,Strelets Russian Hussars in Winter Dress (087),Strelets,Russian,1812,1815,44,0.0031332978823042,True
3072,HaT Napoleonic Russian Infantry Command (8352),HaT,Russian,1812,1815,44,0.0031332978823042,True
135,HaT Russian Cuirassiers (8016),HaT,Russian,1812,1815,42,0.0031332978823042,True
627,Strelets Russian Mounted Jägers (018),Strelets,Russian,1813,1815,40,0.0031332978823042,True
3071,HaT Napoleonic Russian Infantry Action (8351),HaT,Russian,1812,1815,40,0.0031332978823042,True
1169,Strelets Russian Grenadiers in Winter Dress (M011),Strelets,Russian,1812,1815,39,0.0031332978823042,True
130,HaT Russian Artillery (8010),HaT,Russian,1812,1815,32,0.0031332978823042,True
1521,Mars Russian Uhlans (72028),Mars,Russian,1812,1815,27,0.0031332978823042,True
2682,Strelets British Infantry Standing Shoulder Arms (202),Strelets,British,1812,1815,48,0.003121315697779656,True
2697,Strelets Highlanders Standing Order Arms (200),Strelets,British,1813,1815,48,0.003121315697779656,True
2533,Strelets Highlanders on the March (140),Strelets,British,1813,1815,47,0.003121315697779656,True
317,Revell British Life Guards (02578),Revell,British,1814,1815,46,0.003121315697779656,True
1370,Strelets British Infantry in Attack (145),Strelets,British,1812,1815,46,0.003121315697779656,True
2435,Waterloo 1815 British Heavy Dragoons (053),Waterloo 1815,British,1812,1815,46,0.003121315697779656,True
2600,Strelets Highlanders Standing at Ease (163),Strelets,British,1813,1815,46,0.003121315697779656,True
190,Italeri Scots Greys (6001),Italeri,British,1812,1815,45,0.003121315697779656,True
2402,Waterloo 1815 Highland Infantry 1815 in Square (039),Waterloo 1815,British,1815,1815,45,0.003121315697779656,True
2585,Strelets British Infantry Standing at Ease (162),Strelets,British,1812,1815,45,0.003121315697779656,True
1241,Italeri British Light Cavalry 1815 (6094),Italeri,British,1812,1815,44,0.003121315697779656,True
527,Revell British Foot Artillery (02577),Revell,British,1812,1815,43,0.003121315697779656,True
532,HaT British Rocket Troops (8003),HaT,British,1813,1815,43,0.003121315697779656,True
105,Esci British Light Dragoons (230),Esci,British,1813,1815,41,0.003121315697779656,True
475,HaT British Heavy Dragoons (8033),HaT,British,1813,1815,41,0.003121315697779656,True
133,HaT KGL Light Dragoons (8014),HaT,British,1812,1815,40,0.003121315697779656,True
2323,Strelets British Line Infantry in Overcoats - 1 (M094),Strelets,British,1812,1815,40,0.003121315697779656,True
543,Airfix Waterloo British Cavalry (Hussars) (01743),Airfix,British,1813,1815,37,0.003121315697779656,True
93,Esci 'Scots Greys' British Cavalry (217),Esci,British,1812,1815,36,0.003121315697779656,True
2741,Linear-A Waterloo After the Battle British Disaster (005s),Linear-A,British,1815,1815,33,0.003121315697779656,True
1512,Legio French Cuirassiers (P-720001),Legio,French,1812,1815,49,0.0030979156880684674,True
1174,Strelets French Cuirassiers in Winter Dress (089),Strelets,French,1812,1815,47,0.0030979156880684674,True
1672,Waterloo 1815 French Line Infantry 1815 (056),Waterloo 1815,French,1812,1815,46,0.0030979156880684674,True
2131,Waterloo 1815 1815 French Line Infantry Fusiliers Marching (061),Waterloo 1815,French,1812,1815,46,0.0030979156880684674,True
632,HaT French Light Infantry (8042),HaT,French,1812,1815,44,0.0030979156880684674,True
887,Italeri French Infantry (6066),Italeri,French,1812,1815,43,0.0030979156880684674,True
2090,HaT Napoleonic French Command (8297),HaT,French,1812,1815,43,0.0030979156880684674,True
108,Esci French Cuirassiers (235),Esci,French,1812,1815,42,0.0030979156880684674,True
2670,Strelets French Line Infantry Standing at Attention (184),Strelets,French,1812,1815,42,0.0030979156880684674,True
368,HaT Napoleonic French Line Horse Artillery (8039),HaT,French,1813,1815,41,0.0030979156880684674,True
570,HaT French Line Fusiliers (8041),HaT,French,1813,1815,41,0.0030979156880684674,True
19,A Call To Arms French Infantry 1815 (58),A Call To Arms,French,1812,1815,40,0.0030979156880684674,True
2087,HaT Napoleonic 1815 French Marching (8294),HaT,French,1812,1815,39,0.0030979156880684674,True
2130,Waterloo 1815 French Line Voltigeurs at Waterloo (062),Waterloo 1815,French,1812,1815,39,0.0030979156880684674,True
2736,Linear-A Waterloo After the Battle French Disaster (004s),Linear-A,French,1815,1815,39,0.0030979156880684674,True
624,HaT French Young Guard (8034),HaT,French,1813,1815,38,0.0030979156880684674,True
442,Airfix Waterloo French Artillery (01737),Airfix,French,1813,1815,30,0.0030979156880684674,True
44,Airfix Waterloo French Infantry (01744),Airfix,French,1812,1815,27,0.0030979156880684674,True
1596,Zvezda Russian Guard Heavy Artillery (8045),Zvezda,Russian,1812,1814,50,0.0025073752066792116,True
1597,Zvezda Russian Hussars (8055),Zvezda,Russian,1812,1814,49,0.0025073752066792116,True
769,HaT Russian Militia (8099),HaT,Russian,1812,1814,37,0.0025073752066792116,True
1522,Mars Russian Dragoons (72029),Mars,Russian,1812,1814,31,0.0025073752066792116,True
1217,Strelets Guides of Napoleon (095),Strelets,French,1813,1814,38,0.002471993012443479,True
828,Odemars Spanish Infantry (CF01),Odemars,Spanish,1812,1813,39,0.002329301388881933,True
463,Atlantic Indian Brigade (86),Atlantic,Indian,1940,1945,24,0.002307853770508689,True
1180,Strelets Borodino (084),Strelets,French,1812,1812,45,0.0022545873031562906,True
2427,Strelets Russian Army Sledge Train 1 (135),Strelets,Russian,1812,1813,44,0.0022545873031562906,True
2845,Orion Japanese Tank Crew WW2 (72067),Orion,Japanese,1940,1945,45,0.002236697713693393,True
1578,Strelets French Infantry on the March (1) (M023),Strelets,French,1812,1812,38,0.002219205108920558,True
1842,Strelets French Army Sledge Train 1 (133),Strelets,French,1812,1813,35,0.002219205108920558,True
1731,Strelets French Army Sledge Train 2 (134),Strelets,French,1812,1813,34,0.002219205108920558,True
1581,Strelets French Infantry in Advance (M026),Strelets,French,1812,1812,26,0.002219205108920558,True
47,Airfix U.S.A.F. Personnel (01748),Airfix,USA,1940,1945,48,0.002174180288595422,True
3064,Strelets Early WWII Infantry in Defence (M162),Strelets,USA,1940,1942,40,0.002174180288595422,True
2594,Caesar WWII German Fallschirmjager Heavy Weapons (H098),Caesar,German,1940,1945,50,0.0020956625613146413,True
363,Airfix Afrika Korps (01711),Airfix,German,1940,1943,48,0.0020956625613146413,True
609,Pegasus German Waffen SS (7201),Pegasus,German,1940,1945,48,0.0020956625613146413,True
2212,Valiant German Paratroops (VM006),Valiant,German,1940,1945,45,0.0020956625613146413,True
361,Esci Afrika Corps Soldiers (206),Esci,German,1940,1943,44,0.0020956625613146413,True
768,Armourfast WWII German BMW with Sidecar (99010),Armourfast,German,1940,1945,44,0.0020956625613146413,True
360,Revell Africa Corps (02513),Revell,German,1940,1943,43,0.0020956625613146413,True
2925,Plastic Soldier German Afrika Korps MG34 Tripod Teams (UMOS010),Plastic Soldier,German,1940,1943,41,0.0020956625613146413,True
2926,Plastic Soldier German Afrika Korps 81 mm Mortars (UMOS011),Plastic Soldier,German,1940,1943,41,0.0020956625613146413,True
902,Italeri German Elite Troops (6068),Italeri,German,1940,1945,40,0.0020956625613146413,True
111,Esci German Paratroopers 'Green Devils' (244),Esci,German,1940,1945,38,0.0020956625613146413,True
369,Atlantic German Afrikakorps (88),Atlantic,German,1940,1943,35,0.0020956625613146413,True
362,Airfix Afrika Korps (1711),Airfix,German,1940,1943,28,0.0020956625613146413,True
2910,LW German 20 mm Flak-38 with Crew (2025b),LW,German,1940,1945,27,0.0020956625613146413,True
1835,HaT WW2 Russian Tank Riders (8263),HaT,Russian,1940,1944,45,0.0020878676620233166,True
292,Revell Soviet Infantry (02510),Revell,Russian,1940,1945,44,0.0020878676620233166,True
77,Atlantic Red Army (84),Atlantic,Russian,1940,1945,26,0.0020878676620233166,True
90,Esci British 8th Army Soldiers (207),Esci,British,1940,1943,47,0.0020758854774987727,True
294,"Revell Scottish Infantry, 8th Army (02512)",Revell,British,1940,1943,46,0.0020758854774987727,True
1889,Caesar WWII British Commandos (H073),Caesar,British,1940,1945,46,0.0020758854774987727,True
2794,Strelets Long Range Patrol at Rest (M143),Strelets,British,1940,1943,46,0.0020758854774987727,True
2923,Plastic Soldier British Eighth Army Vickers MMGs (UMOS012),Plastic Soldier,British,1940,1943,45,0.0020758854774987727,True
2924,Plastic Soldier British Eighth Army 3 Inch Mortar (UMOS009),Plastic Soldier,British,1940,1943,44,0.0020758854774987727,True
2839,Plastic Soldier British Eighth Army Platoon (UMOS002),Plastic Soldier,British,1940,1944,43,0.0020758854774987727,True
416,Esci British Paratroopers (208),Esci,British,1940,1945,42,0.0020758854774987727,True
423,Matchbox British Commandos (P5006),Matchbox,British,1940,1943,42,0.0020758854774987727,True
386,Airfix Commandos (1732),Airfix,British,1940,1945,40,0.0020758854774987727,True
433,Esci British Commandos (210),Esci,British,1940,1945,39,0.0020758854774987727,True
754,Esci 'Red Devils' British Paratroopers (8034),Esci,British,1940,1945,37,0.0020758854774987727,True
2806,Strelets Long Range Desert Group (M144),Strelets,British,1940,1943,37,0.0020758854774987727,True
914,Hegemony Long Range Desert Group (HG001),Hegemony,British,1940,1945,33,0.0020758854774987727,True
385,Airfix Commandos (01732),Airfix,British,1940,1945,30,0.0020758854774987727,True
418,Airfix British Paratroops (01723),Airfix,British,1940,1945,27,0.0020758854774987727,True
55,Airfix 8th Army (1709),Airfix,British,1940,1943,25,0.0020758854774987727,True
1538,Pegasus WWII French Infantry (7306),Pegasus,French,1940,1940,48,0.002052485467787584,True
2224,Strelets French Foreign Legion Heavy Weapons Squad (M152),Strelets,French,1940,1943,39,0.002052485467787584,False
1594,Waterloo 1815 Italian 149/40 Artillery (024),Waterloo 1815,Italian,1940,1945,47,0.0020162281780181954,True
2433,Waterloo 1815 WWII Italian Infantry (Campaign Dress) (040),Waterloo 1815,Italian,1940,1943,47,0.0020162281780181954,True
91,Esci Italian Mountain Troops (211),Esci,Italian,1940,1943,46,0.0020162281780181954,True
1509,Italeri Italian 90/53 Gun with Crew (6122),Italeri,Italian,1940,1945,46,0.0020162281780181954,True
2049,"Waterloo 1815 Italian Tank, Vehicle and Artillery Crews (037)",Waterloo 1815,Italian,1940,1943,46,0.0020162281780181954,True
1592,Waterloo 1815 Italian Infantry Support Group (034),Waterloo 1815,Italian,1940,1944,45,0.0020162281780181954,True
2123,Caesar WWII Italian Paratroopers (H075),Caesar,Italian,1940,1943,45,0.0020162281780181954,True
1888,Caesar WWII Italian Infantry (H072),Caesar,Italian,1940,1943,44,0.0020162281780181954,True
2434,Waterloo 1815 Royal Italian Air Force Pilots and Crew (055),Waterloo 1815,Italian,1940,1943,44,0.0020162281780181954,True
1916,Waterloo 1815 Italian Cavalry (001),Waterloo 1815,Italian,1940,1945,43,0.0020162281780181954,True
51,Airfix Italian Infantry (01757),Airfix,Italian,1940,1943,42,0.0020162281780181954,True
324,Waterloo 1815 Italian Infantry (at El Alamein) (006),Waterloo 1815,Italian,1940,1943,42,0.0020162281780181954,True
512,Waterloo 1815 Folgore Division Light Artillery (004),Waterloo 1815,Italian,1940,1945,42,0.0020162281780181954,True
1425,Strelets Italian Infantry in Defence (M153),Strelets,Italian,1940,1943,37,0.0020162281780181954,True
3101,Mars Italian Paratroopers (72145),Mars,Italian,1940,1945,34,0.0020162281780181954,True
1927,Strelets Romanian Infantry (M061),Strelets,Romanian,1941,1945,39,0.0011227577507058675,True
2572,Ultima Ratio Imperial Japanese Army Paratroopers (UR005),Ultima Ratio,Japanese,1941,1945,42,0.0010304320749077586,True
2544,Strelets IJA Paratroopers (M120),Strelets,Japanese,1941,1945,40,0.0010304320749077586,True
2672,Mars Imperial Japanese Paratroopers (72109),Mars,Japanese,1941,1945,32,0.0010304320749077586,True
1940,Waterloo 1815 American 75mm Mountain Gun (038),Waterloo 1815,USA,1941,1945,48,0.0009679146498097873,True
1837,HaT WW2 American Tank Riders (8265),HaT,USA,1941,1945,47,0.0009679146498097873,True
1732,Italeri US Infantry (Winter Uniform) (6133),Italeri,USA,1941,1945,45,0.0009679146498097873,True
86,Esci U.S. Soldiers (202),Esci,USA,1941,1945,43,0.0009679146498097873,True
352,Matchbox American Infantry (P5002),Matchbox,USA,1941,1945,43,0.0009679146498097873,True
1385,Caesar WWII US Army (Set 1) (H054),Caesar,USA,1941,1945,42,0.0009679146498097873,True
2929,Plastic Soldier US Marine Corps Support Weapons (UMOS008),Plastic Soldier,USA,1941,1945,40,0.0009679146498097873,True
704,Hasegawa U.S. Infantry Combat Team (31129),Hasegawa,USA,1941,1945,39,0.0009679146498097873,True
2140,Strelets Early WWII American Soldiers 2 (M113),Strelets,USA,1941,1943,37,0.0009679146498097873,True
3011,Strelets Early WWII US Infantry in Combat (M159),Strelets,USA,1941,1942,36,0.0009679146498097873,True
928,Fujimi US Army Infantry (76027),Fujimi,USA,1941,1945,31,0.0009679146498097873,True
355,Airfix US Marines (1716),Airfix,USA,1941,1945,24,0.0009679146498097873,True
2158,Hasegawa U.S. Jeep Willys M.B. Cargo 37mm Gun (31101),Hasegawa,USA,1941,1945,22,0.0009679146498097873,True
913,Mars German Don Cossacks (72113),Mars,Russian,1941,1945,39,0.0009279533434422485,True
2060,Ultima Ratio WWII Soviet & Polish Infantry (UR003),Ultima Ratio,Polish,1943,1945,41,0.0009060767417349148,False
2391,Strelets Polish Peoples Army (M095),Strelets,Polish,1943,1945,41,0.0009060767417349148,True
1951,Preiser German Prisoners of War (16578),Preiser,German,1941,1945,49,0.0008893969225290068,True
290,Revell German Infantry (02502),Revell,German,1941,1945,47,0.0008893969225290068,True
1236,Italeri PaK 40 AT Gun with Servants (6096),Italeri,German,1941,1945,47,0.0008893969225290068,True
1886,Caesar WWII German Afrika Korps (H070),Caesar,German,1941,1943,47,0.0008893969225290068,True
2957,Orion German Panzer Soldiers (DAK) (72063),Orion,German,1941,1942,47,0.0008893969225290068,True
683,Armourfast WWII German Mortar Team (99006),Armourfast,German,1941,1945,46,0.0008893969225290068,True
1967,Preiser Soviet & German Infantry Close Combat Winter (16605),Preiser,German,1941,1945,46,0.0008893969225290068,True
2864,Strelets DAK Desert Patrol (M081),Strelets,German,1941,1943,46,0.0008893969225290068,True
797,Caesar German Infantry with Winter Gear (H005),Caesar,German,1941,1945,45,0.0008893969225290068,True
2805,Strelets Africa Corps Mortar Squad (280),Strelets,German,1941,1943,44,0.0008893969225290068,True
1332,Italeri D.A.K. Infantry (6099),Italeri,German,1941,1943,43,0.0008893969225290068,True
2844,Plastic Soldier Afrika Korps Platoon (UMOS003),Plastic Soldier,German,1941,1943,43,0.0008893969225290068,True
370,Matchbox Afrika Corps (P5004),Matchbox,German,1941,1943,42,0.0008893969225290068,True
854,Esci Nebelwerfer 41 (8033),Esci,German,1941,1945,41,0.0008893969225290068,True
2840,Plastic Soldier Waffen-SS Grenadier 81mm Mortars (UMOS004),Plastic Soldier,German,1941,1945,41,0.0008893969225290068,True
3104,Mars German Afrika Korps (72148),Mars,German,1941,1943,41,0.0008893969225290068,True
1423,HaT German PaK 40 Anti-tank Gun (8150),HaT,German,1941,1945,37,0.0008893969225290068,True
1426,HaT German 7.62cm PaK 36(r) (8156),HaT,German,1941,1944,37,0.0008893969225290068,True
2622,Strelets sPzB41 AT Gun with DAK Crew (M158),Strelets,German,1941,1943,37,0.0008893969225290068,True
839,Esci Afrika Korps (8018),Esci,German,1941,1943,36,0.0008893969225290068,True
932,Preiser Soviet Infantrymen on a Tank (72525),Preiser,Russian,1941,1945,49,0.0008816020232376821,True
1718,Zvezda Soviet Infantry Platoon (8077),Zvezda,Russian,1941,1945,49,0.0008816020232376821,True
1855,Plastic Soldier Russian Infantry in Summer Uniform (WW2020001),Plastic Soldier,Russian,1941,1945,49,0.0008816020232376821,True
295,Revell Siberian Riflemen (02516),Revell,Russian,1941,1945,48,0.0008816020232376821,True
1858,Plastic Soldier Russian Infantry Heavy Weapons (WW2020004),Plastic Soldier,Russian,1941,1945,48,0.0008816020232376821,True
1950,Preiser Russian Prisoners of War (16577),Preiser,Russian,1941,1945,48,0.0008816020232376821,True
1065,Preiser Soviet Guards Infantry 1942 (16505),Preiser,Russian,1941,1945,47,0.0008816020232376821,True
1209,Italeri ZiS 3 AT Gun with servants (6097),Italeri,Russian,1941,1945,47,0.0008816020232376821,True
1963,Preiser Soviet Attacking Infantrymen in Winter Uniform (16600),Preiser,Russian,1941,1945,47,0.0008816020232376821,True
935,Preiser Soviet Infantrymen on a Tank (72523),Preiser,Russian,1941,1945,45,0.0008816020232376821,True
1918,Orion Soviet Quad Maxim AA MG and Crew (72037),Orion,Russian,1941,1945,45,0.0008816020232376821,True
2265,Plastic Soldier Russian ZiS 2/3 Gun (WW2G20002),Plastic Soldier,Russian,1941,1945,45,0.0008816020232376821,True
87,Esci Russian Soldiers (203),Esci,Russian,1941,1945,44,0.0008816020232376821,True
1943,Preiser Soviet Marine Light Infantry (16569),Preiser,Russian,1941,1945,44,0.0008816020232376821,True
1919,Orion Soviet DShK AA MG and Crew (72038),Orion,Russian,1941,1945,43,0.0008816020232376821,True
2128,Ultima Ratio WWII Soviet Mountain Troops (UR004),Ultima Ratio,Russian,1941,1945,42,0.0008816020232376821,True
687,Evolution Russian Tank Crew (EVF031),Evolution,Russian,1941,1945,38,0.0008816020232376821,True
2209,Strelets Soviet Partisans in Winter Dress (M084),Strelets,Russian,1941,1945,38,0.0008816020232376821,True
2210,Strelets Soviet Partisans in Summer Dress (M085),Strelets,Russian,1941,1944,38,0.0008816020232376821,True
1844,Plastic Soldier British 6-pdr Anti-Tank Gun and Loyd Carrier Tow (WW2G20004),Plastic Soldier,British,1941,1945,46,0.0008696198387131381,True
2614,Strelets 8th Army Heavy Weapons Squad (M132),Strelets,British,1941,1945,46,0.0008696198387131381,True
84,Esci British Soldiers (200),Esci,British,1941,1945,45,0.0008696198387131381,True
415,Revell British Paratroopers (02509),Revell,British,1941,1945,45,0.0008696198387131381,True
1386,Caesar British Army (H055),Caesar,British,1941,1945,45,0.0008696198387131381,True
2804,Strelets SAS Desert Ambush (M145),Strelets,British,1941,1943,44,0.0008696198387131381,True
2956,Orion Long Range Desert Group (72062),Orion,British,1941,1943,34,0.0008696198387131381,True
1430,HaT Romanian Artillery Crew (8160),HaT,Romanian,1942,1945,45,0.0008668832212664901,True
2538,Strelets French Foreign Legion WWII (187),Strelets,French,1941,1943,45,0.0008462198290019495,True
2360,RedBox WW2 Japanese Kamikaze (72048),RedBox,Japanese,1944,1945,50,0.000774557545468381,True
2547,Strelets Japanese Type 96 with Crew (139),Strelets,Japanese,1943,1945,47,0.000774557545468381,True
2217,Strelets Japanese Imperial Airborne Troops (M104),Strelets,Japanese,1942,1945,42,0.000774557545468381,True
2488,Panzer vs Tanks US Navy Sailors Combat Set 2 (005),Panzer vs Tanks,USA,1942,1945,50,0.0007120401203704099,True
353,Revell US Marines (02506),Revell,USA,1942,1945,47,0.0007120401203704099,True
1887,Caesar WWII US Infantry Set 2 (H071),Caesar,USA,1944,1945,46,0.0007120401203704099,True
2871,Mars US Machine Gunners D-Day (72125),Mars,USA,1943,1945,46,0.0007120401203704099,True
350,Revell US Infantry (02503),Revell,USA,1944,1945,45,0.0007120401203704099,True
1139,IMEX Easy Company American (527),IMEX,USA,1943,1945,45,0.0007120401203704099,True
1507,Italeri American Infantry (6120),Italeri,USA,1942,1945,45,0.0007120401203704099,True
2195,Plastic Soldier Late War US Infantry (WW2020006),Plastic Soldier,USA,1944,1945,45,0.0007120401203704099,True
1419,Orion USA Tank Crew Summer Dress (72049),Orion,USA,1943,1945,44,0.0007120401203704099,True
1589,Waterloo 1815 US Marines (027),Waterloo 1815,USA,1944,1945,44,0.0007120401203704099,True
2046,Waterloo 1815 WWII US Mountain Troops (031),Waterloo 1815,USA,1942,1945,44,0.0007120401203704099,True
458,Revell U.S. Paratroopers (02517),Revell,USA,1943,1945,42,0.0007120401203704099,True
2412,Plastic Soldier US Infantry Heavy Weapons (WW2020007),Plastic Soldier,USA,1943,1945,42,0.0007120401203704099,True
3102,Mars U.S. Chemical Mortar Team (72146),Mars,USA,1943,1945,42,0.0007120401203704099,True
354,Airfix U.S. Marines (01716),Airfix,USA,1942,1945,41,0.0007120401203704099,True
1701,"Preiser Military Police, Vienna 1945 (72529)",Preiser,British,1945,1945,41,0.0007120401203704099,True
2537,Orion WWII USA Tank Crew Winter Dress (72050),Orion,USA,1942,1945,41,0.0007120401203704099,True
2872,Mars US Rangers D-Day (72126),Mars,USA,1944,1945,41,0.0007120401203704099,True
3009,Mars U.S. Paratroopers (Part 2) (72141),Mars,USA,1942,1945,41,0.0007120401203704099,True
791,Esci Iwo-Jima Marines Landing (8062),Esci,USA,1945,1945,39,0.0007120401203704099,True
1382,Mars US Infantry (Winter Uniform) (72124),Mars,USA,1942,1945,38,0.0007120401203704099,True
3008,Mars U.S. Marines (72140),Mars,USA,1942,1945,37,0.0007120401203704099,True
2852,Plastic Soldier US Marine Corps Platoon (UMOS007),Plastic Soldier,USA,1942,1945,33,0.0007120401203704099,True
2181,Strelets Hungarian Army in Winter Dress (Stalingrad) (M083),Strelets,Hungarian,1942,1942,42,0.0006347260402106915,True
1698,Preiser German PaK40 Crew (72518),Preiser,German,1942,1945,50,0.0006335223930896294,True
2595,Caesar WWII German Panzer Crews (Set 2 Winter/Greatcoat) (HB05),Caesar,German,1942,1945,50,0.0006335223930896294,True
1397,Caesar German Nebelwerfer 42 & Raketenwerfer 43 with Crew (H093),Caesar,German,1942,1945,49,0.0006335223930896294,True
1384,Caesar WWII German Panzergrenadiers II (H053),Caesar,German,1943,1945,48,0.0006335223930896294,True
1415,Pegasus German Fallschirmjäger (7224),Pegasus,German,1943,1945,48,0.0006335223930896294,True
2030,Caesar WWII German Cavalry Division (H092),Caesar,German,1942,1945,48,0.0006335223930896294,True
2650,Caesar WWII German Tank Riders (Camouflage Suit) (H099),Caesar,German,1942,1945,48,0.0006335223930896294,True
819,Pegasus Waffen SS - Set 2 (7202),Pegasus,German,1942,1945,47,0.0006335223930896294,True
822,Pegasus Germans in Berlin 1945 (7228),Pegasus,German,1944,1945,47,0.0006335223930896294,True
1319,Caesar German Panzergrenadiers (Set 1) (H052),Caesar,German,1942,1945,47,0.0006335223930896294,True
1856,Plastic Soldier Late War German Infantry 1943-45 (WW2020003),Plastic Soldier,German,1943,1945,47,0.0006335223930896294,True
725,Caesar German Infantry (H002),Caesar,German,1943,1945,46,0.0006335223930896294,True
2122,Caesar WWII Late War German Army (H074),Caesar,German,1944,1945,46,0.0006335223930896294,True
3010,Mars German Artillery Crew (Winter) (72142),Mars,German,1942,1945,46,0.0006335223930896294,True
684,Armourfast WWII German Machine Gun Team (99007),Armourfast,German,1942,1945,45,0.0006335223930896294,True
1400,Valiant Germans in Normandy 1944 (VM004),Valiant,German,1943,1945,45,0.0006335223930896294,True
1859,Plastic Soldier Late War German Infantry Heavy Weapons (WW2020005),Plastic Soldier,German,1943,1945,45,0.0006335223930896294,True
1976,Caesar WWII Panzergrenadiers (Ardennes 1944) (HB02),Caesar,German,1944,1945,45,0.0006335223930896294,True
1379,Mars German Paratroopers (Tropical Uniform) (72123),Mars,German,1943,1945,44,0.0006335223930896294,True
2124,Caesar German Army with Camouflage Cape (HB04),Caesar,German,1942,1945,44,0.0006335223930896294,True
2506,Mars German Panzerjägers (72128),Mars,German,1942,1945,44,0.0006335223930896294,True
2829,Plastic Soldier Waffen-SS Grenadier Platoon 1944-45 (UMOS001),Plastic Soldier,German,1944,1945,44,0.0006335223930896294,True
1140,Valiant Classic German Infantry 1944/45 (VM002),Valiant,German,1944,1945,43,0.0006335223930896294,True
1812,Italeri German Infantry (Winter Uniform) (6151),Italeri,German,1942,1945,43,0.0006335223930896294,True
2784,Mars German Volkssturm Defenders (72117),Mars,German,1944,1945,43,0.0006335223930896294,True
2789,Mars German Paratroopers (Tropical Uniform) (72119),Mars,German,1943,1945,41,0.0006335223930896294,True
2947,Mars German Volkssturm Defenders Set 2 (72130),Mars,German,1944,1945,41,0.0006335223930896294,True
2673,Mars Luftwaffe Field Division (72110),Mars,German,1942,1945,39,0.0006335223930896294,True
2674,Mars German Elite Infantry (Winter Dress) (72111),Mars,German,1943,1945,39,0.0006335223930896294,True
2788,Mars German Night Hunters (72118),Mars,German,1943,1945,39,0.0006335223930896294,True
2841,Plastic Soldier Waffen-SS Grenadier HMGs (UMOS005),Plastic Soldier,German,1942,1945,39,0.0006335223930896294,True
2843,Mars German Paratroopers (Winter Uniform) (72121),Mars,German,1943,1945,39,0.0006335223930896294,True
2842,Plastic Soldier Waffen-SS Grenadier Panzerschrecks (UMOS006),Plastic Soldier,German,1943,1945,38,0.0006335223930896294,True
1176,Odemars The Last Defenders of Berlin (PF17),Odemars,German,1944,1945,37,0.0006335223930896294,True
1211,Orion Volkssturm (72017),Orion,German,1944,1945,37,0.0006335223930896294,True
2652,Mars German Panzergrenadiers (72108),Mars,German,1942,1945,32,0.0006335223930896294,True
2643,Mars German Elite Division (Normandy 1944-45) (72106),Mars,German,1944,1945,29,0.0006335223930896294,True
1893,Orion Soviet Tankmen and Crew (Summer Dress) (72036),Orion,Russian,1943,1945,45,0.0006257274937983046,True
2249,Orion Soviet Tankmen and Crew (Winter Dress) (72042),Orion,Russian,1943,1945,44,0.0006257274937983046,True
1480,Orion Soviet Assault Group 1945 (72048),Orion,Russian,1944,1945,39,0.0006257274937983046,True
2772,Mars Russian Assault Troops (72116),Mars,Russian,1943,1945,34,0.0006257274937983046,True
297,Revell British Infantry (02523),Revell,British,1944,1945,47,0.0006137453092737606,True
2048,Waterloo 1815 British Paratroopers with Pack Howitzer (036),Waterloo 1815,British,1942,1945,46,0.0006137453092737606,True
2780,Orion British Tank Crew (Summer Dress) (72057),Orion,British,1942,1945,46,0.0006137453092737606,True
1857,Plastic Soldier Late War British Infantry 1944-45 (WW2020002),Plastic Soldier,British,1944,1945,45,0.0006137453092737606,True
1141,Valiant British Tommies 1944/45 (VM001),Valiant,British,1944,1945,42,0.0006137453092737606,True
3007,Mars British Paratroopers (72139),Mars,British,1942,1945,42,0.0006137453092737606,True
1826,Airfix WWII British Infantry (01763),Airfix,British,1944,1945,38,0.0006137453092737606,True
89,Esci French Soldiers (205),Esci,French,1944,1945,36,0.0005903452995625721,False
649,Waterloo 1815 X Mas (010),Waterloo 1815,Italian,1943,1945,45,0.0005540880097931834,True
937,Pegasus US Rangers D-Day (7351),Pegasus,USA,1944,1944,50,0.0004915943719303315,True
1249,Valiant American GIs 1942/44 (VM003),Valiant,USA,1942,1944,47,0.0004915943719303315,True
457,Esci U.S. Paratroopers (209),Esci,USA,1942,1944,44,0.0004915943719303315,True
2166,Caesar US Paratroopers (H076),Caesar,USA,1942,1944,43,0.0004915943719303315,True
2803,Mars US Paratroopers (72120),Mars,USA,1942,1944,41,0.0004915943719303315,True
455,Airfix US Paratroops (01751),Airfix,USA,1942,1944,37,0.0004915943719303315,True
351,Atlantic US Marine Corps (82),Atlantic,USA,1942,1944,29,0.0004915943719303315,True
1719,Zvezda German Infantry Platoon (8078),Zvezda,German,1942,1944,48,0.00041307664464955104,True
2511,Valiant German Infantry 42-44 (FT001),Valiant,German,1942,1944,43,0.00041307664464955104,True
1934,"Metch Arnhem, Too Far (172145)",Metch,British,1944,1944,44,0.0003932995608336823,True
2573,Ultima Ratio Chindits (UR006),Ultima Ratio,British,1943,1944,42,0.0003932995608336823,True
1894,Metch Lord Lovat's Commandos (172144),Metch,British,1944,1944,36,0.0003932995608336823,True
2383,Strelets German Army in Stalingrad (M093),Strelets,German,1942,1943,41,0.00027172474173769247,True
1353,Caesar German Army in Stalingrad (HB09),Caesar,German,1942,1943,38,0.00027172474173769247,True
1699,"Preiser Soviet Tank Crewmen, 1942 (72526)",Preiser,Russian,1942,1942,50,0.00026392984244636775,True
1673,Ykreol French Foreign Legion at Bir Hakeim 1942 (YK11),Ykreol,French,1942,1942,37,0.00022854764821063513,True
511,Waterloo 1815 Folgore Division Infantry (002),Waterloo 1815,Italian,1942,1943,42,0.00019229035844124648,True
2180,Strelets Italian Army in Winter Dress (Stalingrad) (M082),Strelets,Italian,1942,1942,41,0.00019229035844124648,True
1975,Caesar Panzergrenadiers (Kharkov 1943) (HB01),Caesar,German,1943,1943,44,7.943438329644599e-05,True
