ID,Header,Nationality_1,Nationality_2,Nationality_3,Nationality_4,Nationality_5,Nationality_6,Nationality_7,Nationality_8,Nationality_9,Nationality_10,Nationality_11
1,Accurate British Infantry (7200),British,,,,,,,,,,
2,Accurate American Militia (7201),USA,,,,,,,,,,
3,Accurate Union Infantry (7202),USA,,,,,,,,,,
4,Accurate Union Artillery Team (7204),USA,,,,,,,,,,
5,Accurate Union Pioneers (7205),USA,,,,,,,,,,
6,Accurate Hundred Years War English Men-At-Arms (7206),British,English,,,,,,,,,
7,Accurate Hundred Years War Knights Of France (7207),French,,,,,,,,,,
8,Accurate Confederate Artillery Team (7208),USA,,,,,,,,,,
9,Accurate Confederate Pioneers (7209),USA,,,,,,,,,,
10,Accurate Waterloo French Cavalry (7212),French,,,,,,,,,,
11,A Call To Arms British Infantry 1815 (50),British,,,,,,,,,,
12,A Call To Arms French Cuirassiers 1815 (51),French,,,,,,,,,,
13,A Call To Arms British Infantry World War II (52),British,,,,,,,,,,
14,A Call To Arms French Carabiniers 1815 (53),French,,,,,,,,,,
15,A Call To Arms Confederate Infantry 1861 (54),USA,,,,,,,,,,
16,A Call To Arms Union Infantry 1861 (55),USA,,,,,,,,,,
17,A Call To Arms Zulus (56),South African,Zulu,,,,,,,,,
18,A Call To Arms British Infantry Zulu War (57),British,,,,,,,,,,
19,A Call To Arms French Infantry 1815 (58),French,,,,,,,,,,
20,A Call To Arms Royalist Artillery (59),English,,,,,,,,,,
21,A Call To Arms Union Regiments (60),USA,,,,,,,,,,
22,A Call To Arms Royalist Infantry (61),British,English,,,,,,,,,
23,A Call To Arms English Civil War Command Set (62),British,English,,,,,,,,,
24,Airfix Guards Colour Party (01702),British,,,,,,,,,,
25,Airfix British Infantry (01703),British,,,,,,,,,,
26,Airfix German Infantry (01705),German,,,,,,,,,,
27,Airfix Cowboys (01707),USA,,,,,,,,,,
28,Airfix Indians (01708),USA,,,,,,,,,,
29,Airfix 8th Army (01709),British,,,,,,,,,,
30,Airfix Union Infantry (01712),USA,,,,,,,,,,
31,Airfix Wagon Train (01715),USA,,,,,,,,,,
32,Airfix Russian Infantry (01717),Russian,Soviet,,,,,,,,,
33,Airfix Japanese Infantry (01718),Japanese,,,,,,,,,,
34,Airfix Arabs (Bedouins) (01719),Arab,,,,,,,,,,
35,Airfix Robin Hood (01720),British,English,,,,,,,,,
36,Airfix US Cavalry (01722),USA,,,,,,,,,,
37,Airfix WWI French Infantry (01728),French,,,,,,,,,,
39,Airfix Ancient Britons (01734),British,Celtic,,,,,,,,,
40,Airfix Waterloo French Cavalry (Cuirassiers) (01736),French,,,,,,,,,,
41,Airfix The High Chaparral (01738),USA,,,,,,,,,,
42,Airfix Washington's Army (01739),USA,,,,,,,,,,
43,Airfix British Grenadiers (01740),British,,,,,,,,,,
44,Airfix Waterloo French Infantry (01744),French,,,,,,,,,,
45,Airfix Waterloo British Infantry (01745),British,,,,,,,,,,
46,Airfix R.A.F. Personnel (01747),British,,,,,,,,,,
47,Airfix U.S.A.F. Personnel (01748),USA,,,,,,,,,,
48,Airfix Australian Infantry (01750),Australian,,,,,,,,,,
49,Airfix German Paratroops (01753),German,,,,,,,,,,
50,Airfix Prussian Infantry 1815 (01756),German,Prussian,,,,,,,,,
51,Airfix Italian Infantry (01757),Italian,,,,,,,,,,
52,Airfix SAS (01761),British,,,,,,,,,,
53,Airfix Infantry Combat Group (1703),British,USA,,,,,,,,,
54,Airfix German Infantry (1705),German,,,,,,,,,,
55,Airfix 8th Army (1709),British,,,,,,,,,,
56,Atlantic 7th Cavalry (1004),USA,,,,,,,,,,
57,Atlantic Kit Carson (1008),USA,,,,,,,,,,
58,Atlantic Paratroopers (101),Italian,,,,,,,,,,
59,Atlantic Gold Rush (1010),USA,,,,,,,,,,
60,Atlantic General Custer (1011),USA,,,,,,,,,,
61,Atlantic Cow-Boys (1015),USA,,,,,,,,,,
63,Atlantic Italian Bersaglieri (115),Italian,,,,,,,,,,
64,Atlantic Italian Carabinieri Police (116),Italian,,,,,,,,,,
65,Atlantic Commandos 'San Marco' (117),Italian,,,,,,,,,,
66,Atlantic Landing Craft Infantry (118),Italian,,,,,,,,,,
67,Atlantic Machine-Gunners and Mortars (119),Italian,,,,,,,,,,
68,Atlantic Anti-Tank Guns (120),Italian,,,,,,,,,,
70,Atlantic The Egyptian Army (1502),Egyptian,,,,,,,,,,
71,Atlantic The Egyptian Cavalry (1503),Egyptian,,,,,,,,,,
72,Atlantic Greek Life in the Acropolis (1508),Greek,,,,,,,,,,
73,Atlantic Greek Army (1509),Greek,,,,,,,,,,
74,Atlantic Gladiators and Christians (1517),Italian,Roman,,,,,,,,,
75,Atlantic German Infantry (81),German,,,,,,,,,,
76,Atlantic Royal Fusiliers (83),British,,,,,,,,,,
77,Atlantic Red Army (84),Russian,Soviet,,,,,,,,,
78,Atlantic Sendai Japanese (85),Japanese,,,,,,,,,,
79,Atlantic Lenin - Stalin - Russian Revolution (9009),Russian,,,,,,,,,,
80,Emhar British WWI Infantry with Tank Crew (7201),British,,,,,,,,,,
81,Emhar German WWI Infantry with Tank Crew (7203),German,,,,,,,,,,
82,Emhar German WWI Artillery (7204),German,,,,,,,,,,
84,Esci British Soldiers (200),British,,,,,,,,,,
85,Esci German Soldiers (201),German,,,,,,,,,,
86,Esci U.S. Soldiers (202),USA,,,,,,,,,,
87,Esci Russian Soldiers (203),Russian,Soviet,,,,,,,,,
88,Esci Japanese Soldiers (204),Japanese,,,,,,,,,,
89,Esci French Soldiers (205),French,,,,,,,,,,
90,Esci British 8th Army Soldiers (207),British,,,,,,,,,,
91,Esci Italian Mountain Troops (211),Italian,,,,,,,,,,
92,Esci British Infantry (215),British,,,,,,,,,,
93,Esci 'Scots Greys' British Cavalry (217),British,,,,,,,,,,
94,Esci 'Polish Lancers' French Cavalry (218),French,Polish,,,,,,,,,
95,Esci British and French Artillery (219),British,French,,,,,,,,,
96,Esci Lord Cardigan's 11th Hussars (220),British,,,,,,,,,,
97,Esci Russian Infantry and Artillery (221),Russian,,,,,,,,,,
98,Esci Union Infantry (222),USA,,,,,,,,,,
99,Esci Roman Legion (224),Italian,Roman,,,,,,,,,
100,Esci Barbarian Warriors (225),German,,,,,,,,,,
101,Esci Prussian and Austrian Infantry (226),Austrian,German,Prussian,,,,,,,,
102,Esci French Line Infantry (227),French,,,,,,,,,,
103,Esci U.S. Elite Forces (228),USA,,,,,,,,,,
104,Esci North Vietnamese Soldiers and Vietcong (229),Vietnamese,,,,,,,,,,
105,Esci British Light Dragoons (230),British,,,,,,,,,,
106,Esci British Artillery (233),British,,,,,,,,,,
107,Esci French Artillery (234),French,,,,,,,,,,
108,Esci French Cuirassiers (235),French,,,,,,,,,,
109,Esci Modern Russian Paratroopers Spetsnaz (240),Russian,,,,,,,,,,
110,Esci NATO Troops (241),British,French,German,Italian,,,,,,,
111,Esci German Paratroopers 'Green Devils' (244),German,,,,,,,,,,
112,Gulliver South States Cavalry (3601),USA,,,,,,,,,,
113,HaT Picts (6005),British,Pictish,,,,,,,,,
114,HaT Saxons (6006),German,Saxon,,,,,,,,,
115,HaT Franks (6007),Belgian,French,,,,,,,,,
116,HaT Visigoths (6008),French,Spanish,,,,,,,,,
117,HaT WW1 French Infantry (7003),French,,,,,,,,,,
118,HaT Waterloo Prussian Landwehr (7006),German,Prussian,,,,,,,,,
119,HaT Italian Infantry (7007),Italian,,,,,,,,,,
120,HaT Waterloo French Line Infantry (7008),French,,,,,,,,,,
121,HaT Ancient Britons (7011),British,Celtic,,,,,,,,,
122,HaT Bedouins (7013),Arab,,,,,,,,,,
123,HaT Robin Hood (7015),British,English,,,,,,,,,
124,HaT Australian Infantry (7016),Australian,,,,,,,,,,
126,HaT 1805 Napoleonic French Mamelukes (8001),French,,,,,,,,,,
127,HaT Russian Cossacks (8006),Russian,,,,,,,,,,
128,HaT Prussian Artillery (8007),German,Prussian,,,,,,,,,
129,HaT Brunswick Avant Garde (8008),Brunswick,German,,,,,,,,,
130,HaT Russian Artillery (8010),Russian,,,,,,,,,,
131,HaT French Lancers (8011),French,,,,,,,,,,
132,HaT French Horse Grenadiers (8013),French,,,,,,,,,,
133,HaT KGL Light Dragoons (8014),British,,,,,,,,,,
134,HaT Austrian Cuirassiers (8015),Austrian,,,,,,,,,,
135,HaT Russian Cuirassiers (8016),Russian,,,,,,,,,,
136,HaT Republican Romans Princeps & Triari (8017),Italian,Roman,,,,,,,,,
137,HaT Republican Romans Hastati & Velites (8018),Italian,Roman,,,,,,,,,
138,HaT Roman Cavalry (8021),Italian,Roman,,,,,,,,,
139,HaT Brunswick Leib Infantry (8026),Brunswick,German,,,,,,,,,
140,HaT Bavarian Infantry (8028),Bavarian,German,,,,,,,,,
141,HaT Bavarian Cavalry (8030),Bavarian,German,,,,,,,,,
142,HaT Dutch Belgian Light Dragoons (8032),Belgian,Dutch,,,,,,,,,
143,HaT Roman Catapults (8035),Italian,Roman,,,,,,,,,
144,HaT British Light Infantry (8036),British,,,,,,,,,,
145,HaT Austrian Artillery (8037),Austrian,,,,,,,,,,
146,HaT Bavarian Artillery (8038),Bavarian,German,,,,,,,,,
147,HaT Macedonian Phalangites (8043),Greek,Macedonian,,,,,,,,,
148,HaT Alexander's Light Infantry (8044),Greek,Macedonian,,,,,,,,,
149,HaT Greek Mercenary Hoplites (8045),Greek,,,,,,,,,,
150,HaT Alexander's Thracians (8046),Bulgarian,Greek,Thracian,Turkish,,,,,,,
151,HaT Alexander's Macedonian Cavalry (8047),Greek,Macedonian,,,,,,,,,
152,HaT Alexander's Thessalian Cavalry (8048),Greek,,,,,,,,,,
153,HaT Alexander's Allied Cavalry (8049),Greek,,,,,,,,,,
154,HaT Roman Command (8051),Italian,Roman,,,,,,,,,
155,HaT Prussian Reserve Infantry (8052),German,Prussian,,,,,,,,,
156,HaT Prussian Jäger and Volunteer Jäger (8053),German,Prussian,,,,,,,,,
157,HaT Persian Light Infantry (8057),Iranian,Persian,,,,,,,,,
158,HaT Persian Heavy Infantry (8059),Iranian,Persian,,,,,,,,,
159,HaT Austrian Infantry (8060),Austrian,,,,,,,,,,
160,HaT Russian Infantry (8061),Russian,,,,,,,,,,
161,HaT 1805 French Line Infantry (8062),French,,,,,,,,,,
162,HaT 1805 French Light Infantry (8063),French,,,,,,,,,,
163,HaT Imperial Roman Auxiliary Infantry (8065),Italian,Roman,,,,,,,,,
164,HaT Persian Medium Cavalry (8076),Iranian,Persian,,,,,,,,,
165,HaT Imperial Roman Legionaries 1st - 2nd Century AD (8082),Italian,Roman,,,,,,,,,
167,Heller British 8th Army (79609),British,,,,,,,,,,
168,Heller Japanese Infantry (79618),Japanese,,,,,,,,,,
169,Heller RAF Personnel (79647),British,,,,,,,,,,
170,Heller U.S.A.A.F. Personnel (79648),USA,,,,,,,,,,
171,Heller German Paratroopers (79653),German,,,,,,,,,,
172,HYTTY Samurai (1001),Japanese,,,,,,,,,,
173,HYTTY Persians (1002),Iranian,Persian,,,,,,,,,
174,HYTTY Historic Figures (1003),Egyptian,French,Hun,Hungarian,Italian,Roman,Romanian,USA,,,
175,HYTTY Carthaginian Mercenaries (1004),Algerian,Greek,Libyan,Spanish,Tunisian,,,,,,
176,HYTTY Alexander The Great Cavalry (2003),Greek,Macedonian,,,,,,,,,
177,IMEX Union Artillery (501),USA,,,,,,,,,,
178,IMEX Confederate Artillery (502),Confederate,USA,,,,,,,,,
179,IMEX Confederate Cavalry (504),Confederate,USA,,,,,,,,,
180,IMEX Union Infantry (505),USA,,,,,,,,,,
181,IMEX Confederate Infantry (506),Confederate,USA,,,,,,,,,
182,IMEX Civil War Accessories (507),USA,,,,,,,,,,
183,IMEX Alamo Defenders (aka Texas Infantry) (509),Texian,USA,,,,,,,,,
184,IMEX Mexican Infantry (510),Mexican,,,,,,,,,,
185,IMEX George Washington's Army (511),USA,,,,,,,,,,
186,IMEX British Redcoats (512),British,,,,,,,,,,
187,IMEX Mexican Cavalry At The Alamo (515),Mexican,,,,,,,,,,
189,IMEX Mexican Artillery At The Alamo (520),Mexican,,,,,,,,,,
190,Italeri Scots Greys (6001),British,,,,,,,,,,
191,Italeri French Infantry (6002),French,,,,,,,,,,
192,Italeri Carabiniers (6003),French,,,,,,,,,,
193,Italeri Highlander Infantry (6004),British,,,,,,,,,,
194,Italeri Russian Grenadiers (6006),Russian,,,,,,,,,,
195,Italeri French Hussars (6008),French,,,,,,,,,,
196,Italeri The Knights (6009),Frankish,,,,,,,,,,
197,Italeri Saracen Warriors (6010),Arab,Egyptian,Iraqi,Syrian,,,,,,,
198,Italeri Confederate Cavalry (6011),Confederate,USA,,,,,,,,,
199,Italeri Confederate Infantry (6014),Confederate,USA,,,,,,,,,
200,Italeri French Imperial General Staff (6016),French,,,,,,,,,,
201,Italeri Napoleonic Wars Accessories (6017),French,,,,,,,,,,
202,Italeri French Line/Guard Artillery (6018),French,,,,,,,,,,
203,Italeri Teutonic Knights (6019),German,,,,,,,,,,
204,Italeri Mongols (6020),Mongolian,,,,,,,,,,
205,Italeri Roman Infantry (6021),Italian,Roman,,,,,,,,,
206,Italeri Gaul Warriors (6022),French,Gaul,,,,,,,,,
207,Italeri Russian Knights (6023),Russian,,,,,,,,,,
208,Italeri Greek Infantry (6024),Greek,,,,,,,,,,
209,Italeri Roman Cavalry (6028),Italian,Roman,,,,,,,,,
210,Italeri Union Artillery Set (6032),USA,,,,,,,,,,
211,Italeri German Infantry (6033),German,,,,,,,,,,
212,Italeri Macedonian Cavalry (6035),Greek,Macedonian,,,,,,,,,
213,Italeri Union Artillery (6038),USA,,,,,,,,,,
214,Italeri Dutch-Polish Lancers (6039),French,Polish,,,,,,,,,
215,Italeri British Light Dragoons (6040),British,,,,,,,,,,
216,Italeri British Artillery (6041),British,,,,,,,,,,
217,Italeri Cossack Cavalry (6042),Russian,,,,,,,,,,
218,Italeri German Paratroopers (6045),German,,,,,,,,,,
219,Italeri American Infantry (6046),USA,,,,,,,,,,
220,Italeri Roman Infantry (6047),Italian,Roman,,,,,,,,,
221,Italeri Barbarian Warriors (6048),German,,,,,,,,,,
222,Lucky Toys Attila and Black Huns (TL0001),Hun,,,,,,,,,,
223,LW Wellington's Generals (0),British,,,,,,,,,,
224,LW Inquisition (2),Italian,Spanish,,,,,,,,,
226,LW Parthian Cataphracts 1 (24),Iranian,Parthian,,,,,,,,,
227,LW Parthian Cataphracts 2 (25),Iranian,Parthian,,,,,,,,,
228,LW Cavalry of Imperial Rome (29),Italian,Roman,,,,,,,,,
230,LW Celtic Warriors (33),Celtic,French,,,,,,,,,
231,LW Napoleonic War Engineers (36),French,,,,,,,,,,
232,LW Bactrian Cavalry (38),Afghan,Tajik,Uzbek,,,,,,,,
234,LW Russian Artillery Crew (40),Russian,Soviet,,,,,,,,,
235,LW Scythians (45),Polish,Russian,Scythian,Ukrainian,,,,,,,
237,Matchbox British Infantry (P5001),British,,,,,,,,,,
238,Matchbox German Infantry (P5003),German,,,,,,,,,,
239,Matchbox British 8th Army (P5005),British,,,,,,,,,,
240,Matchbox Japanese Infantry (P5007),Japanese,,,,,,,,,,
241,Matchbox ANZAC Infantry (P5008),Australian,New Zealand,,,,,,,,,
242,Matchbox NATO Paratroopers (P5009),British,,,,,,,,,,
243,MiniArt Burgundian Knights and Archers (72001),Burgundian,French,,,,,,,,,
262,Nexus Egyptian Infantry (ATL01),Egyptian,,,,,,,,,,
263,Nexus The Egyptian Cavalry (ATL02),Egyptian,,,,,,,,,,
266,Nexus Russian Revolution (ATL09),Russian,,,,,,,,,,
268,Nexus Kit Carson (ATL11),USA,,,,,,,,,,
269,Nexus Ancient Life (ATL14),Greek,,,,,,,,,,
271,Nexus Gold Rush (ATL18),USA,,,,,,,,,,
278,Odemars Samurai (PF01),Japanese,,,,,,,,,,
279,Odemars Persians (PF02),Iranian,Persian,,,,,,,,,
281,Odemars German 7.5 cm PaK 40 Gun (104),German,,,,,,,,,,
282,Odemars Roman Republic Infantry (PF06),Italian,Roman,,,,,,,,,
283,Orion English Pirates (72001),British,English,,,,,,,,,
284,Orion Chechen Rebels (72002),Russian,,,,,,,,,,
285,Orion Modern Russian Federals (72003),Russian,,,,,,,,,,
286,Orion Vikings (72004),Danish,Norwegian,Swedish,Viking,,,,,,,
287,Orion Gladiators (72005),Italian,Roman,,,,,,,,,
288,Orion Roman Sailors (72006),Italian,Roman,,,,,,,,,
289,Revell German Paratroopers (02500),German,,,,,,,,,,
290,Revell German Infantry (02502),German,,,,,,,,,,
291,Revell Japanese Infantry (02507),Japanese,,,,,,,,,,
292,Revell Soviet Infantry (02510),Russian,Soviet,,,,,,,,,
293,Revell German Armoured Infantry (02511),German,,,,,,,,,,
294,"Revell Scottish Infantry, 8th Army (02512)",British,,,,,,,,,,
295,Revell Siberian Riflemen (02516),Russian,Soviet,,,,,,,,,
296,Revell British Infantry (02519),British,,,,,,,,,,
297,Revell British Infantry (02523),British,,,,,,,,,,
298,Revell German Commando Special Forces (KSK) (02524),German,,,,,,,,,,
299,Revell Normans (02550),French,Norman,,,,,,,,,
300,Revell Anglo-Saxons (02551),Anglo-Saxon,British,,,,,,,,,
301,Revell Celts (Gauls) (02553),British,Celtic,French,Italian,,,,,,,
302,Revell Cowboys (02554),USA,,,,,,,,,,
303,Revell Imperial Infantry (02556),Austrian,German,Habsburg Imperial,,,,,,,,
304,Revell Swedish Infantry (02557),Swedish,,,,,,,,,,
305,Revell Union Infantry (02559),USA,,,,,,,,,,
306,Revell British Infantry (02560),British,,,,,,,,,,
307,Revell American Militia (02561),USA,,,,,,,,,,
308,Revell Confederate Pioneers (02564),Confederate,USA,,,,,,,,,
309,Revell Union Artillery (02565),USA,,,,,,,,,,
310,Revell Imperial Artillery (02566),Austrian,German,Habsburg Imperial,,,,,,,,
311,Revell Swedish Cavalry (02567),Swedish,,,,,,,,,,
312,Revell French Grenadier Guards (02570),French,,,,,,,,,,
313,Revell British Infantry (02571),British,,,,,,,,,,
314,Revell Prussian Infantry (02572),German,Prussian,,,,,,,,,
315,Revell Prussian Hussars (02575),German,Prussian,,,,,,,,,
316,Revell French Mounted Guard Chasseurs (02576),French,,,,,,,,,,
317,Revell British Life Guards (02578),British,,,,,,,,,,
318,Revell British Rifles (02581),British,,,,,,,,,,
319,Strelets The French Army's Camp (001),French,,,,,,,,,,
320,Strelets Polish Infantry & French Engineers (003),French,Polish,,,,,,,,,
321,Strelets Vikings Against Franks (004),Danish,Frankish,French,German,Norwegian,Swedish,Viking,,,,
322,Strelets Army of Joan d'Arc (005),French,,,,,,,,,,
323,Strelets Carolingian Cavalry (008),French,German,,,,,,,,,
324,Waterloo 1815 Italian Infantry (at El Alamein) (006),Italian,,,,,,,,,,
325,Waterloo 1815 Polish Infantry 1812/14 (008),Polish,,,,,,,,,,
326,Waterloo 1815 Dutch Belgian Artillery 1815 (009),Belgian,Dutch,,,,,,,,,
327,Waterloo 1815 Greek Infantry (P002),Greek,,,,,,,,,,
328,Waterloo 1815 Custer (P003),USA,,,,,,,,,,
329,Waterloo 1815 US Cavalry (P004),USA,,,,,,,,,,
330,Waterloo 1815 Confederate Cavalry (P005),Confederate,USA,,,,,,,,,
331,Zvezda Russian Knights (8001),Russian,,,,,,,,,,
333,Zvezda Mongols (8003),Mongolian,,,,,,,,,,
334,Zvezda Teutonic Knights (8004),German,,,,,,,,,,
335,Zvezda Greek Infantry (8005),Greek,,,,,,,,,,
336,Zvezda Macedonian Cavalry (8007),Macedonian,,,,,,,,,,
337,Zvezda Saracens (8009),Arab,Egyptian,Iraqi,Syrian,,,,,,,
338,Zvezda Roman Infantry (8013),Italian,Roman,,,,,,,,,
340,Zvezda Napoleonic Guards Cossacks (8018),Russian,,,,,,,,,,
341,Zvezda Macedonian Phalanx (8019),Macedonian,,,,,,,,,,
342,Revell Australian Infantry (02501),Australian,,,,,,,,,,
343,IMEX Sioux Indians (508),USA,,,,,,,,,,
344,Emhar British WWI Artillery (7202),British,,,,,,,,,,
346,Eagle Games American Civil War (01),USA,,,,,,,,,,
349,Zvezda War Elephants (8011),Seleucid,Syrian,,,,,,,,,
350,Revell US Infantry (02503),USA,,,,,,,,,,
351,Atlantic US Marine Corps (82),USA,,,,,,,,,,
352,Matchbox American Infantry (P5002),USA,,,,,,,,,,
353,Revell US Marines (02506),USA,,,,,,,,,,
354,Airfix U.S. Marines (01716),USA,,,,,,,,,,
355,Airfix US Marines (1716),USA,,,,,,,,,,
357,Esci British Infantry Soldiers (212),British,,,,,,,,,,
358,Atlantic Infantry (104),Italian,,,,,,,,,,
359,Atlantic Infantry with Jeep (105),Italian,,,,,,,,,,
360,Revell Africa Corps (02513),German,,,,,,,,,,
361,Esci Afrika Corps Soldiers (206),German,,,,,,,,,,
362,Airfix Afrika Korps (1711),German,,,,,,,,,,
363,Airfix Afrika Korps (01711),German,,,,,,,,,,
364,Heller US Marines (79616),USA,,,,,,,,,,
365,Odemars Roman Siege Troops (PF04),Italian,Roman,,,,,,,,,
366,Airfix Civilians (01706),British,,,,,,,,,,
367,Heller WW2 Afrika Korps (79611),German,,,,,,,,,,
368,HaT Napoleonic French Line Horse Artillery (8039),French,,,,,,,,,,
369,Atlantic German Afrikakorps (88),German,,,,,,,,,,
370,Matchbox Afrika Corps (P5004),German,,,,,,,,,,
371,IMEX Union Cavalry (503),USA,,,,,,,,,,
372,Italeri Union Cavalry (6013),USA,,,,,,,,,,
373,LW Macedonian Artillery (37),Macedonian,,,,,,,,,,
375,LW Ancient Artillery Part 3 - Scorpion (42),Italian,Roman,,,,,,,,,
376,Revell French Knights (02563),French,,,,,,,,,,
378,Italeri French Knights and Foot Soldiers (6026),French,,,,,,,,,,
379,HaT Union Zouaves (8004),USA,,,,,,,,,,
380,LW Soviet Pilots (23),Russian,Soviet,,,,,,,,,
381,HaT Waterloo British Line Infantry (7009),British,,,,,,,,,,
382,Atlantic Alpini (111),Italian,,,,,,,,,,
383,Zvezda Persian Infantry (8006),Iranian,Persian,,,,,,,,,
384,Italeri Persian Infantry (6025),Iranian,Persian,,,,,,,,,
385,Airfix Commandos (01732),British,,,,,,,,,,
386,Airfix Commandos (1732),British,,,,,,,,,,
387,Atlantic Apache's Camp (1006),USA,,,,,,,,,,
388,Nexus Apache Camp (ATL15),USA,,,,,,,,,,
389,HaT French Line Chasseurs (8029),French,,,,,,,,,,
390,Heller British Commandos (79632),British,,,,,,,,,,
391,HYTTY Napoleonic Polish Infantry (2001),Polish,,,,,,,,,,
392,Atlantic Sioux Camp (1012),USA,,,,,,,,,,
393,Atlantic French Infantry (87),French,,,,,,,,,,
394,Atlantic Divers (110),Italian,,,,,,,,,,
395,Airfix WWI German Infantry (01726),German,,,,,,,,,,
396,HaT WW1 German Infantry (7001),German,,,,,,,,,,
397,HaT Hannibal's Carthaginians - African Infantry (8020),Algerian,Carthaginian,Libyan,Tunisian,,,,,,,
398,HaT Hannibal's Carthaginians - Spanish Infantry (8019),CeltIberian,Spanish,,,,,,,,,
399,HaT Carthaginian Command and Cavalry (8056),Algerian,Carthaginian,Tunisian,,,,,,,,
400,Esci Warsaw Pact Troops (242),Czech,East German,German,Hungarian,Polish,,,,,,
401,Atlantic Anti-Air Missiles (121),Italian,,,,,,,,,,
402,Airfix Confederate Infantry (01713),Confederate,USA,,,,,,,,,
403,Accurate Confederate Infantry (7203),Confederate,USA,,,,,,,,,
404,Esci Confederate Infantry (223),Confederate,USA,,,,,,,,,
405,IMEX Lewis and Clark (523),USA,,,,,,,,,,
406,Strelets English Cavalry of Edward I (014),British,English,,,,,,,,,
407,Esci Zulu Warriors (213),South African,Zulu,,,,,,,,,
408,Italeri Zulu Warriors (6051),South African,Zulu,,,,,,,,,
409,Italeri British Infantry (6050),British,,,,,,,,,,
410,Strelets The Scottish Army of Wallace (007),British,Scottish,,,,,,,,,
411,Strelets Army of Henry V (006),British,English,,,,,,,,,
412,Italeri English Knights and Archers (6027),British,English,,,,,,,,,
413,Airfix Sheriff of Nottingham (01721),British,English,,,,,,,,,
414,HaT Sheriff of Nottingham (7014),British,English,,,,,,,,,
415,Revell British Paratroopers (02509),British,,,,,,,,,,
416,Esci British Paratroopers (208),British,,,,,,,,,,
417,Revell English Foot Soldiers (02562),British,English,,,,,,,,,
418,Airfix British Paratroops (01723),British,,,,,,,,,,
419,Airfix Waterloo French Imperial Guard (01749),French,,,,,,,,,,
420,Esci French Imperial Guard (214),French,,,,,,,,,,
421,Revell Soviet Cossacks (02514),Russian,Soviet,,,,,,,,,
422,Airfix Astronauts (01741),USA,,,,,,,,,,
423,Matchbox British Commandos (P5006),British,,,,,,,,,,
425,Dark Dream Studio Landsknechts (72002),German,,,,,,,,,,
430,Airfix Station Accessories (01742),British,,,,,,,,,,
431,Airfix NATO Infantry (01759),USA,,,,,,,,,,
433,Esci British Commandos (210),British,,,,,,,,,,
434,HaT WWI Turkish Infantry (8070),Ottoman,Turkish,,,,,,,,,
435,HaT WWI ANZAC Infantry (8071),Australian,New Zealand,,,,,,,,,
436,Heller WW2 British Parachutists (79623),British,,,,,,,,,,
437,HaT 1805 Russian Line Infantry (8072),Russian,,,,,,,,,,
438,HaT 1805 Russian Light Infantry (8073),Russian,,,,,,,,,,
439,Atlantic Davy Crockett (1005),USA,,,,,,,,,,
440,Revell French Infantry (02505),French,,,,,,,,,,
442,Airfix Waterloo French Artillery (01737),French,,,,,,,,,,
443,Revell German Artillery (02515),German,,,,,,,,,,
445,Italeri Russian Artillery (6053),Russian,,,,,,,,,,
446,Italeri British and Scots Infantry (6058),British,,,,,,,,,,
447,Italeri Italian Mountain Troops (6059),Italian,,,,,,,,,,
448,Zvezda Samurai Army - Infantry (8017),Japanese,,,,,,,,,,
449,Italeri British Paratroopers (6034),British,,,,,,,,,,
450,Italeri Prussian Cuirassiers (6007),German,Prussian,,,,,,,,,
451,HaT Prussian Uhlans (8005),German,Prussian,,,,,,,,,
452,HaT Prussian Dragoons (8002),German,Prussian,,,,,,,,,
453,Accurate Waterloo French Artillery (7213),French,,,,,,,,,,
454,Atlantic U.S. Camp (1007),USA,,,,,,,,,,
455,Airfix US Paratroops (01751),USA,,,,,,,,,,
456,Heller US Paratroopers (79651),USA,,,,,,,,,,
457,Esci U.S. Paratroopers (209),USA,,,,,,,,,,
458,Revell U.S. Paratroopers (02517),USA,,,,,,,,,,
459,Esci French Foreign Legion (237),French,,,,,,,,,,
460,Airfix Foreign Legion (01710),French,,,,,,,,,,
461,Airfix Foreign Legion (1710),French,,,,,,,,,,
462,HaT Foreign Legion (7012),French,,,,,,,,,,
463,Atlantic Indian Brigade (86),Indian,,,,,,,,,,
464,IMEX Chuck Wagon and Prairie Schooner (513),USA,,,,,,,,,,
465,Zvezda Livonian Knights (8016),Latvian,Livonian,,,,,,,,,
466,Airfix WWII Luftwaffe Personnel (01755),German,,,,,,,,,,
467,Revell German Crisis Reaction Forces (KRK) (02522),German,,,,,,,,,,
468,Orion Polish Winged Hussars (72007),Polish,,,,,,,,,,
469,HYTTY Macedonian Infantry (2002),Macedonian,,,,,,,,,,
470,Airfix Civil War Artillery (01714),Confederate,USA,,,,,,,,,
471,Atlantic Italian Carabinieri Band (9005),Italian,,,,,,,,,,
473,A Call To Arms Parliament Infantry (63),British,English,,,,,,,,,
474,Atlantic At The Pharaoh's Court (1501),Egyptian,,,,,,,,,,
475,HaT British Heavy Dragoons (8033),British,,,,,,,,,,
476,Atlantic Medical Personnel (112),Italian,,,,,,,,,,
477,IMEX Munitions Wagon and Ambulance Wagon (514),USA,,,,,,,,,,
482,Heller Luftwaffe Personnel (79655),German,,,,,,,,,,
490,IMEX American Pioneers (516),USA,,,,,,,,,,
491,Atlantic The Trojan Army (1511),Anatolian,Turkish,,,,,,,,,
492,Strelets Russian and Prussian Chiefs of Staff (002),German,Prussian,Russian,,,,,,,,
493,Strelets French Foot Dragoons and Polish Grenadiers (009),French,Polish,,,,,,,,,
494,HaT Waterloo Dutch Infantry (8025),Dutch,,,,,,,,,,
495,Revell US Infantry (02520),USA,,,,,,,,,,
496,Italeri Celtic Cavalry (6029),British,French,,,,,,,,,
497,HaT Celtic Cavalry (8022),British,Celtic,French,German,Italian,,,,,,
498,Airfix WWI American Infantry (01729),USA,,,,,,,,,,
499,Revell Austrian Infantry (02574),Austrian,,,,,,,,,,
501,Esci Commonwealth Infantry (231),Australian,,,,,,,,,,
502,Atlantic Greek Cavalry (1510),Greek,,,,,,,,,,
503,Nexus Greek Cavalry (ATL06),Greek,,,,,,,,,,
504,Waterloo 1815 Greek Cavalry (P001),Greek,,,,,,,,,,
505,HaT French Dragoons (8009),French,,,,,,,,,,
506,Italeri French Dragoons (6015),French,,,,,,,,,,
507,Airfix WWII Gurkhas (01754),Nepalese,,,,,,,,,,
508,HaT WW2 Gurkhas (7017),Nepalese,,,,,,,,,,
509,Revell Indians (02555),USA,,,,,,,,,,
510,Esci Russian Grenadiers (236),Russian,,,,,,,,,,
511,Waterloo 1815 Folgore Division Infantry (002),Italian,,,,,,,,,,
512,Waterloo 1815 Folgore Division Light Artillery (004),Italian,,,,,,,,,,
513,LW German Cavalry 1914 (53),German,,,,,,,,,,
514,HaT Persian Heavy Cavalry (8050),Iranian,Persian,,,,,,,,,
515,HaT Persian Light Cavalry (8077),Iranian,Persian,,,,,,,,,
516,Zvezda Persian Chariot and Cavalry (8008),Iranian,Persian,,,,,,,,,
517,Italeri Persian Cavalry with Chariot (6036),Iranian,Persian,,,,,,,,,
519,HaT Spanish Cavalry (8055),CeltIberian,Spanish,,,,,,,,,
520,Odemars German Commanders (PF05),German,,,,,,,,,,
521,HaT Italian Ally Cavalry (8054),Italian,,,,,,,,,,
522,Atlantic Heavy Artillery (107),Italian,,,,,,,,,,
523,Italeri French Foreign Legion (6054),French,,,,,,,,,,
524,Esci Modern U.S. Soldiers (239),USA,,,,,,,,,,
525,Atlantic Mao - Chinese Revolution (9010),Chinese,,,,,,,,,,
526,Airfix German Mountain Troops (01752),German,,,,,,,,,,
527,Revell British Foot Artillery (02577),British,,,,,,,,,,
528,Atlantic Fliers (103),Italian,,,,,,,,,,
530,Airfix Guards Band (01701),British,,,,,,,,,,
531,Atlantic Ambulance (113),Italian,,,,,,,,,,
532,HaT British Rocket Troops (8003),British,,,,,,,,,,
533,Atlantic Air Force (102),Italian,,,,,,,,,,
534,HaT Austrian Line Infantry (8027),Austrian,,,,,,,,,,
537,Atlantic Outlaws and Sheriffs (1014),USA,,,,,,,,,,
538,Revell Praetorians (02552),Italian,Roman,,,,,,,,,
539,Dark Dream Studio Pilots of the First World War (72003),British,French,German,Russian,,,,,,,
540,Italeri British Hussars (6052),British,,,,,,,,,,
541,Italeri Union Infantry (6012),USA,,,,,,,,,,
542,Airfix WWI British Infantry (01727),British,,,,,,,,,,
543,Airfix Waterloo British Cavalry (Hussars) (01743),British,,,,,,,,,,
544,Accurate Waterloo British Cavalry (7210),British,,,,,,,,,,
545,HaT Imperial Roman Command (8075),Italian,Roman,,,,,,,,,
546,HaT Imperial Roman Auxiliaries (8074),German,Spanish,Syrian,,,,,,,,
548,Zvezda Russian Foot Artillery (8022),Russian,,,,,,,,,,
549,Italeri French Infantry (6043),French,,,,,,,,,,
550,Zvezda Russian Heavy Infantry Grenadiers (8020),Russian,,,,,,,,,,
551,HaT WW1 British Infantry (7002),British,,,,,,,,,,
552,Italeri Austrian Grenadiers and Infantry (6005),Austrian,,,,,,,,,,
553,Zvezda Gauls (8012),Celtic,French,,,,,,,,,
554,Italeri Austrian and Russian Allied General Staff (6037),Austrian,Russian,,,,,,,,,
555,Revell German Engineers (02508),German,,,,,,,,,,
556,Atlantic Buffalo Hunt (1001),USA,,,,,,,,,,
558,Esci Colonial India British Infantry (232),British,Indian,,,,,,,,,
559,LW Soviet 45mm Anti-Tank Gun 1932 (21),Russian,Soviet,,,,,,,,,
560,Revell Confederate Infantry (02558),Confederate,USA,,,,,,,,,
561,Airfix NATO Ground Crew (01758),British,German,Italian,Spanish,USA,,,,,,
562,Strelets Swedish Infantry of Charles XII (021),Swedish,,,,,,,,,,
563,MiniArt French Knights with Assault Ladders (72002),French,,,,,,,,,,
564,HaT Nubian Infantry (8079),Egyptian,Nubian,Sudanese,,,,,,,,
565,HaT Sea Peoples (8078),Sea People,,,,,,,,,,
566,Strelets Russian Uhlans (015),Russian,,,,,,,,,,
567,MiniArt French Foot Soldiers with Rams (72003),French,,,,,,,,,,
568,Strelets Russian Dragoons of Peter I (010),Russian,,,,,,,,,,
569,Atlantic Roman Legion (1515),Italian,Roman,,,,,,,,,
570,HaT French Line Fusiliers (8041),French,,,,,,,,,,
571,Revell German Paratroops (02521),German,,,,,,,,,,
572,LW Russian 122mm Howitzer M30 (41),Russian,Soviet,,,,,,,,,
573,HaT War Elephants (8023),Algerian,Carthaginian,Tunisian,,,,,,,,
574,Orion Boxer Rebellion (72009),Chinese,,,,,,,,,,
575,Airfix Waterloo Highland Infantry (01735),British,,,,,,,,,,
576,Esci Muslim Warriors (238),Afghan,Indian,Sudanese,,,,,,,,
577,Revell German Infantry (02504),German,,,,,,,,,,
578,Atlantic Geronimo - Apache (1003),USA,,,,,,,,,,
581,Emhar Viking Warriors (7205),Danish,Norwegian,Swedish,Viking,,,,,,,
583,IMEX Vikings (7214),Danish,Norwegian,Swedish,Viking,,,,,,,
584,Airfix Modern Russians (01760),Russian,,,,,,,,,,
585,HaT Numidian Cavalry (8024),Algerian,Numidian,,,,,,,,,
586,Revell Austrian Artillery (02579),Austrian,,,,,,,,,,
587,Atlantic Roman Cavalry (1516),Italian,Roman,,,,,,,,,
588,Zvezda French Infantry (8021),French,,,,,,,,,,
589,Zvezda French Guard Horse Artillery (8023),French,,,,,,,,,,
591,Italeri British and Prussian Allied General Staff (6065),British,German,Prussian,,,,,,,,
592,HaT Russian Dragoons (8012),Russian,,,,,,,,,,
593,Airfix Waterloo British Artillery (01746),British,,,,,,,,,,
595,Italeri British Infantry (6056),British,,,,,,,,,,
596,HaT Waterloo Lutzow Freikorps & Nassau Grenadiers (8097),German,Nassau,Prussian,,,,,,,,
597,HaT Dacians (8069),Dacian,Romanian,,,,,,,,,
598,HaT Ancient Germans (8068),German,,,,,,,,,,
599,Waterloo 1815 WWII Italian Infantry (007),Italian,,,,,,,,,,
600,A Call To Arms British Foot Artillery (64),British,,,,,,,,,,
601,HaT Waterloo Netherlands Militia and Belgian Infantry (8096),Belgian,Dutch,,,,,,,,,
602,IMEX Southwestern Alamo Accessories (533),Mexican,USA,,,,,,,,,
603,Esci NATO Pilots and Ground Crew (243),Belgian,British,Dutch,French,German,Italian,USA,,,,
604,Atlantic Buffalo Bill (1002),USA,,,,,,,,,,
606,IMEX Eastern Friendly Indians (522),USA,,,,,,,,,,
607,Revell German Armoured Infantry (02518),German,,,,,,,,,,
608,HaT Austrian Chevauxleger (8031),Austrian,,,,,,,,,,
609,Pegasus German Waffen SS (7201),German,,,,,,,,,,
610,Airfix Romans (01730),Italian,Roman,,,,,,,,,
611,HaT Romans (7010),Italian,Roman,,,,,,,,,
612,Atlantic The March on Rome - Mussolini and the Black Shirts (9007),Italian,,,,,,,,,,
615,Revell Prussian Infantry (02580),German,Prussian,,,,,,,,,
616,Italeri Russian Infantry (6057),Russian,Soviet,,,,,,,,,
617,HaT Italian Allies (8040),Italian,,,,,,,,,,
618,Italeri French Artillery Set (6031),French,,,,,,,,,,
619,Atlantic Sioux - Sitting Bull (1009),USA,,,,,,,,,,
620,Orion Red 1st Cavalry (72011),Russian,,,,,,,,,,
621,Airfix Royal Horse Artillery (01731),British,,,,,,,,,,
622,Revell Austrian Dragoons (02573),Austrian,Habsburg Imperial,,,,,,,,,
623,Atlantic Military Hospital (114),Italian,,,,,,,,,,
624,HaT French Young Guard (8034),French,,,,,,,,,,
625,BUM La Legion (5000),Spanish,,,,,,,,,,
626,Strelets Russian Medieval Horsemen (017),Russian,,,,,,,,,,
627,Strelets Russian Mounted Jägers (018),Russian,,,,,,,,,,
628,Strelets Anglo-Saxons (016),Anglo-Saxon,British,English,,,,,,,,
629,Strelets Norman Cavalry (012),French,Norman,,,,,,,,,
630,HaT WW1 Royal Horse Artillery (7005),British,,,,,,,,,,
631,HaT Carthaginian Allies (8058),Carthaginian,CeltIberian,Celtic,French,German,Italian,Libyan,Portuguese,Spanish,,
632,HaT French Light Infantry (8042),French,,,,,,,,,,
633,Atlantic Stampede (1013),USA,,,,,,,,,,
635,Atlantic Hitler - Brown Shirts - SS (9008),German,,,,,,,,,,
637,Zvezda French Dragoons (8024),French,,,,,,,,,,
638,Matchbox German Infantry (40190),German,,,,,,,,,,
639,Matchbox US Infantry (40191),USA,,,,,,,,,,
640,Matchbox German Pioneers (40192),German,,,,,,,,,,
641,Matchbox British Paratroopers (40193),British,,,,,,,,,,
642,Revell Conquistadors (02568),Spanish,,,,,,,,,,
643,Revell Aztecs (02569),Aztec,Mexican,,,,,,,,,
644,HaT British Marines and Sailors (8098),British,,,,,,,,,,
645,HaT 1806 Prussian Musketeers (8083),German,Prussian,,,,,,,,,
646,HaT 1806 Prussian Fusiliers (8084),German,Prussian,,,,,,,,,
647,Almark British Infantry (WD1),British,,,,,,,,,,
648,Almark British Infantry Weapons (WD2),British,,,,,,,,,,
649,Waterloo 1815 X Mas (010),Italian,,,,,,,,,,
651,Evolution Russo-Balt 1914 (EVC002),Russian,,,,,,,,,,
652,Odemars Oscan Infantry (PF10),Italian,,,,,,,,,,
653,Evolution Polish Infantry 1809-14 (EVF001),Polish,,,,,,,,,,
654,Evolution Macedonian Cavalry (EVF002),Greek,Macedonian,,,,,,,,,
655,Evolution Napoleonic French Military Band (EVF024),French,,,,,,,,,,
656,Evolution Napoleonic Polish Infantry (EVF027),Polish,,,,,,,,,,
657,Evolution Carthaginian Mercenaries (EVF029),Carthaginian,Tunisian,,,,,,,,,
658,Evolution Bactrian Cavalry (EVF003),Afghan,Tajik,Uzbek,,,,,,,,
659,Evolution Scythian Cavalry (EVF004),Scythian,,,,,,,,,,
671,Evolution Napoleonic War French Engineers (EVF017),French,,,,,,,,,,
673,Evolution Russian M30 Howitzer (EVF019),Russian,Soviet,,,,,,,,,
676,Evolution Russian Pilots and Ground Crew (EVF022),Russian,Soviet,,,,,,,,,
677,Evolution War Elephant (EVF023),Indian,,,,,,,,,,
681,Hasegawa WWII Pilot Figure Set (35008),British,German,Japanese,USA,,,,,,,
682,Italeri US Paratroopers (6063),USA,,,,,,,,,,
683,Armourfast WWII German Mortar Team (99006),German,,,,,,,,,,
684,Armourfast WWII German Machine Gun Team (99007),German,,,,,,,,,,
685,Zvezda Samurai Warriors - Cavalry (8025),Japanese,,,,,,,,,,
686,IMEX Stagecoach (517),USA,,,,,,,,,,
687,Evolution Russian Tank Crew (EVF031),Russian,Soviet,,,,,,,,,
688,Orion Turkish Janissaries (72010),Ottoman,Turkish,,,,,,,,,
689,LW Russian Tank Crew (20),Russian,Soviet,,,,,,,,,
691,LW German Horse Wagon (15),German,,,,,,,,,,
692,IMEX Conestoga Wagon (518),USA,,,,,,,,,,
693,Accurate Waterloo British Artillery (7211),British,,,,,,,,,,
695,Strelets Russian Line Infantry (025),Russian,,,,,,,,,,
696,LW Cossack Artillery (2012),Cossack,Ukrainian,,,,,,,,,
697,Strelets British Heavy Dragoons (023),British,,,,,,,,,,
698,Strelets French Light Infantry (024),French,,,,,,,,,,
699,Strelets Russian Terek Cossacks (026),Russian,,,,,,,,,,
701,LW War Elephant (32),Indian,,,,,,,,,,
702,First To Fight Polish Infantry Support Weapons (PL1939-027),Polish,,,,,,,,,,
703,Italeri British Commandos (6064),British,,,,,,,,,,
704,Hasegawa U.S. Infantry Combat Team (31129),USA,,,,,,,,,,
705,Zvezda Republican Roman Infantry (8034),Italian,Roman,,,,,,,,,
706,HaT Napoleonic Swedish Infantry (8091),Swedish,,,,,,,,,,
709,LW Samurai Warriors (2011),Japanese,,,,,,,,,,
710,Revell WWII German Paratroops (02532),German,,,,,,,,,,
711,Ykreol Chiefs of War (YK23),French,Hun,Italian,Roman,USA,,,,,,
712,Lucky Toys Austrian Uhlans (TL0005),Austrian,,,,,,,,,,
713,Italeri British Light Cavalry (6044),British,,,,,,,,,,
714,Evolution Cossack Artillery (EVF040),Russian,Ukrainian,,,,,,,,,
715,Lucky Toys Custer - The Last Hunt (TL0003),USA,,,,,,,,,,
716,"Lucky Toys Cheyennes, People of the Big Grasslands (TL0004)",USA,,,,,,,,,,
718,Lucky Toys Late Empire Romans (TL0002),Italian,Roman,,,,,,,,,
719,Italeri Gladiators (6062),Italian,Roman,,,,,,,,,
720,Esci Japanese Imperial Guard (8061),Japanese,,,,,,,,,,
721,Odemars French Revolution (PF09),French,,,,,,,,,,
722,Esci Eighth Army (8019),British,,,,,,,,,,
723,Caesar SAS (H001),British,,,,,,,,,,
725,Caesar German Infantry (H002),German,,,,,,,,,,
726,BUM Pz.KpfW-1a (5002),German,,,,,,,,,,
728,Caesar Japanese Samurai with Ninja (H003),Japanese,,,,,,,,,,
729,Strelets Saxon Garde du Corps (022),German,Saxon,,,,,,,,,
730,HaT WWI Russian Infantry Heavy Weapons Set (8080),Russian,,,,,,,,,,
732,Strelets British Highlanders (029),British,,,,,,,,,,
733,HaT WWI Austrian Infantry Heavy Weapons Set (8081),Austrian,,,,,,,,,,
734,Strelets Russian Cossack Infantry and Sailors (027),Russian,,,,,,,,,,
737,BUM Italian CTV (5003),Italian,,,,,,,,,,
738,Zvezda Russian Cuirassiers (8026),Russian,,,,,,,,,,
739,Strelets Russian Hussars (019),Russian,,,,,,,,,,
741,Esci German Anti-Tank Gun (8020),German,,,,,,,,,,
742,Preiser Modern US Infantry (72500),USA,,,,,,,,,,
743,HaT Imperial Roman Auxiliary Cavalry (8066),Italian,Roman,,,,,,,,,
744,HaT Imperial Roman Praetorian Cavalry (8067),Italian,Roman,,,,,,,,,
745,HaT Late Roman Cataphracts (8086),Italian,Roman,,,,,,,,,
746,Waterloo 1815 Dervish Infantry (011),Sudanese,,,,,,,,,,
747,HaT Gothic Cavalry (8085),Goth,Ukrainian,,,,,,,,,
748,LW Imperial Rome Legionary Artillery (7),Italian,Roman,,,,,,,,,
749,LW Medieval Russian Warriors (13),Russian,,,,,,,,,,
754,Esci 'Red Devils' British Paratroopers (8034),British,,,,,,,,,,
756,Hasegawa German Infantry Attack Group (31130),German,,,,,,,,,,
758,Revell French Horse Guard Artillery (02588),French,,,,,,,,,,
760,Hasegawa US Pilot/Ground Crew Set (35007),USA,,,,,,,,,,
763,Esci Red Guards (8017),Russian,Soviet,,,,,,,,,
764,Strelets Crimean Russian Hussars (034),Russian,,,,,,,,,,
765,Strelets Napoleon's General Staff (013),French,,,,,,,,,,
766,Strelets Scots Greys (030),British,,,,,,,,,,
767,HaT 1808-1812 French Line Infantry (8095),French,,,,,,,,,,
768,Armourfast WWII German BMW with Sidecar (99010),German,,,,,,,,,,
769,HaT Russian Militia (8099),Russian,,,,,,,,,,
771,Strelets Russian Naval Artillery (032),Russian,,,,,,,,,,
773,Linear-B Roman Port - 2 (075),Italian,Roman,,,,,,,,,
776,Armourfast WWII German Zundapp Motorcycle (99011),German,,,,,,,,,,
777,Preiser Horse Drawn Light Field Howitzer (16513),German,,,,,,,,,,
778,A Call To Arms British Infantry 1775 (65),British,,,,,,,,,,
780,Preiser Modern US Infantry (16529),USA,,,,,,,,,,
781,Strelets Zouaves (033),French,,,,,,,,,,
783,Preiser Soviet Infantry and Partisans 1942/43 (16530),Russian,Soviet,,,,,,,,,
784,BUM Republican Army (5001),Spanish,,,,,,,,,,
785,Esci US Soldiers (8016),USA,,,,,,,,,,
786,"Preiser German Paratroopers, Pilots and Ground Crew (16503)",German,,,,,,,,,,
787,"Preiser German Paratroopers, Pilots and Ground Crew (72516)",German,,,,,,,,,,
788,Preiser Home Leave (16542),German,,,,,,,,,,
789,Preiser Home Leave (72521),German,,,,,,,,,,
791,Esci Iwo-Jima Marines Landing (8062),USA,,,,,,,,,,
792,Revell WWII German Navy (02525),German,,,,,,,,,,
794,Waterloo 1815 Anglo-Egyptian Army (013),British,Egyptian,Sudanese,,,,,,,,
795,Zvezda French Knights (8036),French,,,,,,,,,,
796,Caesar Ch'in Dynasty Army (H004),Chinese,,,,,,,,,,
797,Caesar German Infantry with Winter Gear (H005),German,,,,,,,,,,
798,Caesar WWII Underground Resisters (Partisans) (H006),Belgian,Czech,Dutch,French,Italian,Polish,Yugoslavian,,,,
802,Preiser WWII German Infantry Advancing (16519),German,,,,,,,,,,
803,Odemars Wellington's Staff (PF14),British,,,,,,,,,,
804,Odemars Portuguese Infantry (CF02),Portuguese,,,,,,,,,,
805,IMEX Pilgrims (521),USA,,,,,,,,,,
806,IMEX Korean War US Army (529),USA,,,,,,,,,,
807,IMEX Chinese People's Liberation Army (531),Chinese,,,,,,,,,,
808,IMEX Republic of Korea Troops (530),South Korean,,,,,,,,,,
809,Dark Dream Studio Landsknechts (Pikemen) (72004),German,,,,,,,,,,
810,IMEX North Korean KPA (532),North Korean,,,,,,,,,,
811,Italeri Russian Infantry (6073),Russian,,,,,,,,,,
813,Strelets British Lancers (036),British,,,,,,,,,,
814,Strelets British Light Dragoons (040),British,,,,,,,,,,
815,Pegasus California Mission Indians (7051),Mexican,USA,,,,,,,,,
816,Strelets Guard of Peter I (031),Russian,,,,,,,,,,
817,HaT WWI German Artillery (8109),German,,,,,,,,,,
818,Italeri French Grenadiers (6072),French,,,,,,,,,,
819,Pegasus Waffen SS - Set 2 (7202),German,,,,,,,,,,
820,A Call To Arms Netherlands Infantry 1815 (66),Belgian,Dutch,,,,,,,,,
821,HaT Late Roman Heavy Infantry (8087),Italian,Roman,,,,,,,,,
822,Pegasus Germans in Berlin 1945 (7228),German,,,,,,,,,,
823,HaT Renault FT-17 with 37mm Cannon (8113),French,,,,,,,,,,
824,HaT Renault FT-17 with Hotchkiss Machine Gun (8114),French,,,,,,,,,,
825,Strelets Reitars of Charles XII (035),Swedish,,,,,,,,,,
826,Strelets Russian Grenadiers (039),Russian,,,,,,,,,,
827,HaT WWII Polish Infantry (8115),Polish,,,,,,,,,,
828,Odemars Spanish Infantry (CF01),Spanish,,,,,,,,,,
829,HaT WWI Ottoman Artillery and Machine Guns (8094),Ottoman,Turkish,,,,,,,,,
830,Pegasus German Mortar Teams (7204),German,,,,,,,,,,
831,HaT WWI German Heavy Weapons Set (8110),German,,,,,,,,,,
832,HaT Imperial Roman Extra Heavy Legionaries (8064),Italian,Roman,,,,,,,,,
833,Preiser Resting Infantry and Provost Corps Officers (16501),German,,,,,,,,,,
834,Preiser Resting Infantry (72505),German,,,,,,,,,,
835,Zvezda French Imperial Old Guard (8030),French,,,,,,,,,,
836,Italeri Indian Warriors (6061),USA,,,,,,,,,,
837,Italeri American Infantry (6060),USA,,,,,,,,,,
839,Esci Afrika Korps (8018),German,,,,,,,,,,
840,Odemars Carpentum (PF08),Roman,,,,,,,,,,
841,Fujimi British Infantry (76029),British,,,,,,,,,,
842,Caesar Assyrian Army (H007),Syrian,,,,,,,,,,
843,Caesar Egyptian Army (H009),Egyptian,,,,,,,,,,
845,Emhar Saxon Warriors (7206),British,English,Saxon,,,,,,,,
846,IMEX Saxons (7215),Anglo-Saxon,British,,,,,,,,,
847,LW Portugal Artillery (2004),Portuguese,,,,,,,,,,
849,Preiser German Soldiers Walking and Standing (16543),German,,,,,,,,,,
850,Hasegawa Kubelwagen / BMW Side Car (31112),German,,,,,,,,,,
852,Fujimi German Infantry with Gasmasks (76028),German,,,,,,,,,,
854,Esci Nebelwerfer 41 (8033),German,,,,,,,,,,
855,Orion Roman Siege Troops (72008),Italian,Roman,,,,,,,,,
856,LW Swiss Mercenaries (8),Swiss,,,,,,,,,,
857,Preiser German Motorised Infantry (72503),German,,,,,,,,,,
858,Preiser German Motorised Infantry (16520),German,,,,,,,,,,
860,Evolution Russian Medieval Knights (EVF055),Russian,,,,,,,,,,
861,Caesar Saladin with Saracen Cavalry (H018),Egyptian,Iraqi,Syrian,,,,,,,,
862,Caesar Medieval Knights (Crusaders) (H017),Frankish,,,,,,,,,,
864,Preiser German Infantry Dismounting (16528),German,,,,,,,,,,
865,Preiser German Infantry Dismounting (72501),German,,,,,,,,,,
866,MiniArt Burgundian Mounted Knights (72006),Burgundian,French,,,,,,,,,
867,MiniArt French Mounted Knights (72007),French,,,,,,,,,,
868,Strelets Allied Chiefs of Staff (2) (011),Austrian,British,,,,,,,,,
869,Strelets US Cavalry (1) (041),USA,,,,,,,,,,
870,Strelets Artillery of Peter I (042),Russian,,,,,,,,,,
871,Strelets Artillery of Charles XII (043),Swedish,,,,,,,,,,
872,Strelets Roman Auxiliaries Ranks (M124),Italian,Roman,,,,,,,,,
873,Strelets French Foreign Legion Artillery (290),French,,,,,,,,,,
874,Linear-A Imperial Guardsmen of Emperor Justinian I (040),Byzantine,Turkish,,,,,,,,,
875,Linear-A The Nika Revolt (041),Byzantine,Turkish,,,,,,,,,
876,Emhar Russian Artillery (7208),Russian,,,,,,,,,,
877,Emhar American Infantry (7209),USA,,,,,,,,,,
878,Emhar Charge of the Light Brigade (7207),British,,,,,,,,,,
879,Atlantic Seamen (108),Italian,,,,,,,,,,
880,Strelets Medieval Britain (071),British,,,,,,,,,,
881,Strelets Lieb-Drabants of Charles XII (044),Swedish,,,,,,,,,,
882,Zvezda Saxon Cuirassiers (8035),German,Saxon,,,,,,,,,
883,Waterloo 1815 Italian Carabiniers (005),Italian,,,,,,,,,,
884,Waterloo 1815 Italian Bersaglieri (015),Italian,,,,,,,,,,
885,Fujimi Japanese Infantry (76030),Japanese,,,,,,,,,,
886,Italeri Prussian Infantry (6067),German,Prussian,,,,,,,,,
887,Italeri French Infantry (6066),French,,,,,,,,,,
888,Zvezda Samurai Army Headquarters (8029),Japanese,,,,,,,,,,
889,Lucky Toys Roman Commander's Cavalry (TL0007),Italian,Roman,,,,,,,,,
890,HaT WWII German Motorcycle with Sidecar (8126),German,,,,,,,,,,
891,HaT WWII German Motorcycles (8127),German,,,,,,,,,,
892,Fujimi Flight Deck Crew and Carrier Tractor (35001),USA,,,,,,,,,,
893,Fujimi Flight Deck Crew and Fire Engine (35002),USA,,,,,,,,,,
894,Lucky Toys King Porus' Army (TL0008),Indian,,,,,,,,,,
896,Odemars Bosnian Infantry (PF11),Bosnian,,,,,,,,,,
897,Strelets Confederate General Staff (047),Confederate,USA,,,,,,,,,
899,Strelets Napoleon's General Staff (2) (048),French,,,,,,,,,,
900,Italeri Russian Infantry (Winter Uniform) (6069),Russian,Soviet,,,,,,,,,
901,Strelets British Line Infantry (028),British,,,,,,,,,,
902,Italeri German Elite Troops (6068),German,,,,,,,,,,
904,Caesar Biblical Era Libyan Warriors (H022),Libyan,,,,,,,,,,
905,HaT Assyrian Infantry (8092),Assyrian,Syrian,,,,,,,,,
906,Orion Parthian Heavy Cavalry (72021),Iranian,Parthian,,,,,,,,,
907,Strelets Union General Staff (1) (046),USA,,,,,,,,,,
908,MiniArt Italian Knights (72008),Italian,,,,,,,,,,
909,Caesar Hittite Warriors (H008),Anatolian,Hittite,Turkish,,,,,,,,
910,Coates & Shine WWI Serbian Infantry (8122),Serbian,,,,,,,,,,
911,Coates & Shine WWI German Colonial Infantry (8123),Burundi,Rwandan,Tanzanian,,,,,,,,
912,HaT Assyrian Allied Infantry (8121),Assyrian,Iraqi,Syrian,,,,,,,,
913,Mars German Don Cossacks (72113),Russian,Ukrainian,,,,,,,,,
914,Hegemony Long Range Desert Group (HG001),British,,,,,,,,,,
916,Zvezda Republican Roman Cavalry (8038),Italian,Roman,,,,,,,,,
917,Caesar Trojan Army (H019),Anatolian,Trojan,Turkish,,,,,,,,
918,Caesar Mycenaean Army (H020),Greek,,,,,,,,,,
919,HaT WWII Romanian Infantry (8118),Romanian,,,,,,,,,,
920,Preiser US Army Air Force Personnel (16521),USA,,,,,,,,,,
923,HaT WWI US Infantry (8112),USA,,,,,,,,,,
925,Esci British 25 Pdr Gun (8045),British,,,,,,,,,,
926,Italeri German Afrikakorps (6076),German,,,,,,,,,,
927,Italeri British 8th Army (6077),British,,,,,,,,,,
928,Fujimi US Army Infantry (76027),USA,,,,,,,,,,
930,Preiser Modern US Infantry in Action (16533),USA,,,,,,,,,,
931,Preiser Modern US Infantry in Action (72519),USA,,,,,,,,,,
932,Preiser Soviet Infantrymen on a Tank (72525),Russian,Soviet,,,,,,,,,
933,Preiser Soviet Infantrymen on a Tank (16545),Russian,Soviet,,,,,,,,,
934,Preiser Soviet Infantrymen on a Tank (16532),Russian,Soviet,,,,,,,,,
935,Preiser Soviet Infantrymen on a Tank (72523),Russian,Soviet,,,,,,,,,
936,Pegasus U.S.M.C. in Vietnam (7401),USA,,,,,,,,,,
937,Pegasus US Rangers D-Day (7351),USA,,,,,,,,,,
938,Preiser Luftwaffe Pilots and Ground Crew (72508),German,,,,,,,,,,
939,Preiser Luftwaffe Pilots and Ground Crew (16502),German,,,,,,,,,,
940,Hegemony Northern Wei (HG002),Chinese,,,,,,,,,,
941,Strelets Pickett's Charge 1 (148),Confederate,USA,,,,,,,,,
942,Waterloo 1815 Austrian Infantry 1859 (017),Austrian,,,,,,,,,,
943,Caesar Assyrian Cavalry (H010),Assyrian,Iraqi,Syrian,,,,,,,,
944,Waterloo 1815 Austrian Artillery 1859 (018),Austrian,,,,,,,,,,
949,Caesar Assyrian Chariot (H011),Assyrian,Syrian,,,,,,,,,
950,Fujimi German Infantry (76025),German,,,,,,,,,,
951,Strelets Boers (056),Boer,South African,,,,,,,,,
952,Preiser Modern German/NATO Pilots and Ground Crew (72520),German,,,,,,,,,,
953,Strelets British Lancers (055),British,,,,,,,,,,
955,Strelets Australian Lancers (054),Australian,,,,,,,,,,
956,Strelets Bengal Lancers (057),Indian,,,,,,,,,,
957,Strelets Mounted Boers (037),Boer,South African,,,,,,,,,
958,Italeri American Special Forces (6078),USA,,,,,,,,,,
959,Italeri Vietnamese Army / Vietcong (6079),Vietnamese,,,,,,,,,,
961,Strelets British Infantry (038),British,,,,,,,,,,
962,Fujimi Bridge and Checkpoint (36039),German,,,,,,,,,,
963,Fujimi Field Accessories (36038),German,,,,,,,,,,
965,Zvezda French Foot Artillery (8028),French,,,,,,,,,,
967,Preiser German Tank Crew (16500),German,,,,,,,,,,
968,Preiser German Tank Crew (72507),German,,,,,,,,,,
969,Odemars Iberian Infantry (PF13),CeltIberian,Spanish,,,,,,,,,
980,Fujimi Kubel Wagen (76054),German,,,,,,,,,,
981,Orion Medieval Siege Troops (72019),British,English,French,German,Italian,Scottish,Spanish,,,,
982,HaT French Limber (8105),French,,,,,,,,,,
983,Coates & Shine Indian Cavalry (8131),Indian,,,,,,,,,,
984,HaT WWII German Mounted Infantry (8120),German,,,,,,,,,,
985,HaT WWII German Bicyclists (8119),German,,,,,,,,,,
1007,Metch Samurai Warlords (172003),Japanese,,,,,,,,,,
1014,Linear-A The Etruscans Cavalry: Set 2 (022),Italian,,,,,,,,,,
1020,HaT Assyrian Cavalry (8125),Assyrian,Iraqi,Syrian,,,,,,,,
1021,HaT French Ammunition Caisson (8101),French,,,,,,,,,,
1022,Orion German Paratroopers (72018),German,,,,,,,,,,
1023,Zvezda Russian Strelets Infantry (8040),Russian,,,,,,,,,,
1024,Strelets German Dragoons (045),German,,,,,,,,,,
1025,Strelets Russian Dragoons (058),Russian,,,,,,,,,,
1026,Strelets Don Cossacks (059),Cossack,Russian,,,,,,,,,
1027,Strelets German Hussars (060),German,,,,,,,,,,
1028,Strelets German Uhlans (072),German,,,,,,,,,,
1029,Strelets Kuban\Terek Cossacks (073),Russian,,,,,,,,,,
1030,RedBox Picts (72001),British,Pictish,,,,,,,,,
1031,IMEX The Charge of the Light Brigade (7216),British,,,,,,,,,,
1032,IMEX Russian Artillery (7217),Russian,,,,,,,,,,
1033,IMEX American WWI Infantry (7218),USA,,,,,,,,,,
1034,LW Roman Assault Troops (9),Italian,Roman,,,,,,,,,
1035,Evolution Roman Assault Troops Testudo (EVF035),Italian,Roman,,,,,,,,,
1036,MiniArt Swiss Infantry (72009),Swiss,,,,,,,,,,
1037,IMEX American Artillery (554),USA,,,,,,,,,,
1038,IMEX British Artillery (555),British,,,,,,,,,,
1039,Evolution Dacian Cavalry (EVF036),Dacian,Romanian,,,,,,,,,
1040,Zvezda Carthaginian Infantry (8010),Carthaginian,Tunisian,,,,,,,,,
1041,Evolution Sarmat Cavalry (EVF037),Russian,Sarmatian,Ukrainian,,,,,,,,
1042,IMEX Mexican Round Hat Infantry (553),Mexican,,,,,,,,,,
1043,Caesar Modern US Army (H030),USA,,,,,,,,,,
1045,BUM Militian Army (5004),Spanish,,,,,,,,,,
1046,Caesar Arab Camel Riders and Bedouin (H023),Arab,,,,,,,,,,
1047,Evolution Bosporan Cavalry (EVF038),Ukrainian,,,,,,,,,,
1048,Caesar Hittite Chariots (H012),Hittite,Turkish,,,,,,,,,
1049,Caesar Mitannian Mariyannu Chariot (H015),Mitannian,Syrian,,,,,,,,,
1050,Atlantic Navy (109),Italian,,,,,,,,,,
1053,Preiser German Panzergrenadiers Advancing (72527),German,,,,,,,,,,
1054,Strelets Auxiliaries on the March (M125),Italian,Roman,,,,,,,,,
1055,RedBox Colonial British Army 1890 (72003),British,,,,,,,,,,
1056,RedBox Afghan Warriors (72004),Afghan,,,,,,,,,,
1058,Preiser German Paratroopers (16508),German,,,,,,,,,,
1061,Italeri British 95th Regiment (6083),British,,,,,,,,,,
1062,Italeri Mamelukes (6082),French,,,,,,,,,,
1065,Preiser Soviet Guards Infantry 1942 (16505),Russian,Soviet,,,,,,,,,
1066,Preiser German Armoured Infantry (16504),German,,,,,,,,,,
1068,Strelets British Hussars (050),British,,,,,,,,,,
1069,MiniArt German Knights (72011),German,,,,,,,,,,
1070,Strelets German Cuirassiers (077),German,,,,,,,,,,
1071,Strelets Scottish Army of Robert Bruce (081),British,Scottish,,,,,,,,,
1073,RedBox Japanese Warrior Monks (72005),Japanese,,,,,,,,,,
1074,Strelets Union General Staff (2) (080),USA,,,,,,,,,,
1075,RedBox Ashigaru (Archers and Arquebusiers) (72006),Japanese,,,,,,,,,,
1076,Strelets Russian Hussars (076),Russian,,,,,,,,,,
1077,Strelets Russian Army of Alexander Nevsky (082),Muscovite,Russian,,,,,,,,,
1078,HaT Spanish Guerillas (8116),Spanish,,,,,,,,,,
1079,HaT Sumerian Infantry (8132),Iraqi,Sumerian,,,,,,,,,
1080,HaT Sumerian Chariots (8130),Iraqi,Sumerian,,,,,,,,,
1081,HaT French Heavy Ambulance (8104),French,,,,,,,,,,
1082,Italeri French Cuirassiers (6084),French,,,,,,,,,,
1084,Zvezda Swedish Infantry (8048),Swedish,,,,,,,,,,
1085,HaT French Baggage Wagon (8106),French,,,,,,,,,,
1086,HaT Assyrian Chariots (8124),Assyrian,Iraqi,Syrian,,,,,,,,
1090,Strelets British Infantry on the March (141),British,,,,,,,,,,
1093,Preiser US Tank Crew 2000 (72524),USA,,,,,,,,,,
1094,Italeri Prussian Light Cavalry (6081),German,Prussian,,,,,,,,,
1095,Caesar Inca Warriors (H026),Incan,Peruvian,,,,,,,,,
1096,Caesar Hebrew Warriors (H014),Israeli,,,,,,,,,,
1097,Odemars French Grenadiers (CF03),French,,,,,,,,,,
1098,Caesar Ancient Egyptian Warriors (H047),Egyptian,,,,,,,,,,
1099,Evolution Roxolan Cavalry (EVF039),Sarmatian,Ukrainian,,,,,,,,,
1100,Caesar Egyptian Sherden the Royal Guards (H050),Egyptian,,,,,,,,,,
1101,Italeri French Light Cavalry (6080),French,,,,,,,,,,
1102,Caesar The Sea Peoples (H048),Sea People,,,,,,,,,,
1103,Strelets Normans (M001),French,Norman,,,,,,,,,
1104,Orion Ukrainian Foot Cossacks and Artillery (72013),Ukrainian,,,,,,,,,,
1105,RedBox Ashigaru (Spearmen) (72007),Japanese,,,,,,,,,,
1106,Caesar Maya Warriors (H027),Belize,Guatamalan,Mayan,Mexican,,,,,,,
1107,Strelets Norman Archers (M002),French,Norman,,,,,,,,,
1108,Orion Assyrian Rams (72022),Assyrian,Iraqi,Syrian,,,,,,,,
1109,Odemars The Nativity (CREA02),Israeli,Judean,,,,,,,,,
1110,Strelets Anglo-Saxons (M003),Anglo-Saxon,British,English,,,,,,,,
1111,Zvezda French Elite Infantry. Voltigeurs (8042),French,,,,,,,,,,
1112,Mars Pirates of the Caribbean (72009),British,Dutch,English,French,Spanish,,,,,,
1113,Strelets Vikings (M004),Danish,Norwegian,Swedish,Viking,,,,,,,
1114,Caesar Philistine Warriors (H046),Sea People,,,,,,,,,,
1116,Strelets Don Cossacks (052),Russian,,,,,,,,,,
1117,Emhar French Infantry 1854-1871 (7211),French,,,,,,,,,,
1119,Strelets Russian General Staff and Hospital (051),Russian,,,,,,,,,,
1120,Emhar Zouaves (7212),French,,,,,,,,,,
1122,Waterloo 1815 Italian Infantry (019),Italian,,,,,,,,,,
1124,Strelets Don Cossacks in Summer Dress (083),Russian,,,,,,,,,,
1127,Revell Vietcong (02526),Vietnamese,,,,,,,,,,
1130,HaT WWI Canadian Infantry (8111),Canadian,,,,,,,,,,
1132,IMEX German Troops (528),German,,,,,,,,,,
1133,HaT Parthian Heavy Cavalry (8145),Iranian,Iraqi,Parthian,,,,,,,,
1134,HaT Parthian Light Cavalry (8144),Iranian,Parthian,,,,,,,,,
1135,HaT 1806 Prussian Elites (8136),German,Prussian,,,,,,,,,
1136,HaT 1806 Prussian Grenadiers (8135),German,Prussian,,,,,,,,,
1138,Pegasus German Army Infantry 1939 (7499),German,,,,,,,,,,
1139,IMEX Easy Company American (527),USA,,,,,,,,,,
1140,Valiant Classic German Infantry 1944/45 (VM002),German,,,,,,,,,,
1141,Valiant British Tommies 1944/45 (VM001),British,,,,,,,,,,
1143,HaT Württemberg Infantry (8093),German,W&uuml;rttemberg,,,,,,,,,
1144,Italeri Iwo Jima Flag Raisers (6098),USA,,,,,,,,,,
1145,Revell American Special Forces (02527),USA,,,,,,,,,,
1146,Zvezda Carthaginian Numidian Cavalry (8031),Algerian,Tunisian,,,,,,,,,
1147,Strelets Russian Crimean Uhlans (061),Russian,,,,,,,,,,
1148,Strelets Russian Crimean Dragoons (063),Russian,,,,,,,,,,
1149,Strelets Roman Legion on the March (M007),Italian,Roman,,,,,,,,,
1150,Strelets Roman Legion in Battle (M009),Italian,Roman,,,,,,,,,
1151,Zvezda Russian Infantry of Peter the Great (8049),Russian,,,,,,,,,,
1153,Caesar The Conquistadores (H025),Spanish,,,,,,,,,,
1155,Strelets Roman Auxiliaries in Battle (M008),Italian,Roman,,,,,,,,,
1156,Odemars Jesus' Home (with Jesus) (CREA03),Israeli,Judean,,,,,,,,,
1157,Zvezda The Janissaries (8050),Ottoman,Turkish,,,,,,,,,
1158,MiniArt Roman Infantry (72012),Italian,Roman,,,,,,,,,
1159,GerMan Musketeers of the French King (0001),French,,,,,,,,,,
1160,Co.Ma. Bersaglieri (409),Italian,,,,,,,,,,
1161,Dapol Railway Workmen (C002),British,,,,,,,,,,
1162,Dapol Platform Figures (C008),British,,,,,,,,,,
1163,Coates & Shine Macedonian Elephant (8141),Macedonian,,,,,,,,,,
1164,HaT Nassau Infantry (8147),German,Nassau,,,,,,,,,
1165,HaT Late Roman Missile Troops (8137),Italian,Roman,,,,,,,,,
1166,Zvezda English Knights of the 100 Years War (8044),British,English,,,,,,,,,
1167,HaT 1805 French Line Infantry in Greatcoats (8146),French,,,,,,,,,,
1168,Zvezda Roman Imperial Legionaries (8043),Italian,Roman,,,,,,,,,
1169,Strelets Russian Grenadiers in Winter Dress (M011),Russian,,,,,,,,,,
1170,GerMan Cuban War Spanish Infantry (0003),Spanish,,,,,,,,,,
1171,HaT Gallic Warband (8089),Celtic,French,,,,,,,,,
1173,Italeri French Infantry 1798-1805 (6092),French,,,,,,,,,,
1174,Strelets French Cuirassiers in Winter Dress (089),French,,,,,,,,,,
1175,Odemars Defenders of Berlin (PF07),German,,,,,,,,,,
1176,Odemars The Last Defenders of Berlin (PF17),German,,,,,,,,,,
1177,Strelets Russian Hussars in Winter Dress (087),Russian,,,,,,,,,,
1178,MiniArt Hussites (72010),Czech,Hussite,,,,,,,,,
1179,RedBox Japanese Peasant Infantry (72010),Japanese,,,,,,,,,,
1180,Strelets Borodino (084),French,Russian,,,,,,,,,
1181,Caesar Nubian Warriors (H049),Nubian,Sudanese,,,,,,,,,
1182,Strelets French Guard Chasseurs in Winter Dress (M010),French,,,,,,,,,,
1183,Coates & Shine Indian Elephant (8142),Indian,,,,,,,,,,
1184,BUM Spanish Security Forces (5010),Spanish,,,,,,,,,,
1185,Strelets Norman Knights (085),French,Norman,,,,,,,,,
1186,Strelets Breton Knights (086),Breton,French,,,,,,,,,
1187,Caesar Ancient Egyptian Chariots (H024),Egyptian,,,,,,,,,,
1188,Italeri British Infantry 1815 (6095),British,,,,,,,,,,
1189,Strelets Medieval Levy (2) (M006),British,Dutch,English,French,German,Italian,Scottish,Spanish,,,
1190,Caesar Roman Legionary (H041),Italian,Roman,,,,,,,,,
1191,RedBox Ashigaru (Command and Support Group) (72008),Japanese,,,,,,,,,,
1192,Orion Assyrian Siege Tower (72023),Assyrian,Iraqi,,,,,,,,,
1193,Caesar Ancient Germans (H040),German,,,,,,,,,,
1195,RedBox Ninja (72011),Japanese,,,,,,,,,,
1196,RedBox Ikko-ikki (72009),Japanese,,,,,,,,,,
1197,Strelets Arab Cavalry (092),Arab,,,,,,,,,,
1198,Strelets Turcopoles (090),Syrian,,,,,,,,,,
1199,Strelets Military Order Sergeants (088),Frankish,French,German,,,,,,,,
1201,Strelets Muslim Archers (M014),Arab,Egyptian,Syrian,Turkish,,,,,,,
1203,Strelets Into The Valley of Death (901),British,,,,,,,,,,
1204,MiniArt Roman Cavalry (72014),Italian,Roman,,,,,,,,,
1205,Zvezda Vikings (8046),Danish,Norwegian,Swedish,Viking,,,,,,,
1206,Zvezda Ancient Egyptian Infantry (8051),Egyptian,,,,,,,,,,
1208,Italeri Austrian Infantry 1798-1805 (6093),Austrian,,,,,,,,,,
1209,Italeri ZiS 3 AT Gun with servants (6097),Russian,Soviet,,,,,,,,,
1210,GerMan Jacobite Highlanders (0010),British,,,,,,,,,,
1211,Orion Volkssturm (72017),German,,,,,,,,,,
1212,BUM Winter Infantry (5007),Spanish,,,,,,,,,,
1213,Waterloo 1815 Prussian Infantry 1815 (020),German,Prussian,,,,,,,,,
1214,Strelets Roman Auxiliaries 2 (M016),Italian,Roman,,,,,,,,,
1215,BUM Spanish Civil War Cavalry (5014),Spanish,,,,,,,,,,
1216,Strelets Napoleonic French Cuirassiers (Summer Dress) (094),French,,,,,,,,,,
1217,Strelets Guides of Napoleon (095),French,,,,,,,,,,
1218,Strelets French Hussars (096),French,,,,,,,,,,
1219,Orion Cossack Cavalry (72014),Polish,Ukrainian,,,,,,,,,
1220,Coates & Shine Indian Infantry IV BC (8154),Indian,,,,,,,,,,
1221,Strelets Germanic Horsemen (098),German,,,,,,,,,,
1222,Strelets Batavian Cavalry in Roman Service (097),Dutch,,,,,,,,,,
1223,Strelets Turkish Seljukes Cavalry (093),Turkish,,,,,,,,,,
1226,HaT French Middle Guard: Fusilier Grenadiers (8167),French,,,,,,,,,,
1227,HaT 1805-1812 French Line Grenadiers (8166),French,,,,,,,,,,
1228,MiniArt Germanic Warriors (72013),German,,,,,,,,,,
1229,Waterloo 1815 Japanese Infantry (022),Japanese,,,,,,,,,,
1230,Coates & Shine Theban Army (8129),Greek,,,,,,,,,,
1231,HaT Late Roman Medium Infantry (8100),Italian,Roman,,,,,,,,,
1232,Emhar Prussian Infantry (7213),German,Prussian,,,,,,,,,
1233,HaT Napoleonic French Wurst Wagon (8102),French,,,,,,,,,,
1234,Zvezda Roman Auxiliary Infantry (8052),Italian,Roman,,,,,,,,,
1235,RedBox Korean Infantry (72012),Korean,North Korean,South Korean,,,,,,,,
1236,Italeri PaK 40 AT Gun with Servants (6096),German,,,,,,,,,,
1237,LW Sarmation Cavalry (16),Iranian,Russian,Sarmatian,Ukrainian,,,,,,,
1239,Coates & Shine Gothic Army (8133),German,Goth,Polish,,,,,,,,
1240,HaT French Field Forge (8107),French,,,,,,,,,,
1241,Italeri British Light Cavalry 1815 (6094),British,,,,,,,,,,
1242,Airfix WWII British Infantry (01762),British,,,,,,,,,,
1243,GerMan Spanish Rifle Battalion 'La Patria' (0004),Spanish,,,,,,,,,,
1244,LW Dacian Infantry (2010),Dacian,Romanian,,,,,,,,,
1245,Zvezda English Infantry of the 100 Years War (8060),British,English,,,,,,,,,
1246,Orion Scythian Infantry (72025),Polish,Russian,Scythian,Ukrainian,,,,,,,
1247,Strelets Russian Infantry in Summer Uniform (M018),Russian,,,,,,,,,,
1248,Strelets Russian Infantry in Winter Uniform (M017),Russian,Soviet,,,,,,,,,
1249,Valiant American GIs 1942/44 (VM003),USA,,,,,,,,,,
1250,Strelets Roman Legion before Battle (M019),Italian,Roman,,,,,,,,,
1251,Zvezda French Infantry of the Hundred Years War (8053),French,,,,,,,,,,
1252,RedBox Chinese Infantry (72015),Chinese,,,,,,,,,,
1253,Strelets Roman Cavalry in Battle (100),Italian,Roman,,,,,,,,,
1254,Strelets Roman Cavalry on the March (099),Italian,Roman,,,,,,,,,
1255,Italeri Mongol Cavalry (6124),Mongolian,,,,,,,,,,
1256,HaT British Camel Corps (8194),British,,,,,,,,,,
1257,HaT Egyptian Camel Corps (8193),Egyptian,,,,,,,,,,
1258,Pegasus Gladiators (7100),Italian,Roman,,,,,,,,,
1259,Strelets Heavy Brigade (902),British,,,,,,,,,,
1260,Pegasus Russian Naval Infantry (7270),Russian,Soviet,,,,,,,,,
1261,Pobeda Finnish Army (72300),Finnish,,,,,,,,,,
1271,Mars Swedish Infantry (72020),Swedish,,,,,,,,,,
1272,Mars Russian Paratroopers Spetsnaz (72001),Russian,,,,,,,,,,
1273,Mars Modern US Soldiers (72003),USA,,,,,,,,,,
1278,Mars Russian Heavy Weapon Team (72008),Russian,Soviet,,,,,,,,,
1279,Mars Xerxes Army (72010),Iranian,Persian,,,,,,,,,
1284,Mars Swedish Artillery (72015),Swedish,,,,,,,,,,
1285,Mars French Artillery (72016),French,,,,,,,,,,
1286,Mars US Infantry with 37mm Gun (72017),USA,,,,,,,,,,
1287,Mars Aztec Warriors (72018),Aztec,Mexican,,,,,,,,,
1288,Mars Conquistadores (72019),Spanish,,,,,,,,,,
1289,Mars Mujahideen (72002),Afghan,,,,,,,,,,
1290,Zvezda Russian Mounted Knights (8039),Russian,,,,,,,,,,
1291,HaT Gallic Chariot with Warrior Queen (8140),British,Celtic,French,Italian,,,,,,,
1292,Odemars British Infantry for Hougoumont (PF20),British,,,,,,,,,,
1293,GerMan Mounted Musketeers (0011),French,,,,,,,,,,
1294,HaT WWI French Infantry (Early) (8148),French,,,,,,,,,,
1295,Strelets Napoleonic French Uhlans in Winter Dress (101),French,,,,,,,,,,
1296,LW Jewish Infantry (2008),Israeli,Judean,,,,,,,,,
1297,RedBox Korean Heavy Infantry (72014),Korean,North Korean,South Korean,,,,,,,,
1298,Zvezda Turkish Cavalry (8054),Ottoman,Turkish,,,,,,,,,
1299,Odemars French Infantry for Hougoumont (PF19),French,,,,,,,,,,
1300,Orion Scythian Cavalry (72024),Polish,Russian,Scythian,Ukrainian,,,,,,,
1301,HaT Napoleonic Swedish Cavalry (8178),Swedish,,,,,,,,,,
1302,GerMan Napoleonic French Camel Corps (0022),French,,,,,,,,,,
1303,Caesar WWII Chinese Army (H036),Chinese,,,,,,,,,,
1305,Pegasus German 75mm le IG18 (7510),German,,,,,,,,,,
1306,Orion Basmachi (72026),Kazakhstani,Kyrgyzstani,Tajikistani,Turkmenistani,Uzbek,,,,,,
1307,HaT French Guard Chasseurs (8170),French,,,,,,,,,,
1308,RedBox Korean Guerrillas (72013),Korean,North Korean,South Korean,,,,,,,,
1310,Caesar German Army (H035),German,,,,,,,,,,
1311,Lucky Toys Piedmont Infantry and Bersaglieri (TL0006),Italian,,,,,,,,,,
1312,Lucky Toys Garibaldi 'Red Shirts' (TL0009),Italian,,,,,,,,,,
1313,GerMan Bergisel 1809 (0030),Austrian,,,,,,,,,,
1314,Mars Austrian Uhlans (72021),Austrian,,,,,,,,,,
1315,Zvezda Polish Winged Hussars (8041),Polish,,,,,,,,,,
1316,RedBox US Infantry (72017),USA,,,,,,,,,,
1317,Emhar Viking Oarsmen (7218),Danish,Norwegian,Swedish,Viking,,,,,,,
1318,Italeri Templar Knights (6125),German,,,,,,,,,,
1319,Caesar German Panzergrenadiers (Set 1) (H052),German,,,,,,,,,,
1320,LW Dacian Allies (10),Romanian,,,,,,,,,,
1325,HaT Gallic Command (8138),Celtic,French,Gaul,,,,,,,,
1326,RedBox Sikhs (72021),Indian,,,,,,,,,,
1327,BUM National Regular Army (5005),Spanish,,,,,,,,,,
1328,Zvezda Swedish Dragoons of Charles XII (8057),Swedish,,,,,,,,,,
1329,Waterloo 1815 Prussian Hussars (021),German,Prussian,,,,,,,,,
1330,Waterloo 1815 Prussian Death's Head Hussars (032),German,Prussian,,,,,,,,,
1331,Caesar Republican Roman Army (H045),Italian,Roman,,,,,,,,,
1332,Italeri D.A.K. Infantry (6099),German,,,,,,,,,,
1335,HaT 1805 French Grenadiers and Voltigeurs (8171),French,,,,,,,,,,
1336,RedBox Russian Infantry (72018),Russian,,,,,,,,,,
1337,RedBox Japanese Infantry (72020),Japanese,,,,,,,,,,
1338,BUM Rif War 1920-1927 (5100),Spanish,,,,,,,,,,
1339,Emhar Crested Knights (7210),British,English,,,,,,,,,
1340,Emhar British Infantry (7214),British,,,,,,,,,,
1341,Emhar French Infantry (7216),French,,,,,,,,,,
1342,Emhar Spanish Infantry (7215),Spanish,,,,,,,,,,
1343,A Call To Arms British Infantry of the 1970s (67),British,,,,,,,,,,
1344,Hegemony British Army Fusiliers (HG005),British,,,,,,,,,,
1346,Mars Lithuanian-Russian Heavy Infantry (72066),Lithuanian,Russian,,,,,,,,,
1347,BUM Far-West Gunsmith (2104),USA,,,,,,,,,,
1348,RedBox Scurrers (72046),British,English,,,,,,,,,
1349,Mars Spanish Field Artillery (72092),Spanish,,,,,,,,,,
1350,BUM Far-West Town Jail (2102),USA,,,,,,,,,,
1351,BUM Far-West Ticket Station (2103),USA,,,,,,,,,,
1352,Mars Imperial Field Artillery (72093),Austrian,German,Habsburg Imperial,,,,,,,,
1353,Caesar German Army in Stalingrad (HB09),German,,,,,,,,,,
1354,Caesar German Army Combat Team One (HB06),German,,,,,,,,,,
1355,Caesar German Army Combat Team Two (HB07),German,,,,,,,,,,
1356,Caesar German Army Sturmpioniere (HB08),German,,,,,,,,,,
1365,Heller US Infantry (49601),USA,,,,,,,,,,
1366,Heller French Infantry (49602),French,,,,,,,,,,
1367,Heller British Infantry (49604),British,,,,,,,,,,
1368,Heller Russian Infantry (49603),Russian,Soviet,,,,,,,,,
1369,Strelets French Foreign Legion in Skirmish (M150),French,,,,,,,,,,
1370,Strelets British Infantry in Attack (145),British,,,,,,,,,,
1371,Caesar Mycenaean Chariot (H021),Greek,Mycenaean,,,,,,,,,
1372,Caesar Aztec Warriors (H028),Aztec,Mexican,,,,,,,,,
1373,Caesar Ancient Chinese Shang vs Zhou Dynasty Troopers (H029),Chinese,,,,,,,,,,
1374,Plastic Soldier Russian 45mm Anti-Tank Gun (WW2G20001),Russian,Soviet,,,,,,,,,
1375,Zvezda Soviet 82mm Mortar with Crew (6109),Russian,Soviet,,,,,,,,,
1376,Caesar WWI French Infantry (1914) (H034),French,,,,,,,,,,
1377,Caesar German Army (H037),German,,,,,,,,,,
1378,Caesar WWII French Army (H038),French,,,,,,,,,,
1379,Mars German Paratroopers (Tropical Uniform) (72123),German,,,,,,,,,,
1380,Zvezda German 81mm Mortar and Crew (6111),Russian,Soviet,,,,,,,,,
1382,Mars US Infantry (Winter Uniform) (72124),USA,,,,,,,,,,
1383,Caesar Roman Legionary (Set II) (H051),Italian,Roman,,,,,,,,,
1384,Caesar WWII German Panzergrenadiers II (H053),German,,,,,,,,,,
1385,Caesar WWII US Army (Set 1) (H054),USA,,,,,,,,,,
1386,Caesar British Army (H055),British,,,,,,,,,,
1387,Caesar Partisans in Europe (H056),Belgian,Bosnian,Croatian,Czech,Dutch,French,Italian,Norwegian,Polish,Serbian,Yugoslavian
1388,Caesar Modern Israeli Defence Force (H057),Israeli,,,,,,,,,,
1389,Caesar Modern US Elite Force (H058),USA,,,,,,,,,,
1390,Caesar Modern French Army & Chinese PLA (H059),Chinese,French,,,,,,,,,
1392,Caesar Modern German Army (Bundeswehr) (H062),German,,,,,,,,,,
1393,Caesar Modern Militia (H063),Somalian,,,,,,,,,,
1394,Caesar Celt Warriors (H064),British,Celtic,French,,,,,,,,
1395,Caesar Greek Warriors (Hoplites) (H065),Greek,,,,,,,,,,
1396,Caesar Persian Warriors (H066),Iranian,Persian,,,,,,,,,
1397,Caesar German Nebelwerfer 42 & Raketenwerfer 43 with Crew (H093),German,,,,,,,,,,
1398,Caesar German Panzergrenadiers (Winter Greatcoat East) (CM7714),German,,,,,,,,,,
1399,Caesar German Panzergrenadier (Kursk) (CM7715),German,,,,,,,,,,
1400,Valiant Germans in Normandy 1944 (VM004),German,,,,,,,,,,
1401,Mars Turkish Heavy Infantry (72091),Ottoman,Turkish,,,,,,,,,
1402,Heller German Infantry (49605),German,,,,,,,,,,
1403,Heller German Panzergrenadiers (49606),German,,,,,,,,,,
1404,Ykreol French Staff 1940 (YK20),French,,,,,,,,,,
1405,Pegasus WWII Russian Support Weapons Teams in Greatcoats (7274),Russian,Soviet,,,,,,,,,
1406,Zvezda Soviet 85mm Anti Aircraft Gun 52-K (6148),Russian,Soviet,,,,,,,,,
1407,GerMan British Infantry in Egypt 1800 (0023),British,Indian,,,,,,,,,
1408,Pegasus WWII Russian Mortar Teams in Greatcoats (7273),Russian,Soviet,,,,,,,,,
1409,Pegasus WWII Russian Infantry in Winter Dress Set 2 (7272),Russian,Soviet,,,,,,,,,
1410,Pegasus WWII Russian Infantry in Greatcoats (7271),Russian,Soviet,,,,,,,,,
1411,Pegasus War Against Fascism (7267),German,Russian,Soviet,,,,,,,,
1412,Mars Medieval Arkbalista (72065),British,English,French,German,Italian,,,,,,
1413,Mars Teutonic Field Artillery (72064),Teutonic,,,,,,,,,,
1414,GerMan US Cavalry and Artillery (0007),USA,,,,,,,,,,
1415,Pegasus German Fallschirmjäger (7224),German,,,,,,,,,,
1416,RedBox Osman Akinci Set 2 (72093),Ottoman,Turkish,,,,,,,,,
1417,HaT French Light Ambulance (8103),French,,,,,,,,,,
1418,HaT French Pontoon (8108),French,,,,,,,,,,
1419,Orion USA Tank Crew Summer Dress (72049),USA,,,,,,,,,,
1420,HaT Celtic Chariot (8139),British,Celtic,French,Italian,,,,,,,
1421,Coates & Shine Indian Chariot (8143),Indian,,,,,,,,,,
1422,HaT German PaK 36 Anti-tank Gun (8149),German,,,,,,,,,,
1423,HaT German PaK 40 Anti-tank Gun (8150),German,,,,,,,,,,
1424,HaT Australian Light Horse (8153),Australian,,,,,,,,,,
1425,Strelets Italian Infantry in Defence (M153),Italian,,,,,,,,,,
1426,HaT German 7.62cm PaK 36(r) (8156),German,,,,,,,,,,
1427,HaT Polish Artillery Crew (8157),Polish,,,,,,,,,,
1428,HaT WWI US Artillery with 75mm Cannon (8158),USA,,,,,,,,,,
1429,HaT WWI French Artillery Crew (Early) (8159),French,,,,,,,,,,
1430,HaT Romanian Artillery Crew (8160),Romanian,,,,,,,,,,
1431,HaT WWI French 75mm Cannon (with Late War Crew) (8161),French,,,,,,,,,,
1432,HaT Hadendowah Camelry (8208),Sudanese,,,,,,,,,,
1433,HaT German 7.5cm IG 18 Gun (8163),German,,,,,,,,,,
1434,RedBox Turkish Siege Artillery Gun (72069),Ottoman,Turkish,,,,,,,,,
1435,RedBox Turkish Siege Artillery Mortar (72070),Ottoman,Turkish,,,,,,,,,
1436,HaT El Cid Andalusian Infantry (8168),Spanish,,,,,,,,,,
1437,HaT Bavarian Fusiliers (8169),Bavarian,German,,,,,,,,,
1438,HaT Brunswick Cavalry (8174),Brunswick,German,,,,,,,,,
1439,HaT Württemberg Cavalry (8175),German,W&uuml;rttemberg,,,,,,,,,
1440,HaT El Cid Spanish Infantry (8176),Spanish,,,,,,,,,,
1441,HaT Gatling Gun (8179),British,,,,,,,,,,
1442,HaT Gardner Gun (8180),British,,,,,,,,,,
1443,HaT British 17th Lancers (8181),British,,,,,,,,,,
1444,HaT Natal Native Horse (8182),South African,,,,,,,,,,
1445,HaT Late Roman Medium Cavalry (8183),Italian,Roman,,,,,,,,,
1446,HaT Greek Catapult (8184),Greek,,,,,,,,,,
1447,HaT Macedonian Hypaspists (8185),Macedonian,,,,,,,,,,
1448,HaT Peninsular War British Infantry (8186),British,,,,,,,,,,
1449,HaT 1806 Saxon Infantry (8187),German,Saxon,,,,,,,,,
1450,HaT Late Roman Light Cavalry (8188),Italian,Roman,,,,,,,,,
1451,HaT El Cid Almoravid Infantry (8189),Almoravid,Moroccan,,,,,,,,,
1452,HaT Zulus (8191),South African,Zulu,,,,,,,,,
1453,HaT 1806 Prussian Hussars (8195),German,Prussian,,,,,,,,,
1454,HaT 1806 Prussian Dragoons (8196),German,Prussian,,,,,,,,,
1455,HaT Napoleonic Prussian Hussars (8197),German,Prussian,,,,,,,,,
1456,HaT Austrian Grenadiers (8198),Austrian,,,,,,,,,,
1457,HaT WWI German Jaeger (8199),German,,,,,,,,,,
1458,HaT WWI German Infantry (8200),German,,,,,,,,,,
1459,HaT El Cid Spanish Light Cavalry (8201),Andalusian,Spanish,,,,,,,,,
1460,HaT Colonial Highlanders (8202),British,,,,,,,,,,
1461,HaT Colonial Wars Indian Infantry (8203),Indian,,,,,,,,,,
1462,HaT Austrian Grenzers (8204),Austrian,,,,,,,,,,
1463,HaT Frontier Light Horse (8206),South African,,,,,,,,,,
1464,Ultima Ratio Union Infantry - Irish Brigade (UR014),USA,,,,,,,,,,
1465,HaT British Mounted Infantry (8209),British,,,,,,,,,,
1466,HaT British Colonial Artillery (8210),British,,,,,,,,,,
1467,HaT El Cid Spanish Heavy Cavalry (8213),Spanish,,,,,,,,,,
1468,HaT French Voltigeurs (8218),French,,,,,,,,,,
1469,HaT French Light Infantry Chasseurs (Marching) (8219),French,,,,,,,,,,
1470,HaT 1808-1812 French Light Infantry Carabiniers (8220),French,,,,,,,,,,
1471,HaT Sassanid Levy Infantry (8205),Iranian,Iraqi,Sassanian,,,,,,,,
1472,RedBox Musketeers of the King of France (72145),French,,,,,,,,,,
1473,HaT Sassanid Clibanarii (8285),Iranian,Iraqi,Sassanian,,,,,,,,
1474,HaT Sassanid Light Cavalry (8283),Iranian,Sassanian,,,,,,,,,
1475,Strelets Highlanders in Square (287),British,,,,,,,,,,
1476,HaT Swedish Artillery (8231),Swedish,,,,,,,,,,
1477,RedBox Byzantine Clibanarii Set 1 (72151),Byzantine,Turkish,,,,,,,,,
1478,Strelets Russian Infantry in Overcoats Shoulder Arms (218),Russian,,,,,,,,,,
1479,RedBox Irish Mounted Troops (72055),Irish,,,,,,,,,,
1480,Orion Soviet Assault Group 1945 (72048),Russian,Soviet,,,,,,,,,
1483,HaT WW2 German Field Wagon (8261),German,,,,,,,,,,
1484,Strelets Highlanders' Firing Line (279),British,,,,,,,,,,
1485,Waterloo 1815 Italian Mountain Troops 'Alpini' (057),Italian,,,,,,,,,,
1486,Zvezda Russian Infantry Command (6815),Russian,,,,,,,,,,
1487,Zvezda French Line Infantry Command (6816),French,,,,,,,,,,
1488,Zvezda French Foot Artillery (6810),French,,,,,,,,,,
1489,IMEX American Infantry (535),USA,,,,,,,,,,
1490,RedBox Samurai Artillery Set 1 (72090),Japanese,,,,,,,,,,
1491,Zvezda Soviet Anti-Tank Gun ZIS 3 (6253),Russian,Soviet,,,,,,,,,
1492,Zvezda Russian Dragoons (6811),Russian,,,,,,,,,,
1493,Strelets Roman Senate 2 (138),Italian,Roman,,,,,,,,,
1494,Zvezda German Anti-Tank Gun PaK 40 (6257),German,,,,,,,,,,
1495,Zvezda Russian Foot Artillery (6809),Russian,,,,,,,,,,
1496,Zvezda Russian Line Infantry (6808),Russian,,,,,,,,,,
1497,Strelets Tecumseh (M107),USA,,,,,,,,,,
1498,Strelets Republican Roman Legion Ranks (M099),Italian,Roman,,,,,,,,,
1499,Orion German WWII Panzer Soldiers Basic Set 2 (72047),German,,,,,,,,,,
1500,Mars French Infantry & Guards (72083),French,,,,,,,,,,
1501,Zvezda Soviet Headquarters (6132),Russian,Soviet,,,,,,,,,
1502,Zvezda Romanian Infantry (6163),Romanian,,,,,,,,,,
1503,Zvezda French Dragoons (6812),French,,,,,,,,,,
1504,Mars Crimean Tatar Infantry (72084),Crimean,Tatar,Ukrainian,,,,,,,,
1505,First To Fight Polish Command (PL1939-023),Polish,,,,,,,,,,
1506,Heller British Commandos (49632),British,,,,,,,,,,
1507,Italeri American Infantry (6120),USA,,,,,,,,,,
1508,Italeri German Motorcycles (6121),German,,,,,,,,,,
1509,Italeri Italian 90/53 Gun with Crew (6122),Italian,,,,,,,,,,
1510,Italeri Chinese Cavalry (6123),Chinese,,,,,,,,,,
1511,Italeri Arab Warriors (6126),Arab,Egyptian,Iraqi,Syrian,Turkish,,,,,,
1512,Legio French Cuirassiers (P-720001),French,,,,,,,,,,
1513,Zvezda Soviet Frontier Guards (6144),Russian,Soviet,,,,,,,,,
1514,Lucky Toys Vlad Tzepes (TL0011),Romanian,Wallacian,,,,,,,,,
1515,Lucky Toys Medieval Turks (Mehmed II) (TL0012),Ottoman,Turkish,,,,,,,,,
1516,Zvezda Soviet Air Force Ground Crew (6187),Russian,Soviet,,,,,,,,,
1520,Mars Arquebusiers (72027),Austrian,British,English,French,German,Habsburg Imperial,Italian,Swedish,,,
1521,Mars Russian Uhlans (72028),Russian,,,,,,,,,,
1522,Mars Russian Dragoons (72029),Russian,,,,,,,,,,
1523,Mars Medieval Baltic Crusades (72030),German,,,,,,,,,,
1524,Mars Swedish Army with Culverin (72031),Swedish,,,,,,,,,,
1525,Hasegawa U.S. Aerospace Ground Equipment Set (35006),USA,,,,,,,,,,
1526,Orion Modern Israeli Army (Set 1) (72012),Israeli,,,,,,,,,,
1527,Orion Turkish Cavalry Sipahi (72020),Ottoman,Turkish,,,,,,,,,
1528,Orion Byzantine Infantry (12th - 15th Century) (72027),Albanian,Bulgarian,Byzantine,,,,,,,,
1530,Pegasus WWI French Infantry (7199),French,,,,,,,,,,
1532,Pegasus WWII Russian Infantry (Summer Dress) (7268),Russian,Soviet,,,,,,,,,
1533,Pegasus WWII Russian Infantry (Winter Dress) (7269),Russian,Soviet,,,,,,,,,
1538,Pegasus WWII French Infantry (7306),French,,,,,,,,,,
1539,RedBox US Marines (72016),USA,,,,,,,,,,
1540,RedBox Russian Sailors (72019),Russian,,,,,,,,,,
1541,RedBox British Royal Marine Light Infantry (72022),British,,,,,,,,,,
1542,RedBox German Sea Battalion (72023),German,,,,,,,,,,
1543,RedBox German East Asia Brigade (72024),German,,,,,,,,,,
1544,RedBox French Sailors (72025),French,,,,,,,,,,
1545,RedBox French Marines (72026),French,,,,,,,,,,
1546,RedBox French Infantry (72027),French,,,,,,,,,,
1547,RedBox Civilian Volunteers (72028),British,Dutch,French,German,Italian,Russian,USA,,,,
1548,RedBox Italian Sailors (72029),Italian,,,,,,,,,,
1549,RedBox Austrian Sailors (72031),Austrian,,,,,,,,,,
1550,RedBox Chinese Regiment (72032),British,Chinese,,,,,,,,,
1551,RedBox Italian Bersaglieri (72030),Italian,,,,,,,,,,
1552,RedBox British Naval Brigade (72033),British,,,,,,,,,,
1553,RedBox Gurkhas (72034),Nepalese,,,,,,,,,,
1554,RedBox Chinese Boxers (72035),Chinese,,,,,,,,,,
1555,RedBox Gangsters (72036),USA,,,,,,,,,,
1556,Strelets Sarmatian Cavalry (020),Sarmatian,Ukrainian,,,,,,,,,
1557,Strelets French African Chasseurs (049),French,,,,,,,,,,
1558,Strelets Highlanders 1898-1902 (M051),British,,,,,,,,,,
1562,Strelets Jacobites (2) (068),British,Scottish,,,,,,,,,
1563,Strelets Mounted Praetorians (069),Italian,Roman,,,,,,,,,
1564,Strelets Norman Cavalry on the March (070),French,Norman,,,,,,,,,
1565,Strelets Austro-Hungarian Honved (074),Austrian,Habsburg Imperial,Hungarian,,,,,,,,
1566,Strelets British Cavalry (075),British,,,,,,,,,,
1567,Strelets French Artillery (Egypt) (078),French,,,,,,,,,,
1568,Strelets British Artillery (Egypt) (079),British,,,,,,,,,,
1569,Strelets French Uhlans in Summer Uniform (102),French,,,,,,,,,,
1570,Strelets Dacian Cavalry (103),Dacian,Romanian,,,,,,,,,
1572,Strelets French Cuirassiers in Attack (105),French,,,,,,,,,,
1573,Strelets French Early Carabiniers (106),French,,,,,,,,,,
1574,Strelets Thin Red Line (903),British,Ottoman,Russian,Turkish,,,,,,,
1575,Strelets Roman Legion in Advance (M020),Italian,Roman,,,,,,,,,
1576,Strelets Dacian Heavy Infantry (M021),Dacian,Romanian,,,,,,,,,
1577,Strelets Dacian Light Infantry (M022),Dacian,Romanian,,,,,,,,,
1578,Strelets French Infantry on the March (1) (M023),French,,,,,,,,,,
1579,Strelets WWI Austrian Infantry (M024),Austrian,,,,,,,,,,
1581,Strelets French Infantry in Advance (M026),French,,,,,,,,,,
1582,Strelets Russian Peasant Levy in Winter Dress (M027),Russian,,,,,,,,,,
1583,Strelets Dismounted Mongols (M028),Mongolian,,,,,,,,,,
1585,Valdemar Teutonic Infantry on the March (VA110),German,,,,,,,,,,
1587,Valdemar Russian Hird (VA113),Russian,,,,,,,,,,
1588,Waterloo 1815 Sioux (023),USA,,,,,,,,,,
1589,Waterloo 1815 US Marines (027),USA,,,,,,,,,,
1590,Waterloo 1815 Napoleonic Mounted Line Officers (028),British,Brunswick,Dutch,French,German,Nassau,,,,,
1591,HaT WWI Belgian Infantry (8290),Belgian,,,,,,,,,,
1592,Waterloo 1815 Italian Infantry Support Group (034),Italian,,,,,,,,,,
1593,Waterloo 1815 Japanese 70mm Gun (003),Japanese,,,,,,,,,,
1594,Waterloo 1815 Italian 149/40 Artillery (024),Italian,,,,,,,,,,
1595,Zvezda French Cuirassiers 1807-1815 (8037),French,,,,,,,,,,
1596,Zvezda Russian Guard Heavy Artillery (8045),Russian,,,,,,,,,,
1597,Zvezda Russian Hussars (8055),Russian,,,,,,,,,,
1598,Zvezda Russian Artillery of Peter the Great (8058),Russian,,,,,,,,,,
1600,Zvezda Austrian Musketeers and Pikemen (8061),Austrian,Habsburg Imperial,,,,,,,,,
1601,Zvezda Russian Foot Warriors (8062),Russian,,,,,,,,,,
1602,Caesar German Mountain Troops (H067),German,,,,,,,,,,
1603,LW Spanish Army 1500-1600 (2016),Spanish,,,,,,,,,,
1604,LW Russian Artillery 1500-1700 (2018),Russian,,,,,,,,,,
1605,Tragik Dead French Infantry 1809/15 (1),French,,,,,,,,,,
1606,Tragik Dead Prussian Landwehr 1813/15 (2),German,Prussian,,,,,,,,,
1607,RedBox Osman Akinci Set 1 (72092),Ottoman,Turkish,,,,,,,,,
1608,RedBox Samurai Artillery Set 2 (72091),Japanese,,,,,,,,,,
1609,Strelets Confederate Infantry Standing (156),Confederate,USA,,,,,,,,,
1610,Orion Slavic Warriors (72028),Albanian,Bosnian,Polish,Russian,Serbian,Slav,Ukrainian,,,,
1611,Orion Early Rus Warriors (72029),Russian,,,,,,,,,,
1613,Odemars Operation Antarctica - Haunebu (CREA04),German,,,,,,,,,,
1614,Co.Ma. Elite Mountain Troops/Alpini (410),Italian,,,,,,,,,,
1615,GerMan Catalan Artillery & Barricade (1001),Spanish,,,,,,,,,,
1618,Dark Dream Studio European Knights (72005),British,French,German,Italian,Spanish,,,,,,
1619,Strelets Jacobites (1) (066),British,Scottish,,,,,,,,,
1621,HaT WWI Skoda 75mm Mountain Gun (8244),Austrian,German,,,,,,,,,
1622,HaT Deport 75mm Gun (8242),Italian,,,,,,,,,,
1623,Linear-A Goths (Set 1) (058),Bulgarian,Goth,Romanian,,,,,,,,
1624,Strelets Obice da 75/18 Mod 35 Howitzer & Italian Crew (282),Italian,,,,,,,,,,
1625,HaT Carthaginian Veterans (8212),Carthaginian,,,,,,,,,,
1628,Strelets Ancient Germans (M035),German,,,,,,,,,,
1631,Valdemar Croatian Light Cavalryman (VI003),Croatian,,,,,,,,,,
1632,Valdemar Welsh Crusader (VI002),Welsh,,,,,,,,,,
1638,BUM International Brigade Artillery (5042),Spanish,,,,,,,,,,
1639,Orion Khazar Army (72030),Georgian,Khazar,Russian,Ukrainian,,,,,,,
1640,Zvezda Zaporozhian Cossacks (8064),Ukrainian,,,,,,,,,,
1641,Strelets Court and Army of Peter I (905),Russian,,,,,,,,,,
1642,Strelets Russian Dragoons in Winter Dress (067),Russian,,,,,,,,,,
1643,Strelets Dacians Before Battle (M040),Dacian,Romanian,,,,,,,,,
1644,Strelets Normans on the March (M039),French,Norman,,,,,,,,,
1645,Strelets Roman Infantry in Winter Dress (M038),Italian,Roman,,,,,,,,,
1646,Strelets Roman Velites (M037),Italian,Roman,,,,,,,,,
1647,Strelets Scottish Schiltron (M036),British,Scottish,,,,,,,,,
1648,Strelets French Line Infantry (M041),French,,,,,,,,,,
1649,Fujimi German Anti-tank 88mm Flak 18 (76026),German,,,,,,,,,,
1650,Italeri Union Infantry (6177),USA,,,,,,,,,,
1658,HaT WWI German Colonial Infantry (8123),Burundi,Rwandan,Tanzanian,,,,,,,,
1659,HaT WWI Serbian Infantry (8122),Serbian,,,,,,,,,,
1661,Strelets Praetorians Ranks (M108),Italian,Roman,,,,,,,,,
1663,Strelets Lawrence of Arabia (115),Arab,,,,,,,,,,
1670,HaT Napoleonic Spanish Light Infantry (8300),Spanish,,,,,,,,,,
1672,Waterloo 1815 French Line Infantry 1815 (056),French,,,,,,,,,,
1673,Ykreol French Foreign Legion at Bir Hakeim 1942 (YK11),French,,,,,,,,,,
1674,Pobeda Finnish Artillery (72301),Finnish,,,,,,,,,,
1675,Pobeda Russian Army (72310),Russian,Soviet,,,,,,,,,
1676,Pobeda Russian Artillery (72311),Russian,Soviet,,,,,,,,,
1678,Preiser Christopher Columbus in America 1492 (16341),Spanish,,,,,,,,,,
1679,Preiser Modern German Infantry (16506),German,,,,,,,,,,
1680,Preiser Modern German Sentries and Tank Crew (16510),German,,,,,,,,,,
1681,Preiser German Horse-Drawn Supply Wagon (16512),German,,,,,,,,,,
1682,Preiser German Field Howitzer (16514),German,,,,,,,,,,
1683,Preiser German Tank Crew (16515),German,,,,,,,,,,
1684,Strelets Red Army Winter War (M063),Russian,Soviet,,,,,,,,,
1685,"Preiser General, Runner and Radio Operators (16536)",German,,,,,,,,,,
1686,Preiser German Howitzer Gun Crew (16537),German,,,,,,,,,,
1687,Preiser German PaK Gun Crew (16539),German,,,,,,,,,,
1688,Preiser German Trench Mortar Crew (16540),German,,,,,,,,,,
1689,Preiser German Fighting Mortar Crew (16541),German,,,,,,,,,,
1690,Preiser Soviet Tank Crew 1942 (16546),Russian,Soviet,,,,,,,,,
1691,Preiser Horse and Hand-Drawn Infantry Carts (16547),German,,,,,,,,,,
1694,Preiser Modern German Army Band (16550),German,,,,,,,,,,
1696,Mars Polish Infantry Mercenaries (Haiduks) (72033),Polish,,,,,,,,,,
1697,Preiser German Mortar and Crew (72517),German,,,,,,,,,,
1698,Preiser German PaK40 Crew (72518),German,,,,,,,,,,
1699,"Preiser Soviet Tank Crewmen, 1942 (72526)",Russian,Soviet,,,,,,,,,
1701,"Preiser Military Police, Vienna 1945 (72529)",British,French,Russian,Soviet,USA,,,,,,
1702,Preiser Tank Crew US Army 2000 (72530),USA,,,,,,,,,,
1703,Preiser Refugees (72531),Belgian,Czech,Dutch,French,German,Polish,Russian,Soviet,,,
1704,Preiser German Military Police (72532),German,,,,,,,,,,
1705,Preiser German Riflemen Lined Up (72533),German,,,,,,,,,,
1706,Preiser German Troops Lined Up with Mortar (72536),German,,,,,,,,,,
1707,RedBox Stradioti Set 2 (72075),Albanian,Greek,Serbian,,,,,,,,
1708,RedBox Jinetes Set 1 (72076),Spanish,,,,,,,,,,
1709,Revell Pilots and Ground Crew: German Airforce WWII (02400),German,,,,,,,,,,
1710,Revell Pilots and Ground Crew: Royal Air Force (02401),British,,,,,,,,,,
1711,HaT El Cid Andalusian Light Cavalry (8214),Andalusian,Spanish,,,,,,,,,
1712,Ykreol Project R.F.Z. (Set 1) (YK05),German,,,,,,,,,,
1713,Zvezda Russian Noble Cavalry (8065),Russian,,,,,,,,,,
1714,Zvezda Swedish Artillery of Charles XII (8066),Swedish,,,,,,,,,,
1716,"Zvezda Prussian Grenadiers of Frederick II ""the Great"" (8071)",German,Prussian,,,,,,,,,
1717,Zvezda Lifeguard Polish Uhlans (8075),French,Polish,,,,,,,,,
1718,Zvezda Soviet Infantry Platoon (8077),Russian,Soviet,,,,,,,,,
1719,Zvezda German Infantry Platoon (8078),German,,,,,,,,,,
1720,Strelets British Grenadiers in Winter Dress (M029),British,,,,,,,,,,
1721,Strelets British Light Infantry (M030),British,,,,,,,,,,
1722,Strelets RKKA Infantry 1939-41 (M031),Russian,Soviet,,,,,,,,,
1723,Strelets British Grenadiers in Summer Dress (M032),British,,,,,,,,,,
1724,Strelets Roman Auxiliaries Before Battle (M033),Italian,Roman,,,,,,,,,
1725,Strelets Roman Auxiliaries Advancing (M034),Italian,Roman,,,,,,,,,
1726,Strelets From Narva to Poltava (904),Swedish,,,,,,,,,,
1727,Pegasus California Gold Miners (7050),USA,,,,,,,,,,
1729,Italeri Confederate Infantry (6178),Confederate,USA,,,,,,,,,
1730,Italeri Anti Tank Teams (6131),British,German,Russian,Soviet,USA,,,,,,
1731,Strelets French Army Sledge Train 2 (134),French,,,,,,,,,,
1732,Italeri US Infantry (Winter Uniform) (6133),USA,,,,,,,,,,
1733,Italeri German Paratroops (Tropical Uniform) (6134),German,,,,,,,,,,
1734,Italeri French Imperial Guard Artillery (6135),French,,,,,,,,,,
1735,Italeri Scots Infantry (6136),British,,,,,,,,,,
1736,Italeri Late Imperial Legion (6137),Italian,Roman,,,,,,,,,
1737,Italeri Gothic Cavalry (6138),Goth,,,,,,,,,,
1738,HaT Austrian Ammunition Wagon (8225),Austrian,,,,,,,,,,
1739,HaT Austrian Cavalry Artillery (8226),Austrian,,,,,,,,,,
1740,HaT 1805 French Artillery (8229),French,,,,,,,,,,
1741,HaT 1806 Prussian Artillery (8230),German,Prussian,,,,,,,,,
1742,HaT Württemberg Artillery (8232),German,W&uuml;rttemberg,,,,,,,,,
1743,HaT WWI British Heavy Weapons (8177),British,,,,,,,,,,
1744,HaT WWI ANZAC Heavy Weapons (8190),Australian,New Zealand,,,,,,,,,
1745,HaT British Mortars (8227),British,,,,,,,,,,
1746,HaT WW2 British Machine Guns (8228),British,,,,,,,,,,
1747,Emhar Portuguese Infantry and Cazadores (7217),Portuguese,,,,,,,,,,
1748,HaT Zulu War British Infantry (8237),British,,,,,,,,,,
1749,RedBox Byzantine Light Cavalry Set 2 (72138),Byzantine,Turkish,,,,,,,,,
1750,RedBox Byzantine Clibanarii Set 2 (72152),Byzantine,Turkish,,,,,,,,,
1751,RedBox Byzantine Cataphracts Set 1 (72153),Byzantine,Turkish,,,,,,,,,
1752,HaT Natal Native Contingent (8192),South African,Zulu,,,,,,,,,
1753,HaT Austrian Landwehr (8233),Austrian,,,,,,,,,,
1754,Strelets Spartacus Army Before Battle (M110),Celtic,French,German,Greek,Italian,,,,,,
1757,Valdemar Cuman Cavalry (VA112),Cuman,Ukrainian,,,,,,,,,
1770,GerMan Siege of Barcelona Catalans (1000),Spanish,,,,,,,,,,
1771,GerMan Army of Philip V (1010),Spanish,,,,,,,,,,
1773,GerMan Hungarian Hussars and Artillery (1003),Hungarian,,,,,,,,,,
1774,GerMan Catalan Cavalry (1004),Spanish,,,,,,,,,,
1775,RedBox English Sailors in Battle 16-17th Century (72082),British,English,,,,,,,,,
1776,GerMan Battle of Almenar British Army (1020),British,,,,,,,,,,
1777,GerMan Battle of Talamanca Catalan Army (1022),Spanish,,,,,,,,,,
1778,Strelets IJA Infantry in Defence (M115),Japanese,,,,,,,,,,
1779,GerMan Bourbon Artillery and Staff (1011),French,Spanish,,,,,,,,,
1780,GerMan Cavalry of Phillip V Dragoons of Marimon (1012),Spanish,,,,,,,,,,
1781,RedBox English Sailors Artillery 16-17th Century (72083),British,English,,,,,,,,,
1782,GerMan Castell de Montjuic (1023),French,,,,,,,,,,
1783,Zvezda German Airforce Ground Crew (6188),German,,,,,,,,,,
1784,HaT Schutztruppe (8270),German,,,,,,,,,,
1785,HaT Askari (8268),Cameroonian,Tanzanian,,,,,,,,,
1786,HaT Ruga-Ruga (8269),Kenyan,Tanzanian,,,,,,,,,
1787,Ultima Ratio Carthaginian Army: Hannibal's Veterans (UR019),Carthaginian,Tunisian,,,,,,,,,
1788,Waterloo 1815 Prussian Hussars of Frederick the Great (052),German,Prussian,,,,,,,,,
1793,Strelets The Last Assault on Sevastopol (906),French,,,,,,,,,,
1794,Strelets Roman Extra Heavy Infantry (M042),Italian,Roman,,,,,,,,,
1795,Strelets Norman Army Before Battle (M043),French,Norman,,,,,,,,,
1796,Strelets Red Army in Winter Dress (M044),Russian,Soviet,,,,,,,,,
1797,Strelets Red Army in Summer Dress (M045),Russian,Soviet,,,,,,,,,
1798,Strelets Russian Army in Winter Dress (M046),Russian,,,,,,,,,,
1799,Strelets Russian Army in Summer Dress (M047),Russian,,,,,,,,,,
1800,Strelets Medieval Russian Militia (M048),Russian,,,,,,,,,,
1801,Strelets Praetorian Cohort (M049),Italian,Roman,,,,,,,,,
1802,Strelets Anglo-Saxons Before Battle (M050),Anglo-Saxon,English,,,,,,,,,
1803,Ykreol French Line Infantry 1815 (YK01),French,,,,,,,,,,
1805,Ykreol Portuguese Infantry of the Empire (YK03),Portuguese,,,,,,,,,,
1807,Caesar WWII German Paratroopers (H068),German,,,,,,,,,,
1808,HaT French Light Infantry Chasseurs (Action) (8251),French,,,,,,,,,,
1809,HaT French Light Infantry Chasseurs (Command) (8252),French,,,,,,,,,,
1810,HaT Taaishi Camelry (8250),Sudanese,,,,,,,,,,
1811,HaT WWI Italian Artillery Crew (8259),Italian,,,,,,,,,,
1812,Italeri German Infantry (Winter Uniform) (6151),German,,,,,,,,,,
1813,HaT Napoleonic Spanish Grenadiers (8301),Spanish,,,,,,,,,,
1814,HaT Prussian Landwehr Marching (8309),German,Prussian,,,,,,,,,
1815,First To Fight Polish Uhlans Dismounted (PL1939-066),Polish,,,,,,,,,,
1816,Orion Rus Foot Knights (Druzhina) (72031),Russian,,,,,,,,,,
1817,Orion Kievan Rus Infantry (72032),Russian,Ukrainian,,,,,,,,,
1819,Mars Imperial Army (72032),Austrian,Habsburg Imperial,,,,,,,,,
1820,Zvezda Scythian Cavalry (8069),Kazak,Russian,Scythian,,,,,,,,
1821,Mars Saxon Infantry (72035),German,Saxon,,,,,,,,,
1822,Strelets Dacian Heavy Infantry (M021(2)),Dacian,Romanian,,,,,,,,,
1823,Strelets Dacian Light Infantry (M022(2)),Dacian,Romanian,,,,,,,,,
1824,Strelets WWII New Zealand Troops (M111),New Zealand,,,,,,,,,,
1825,Strelets WWII US Navy with Anti-Aircraft Machine-Gun (M112),USA,,,,,,,,,,
1826,Airfix WWII British Infantry (01763),British,,,,,,,,,,
1827,Caesar WWII German Army with Field Greatcoat (H069),German,,,,,,,,,,
1828,Mars Scots Mercenaries (72034),British,Scottish,,,,,,,,,
1829,HaT El Cid Andalusian Heavy Cavalry (8215),Andalusian,Spanish,,,,,,,,,
1830,HaT El Cid Almoravid Light Cavalry (8246),Almoravid,Moroccan,,,,,,,,,
1831,HaT El Cid Almoravid Heavy Cavalry (8247),Almoravid,Spanish,,,,,,,,,
1832,HaT El Cid Spanish Command (8248),Spanish,,,,,,,,,,
1833,HaT El Cid Moorish Command (8249),Andalusian,Spanish,,,,,,,,,
1834,HaT WW2 German Tank Riders (8262),German,,,,,,,,,,
1835,HaT WW2 Russian Tank Riders (8263),Russian,Soviet,,,,,,,,,
1836,HaT WW2 British Tank Riders (8264),British,,,,,,,,,,
1837,HaT WW2 American Tank Riders (8265),USA,,,,,,,,,,
1838,HaT WWI German Field Wagon (8260),German,,,,,,,,,,
1841,HaT Napoleonic British Light Dragoons (8307),British,,,,,,,,,,
1842,Strelets French Army Sledge Train 1 (133),French,,,,,,,,,,
1843,Strelets Roman Transport 3 (131),Italian,Roman,,,,,,,,,
1844,Plastic Soldier British 6-pdr Anti-Tank Gun and Loyd Carrier Tow (WW2G20004),British,,,,,,,,,,
1845,Waterloo 1815 US 7th Cavalry (050),USA,,,,,,,,,,
1846,Waterloo 1815 Apache Warriors (051),USA,,,,,,,,,,
1847,Strelets Roman Transport 4 (132),Italian,Roman,,,,,,,,,
1848,Zvezda Spartans (8068),Greek,,,,,,,,,,
1850,Zvezda Dragoons of Peter I (8072),Russian,,,,,,,,,,
1851,Zvezda Mongols - Golden Horde (8076),Mongolian,,,,,,,,,,
1852,Zvezda Black Hussars of Frederick the Great (8079),German,Prussian,,,,,,,,,
1853,Zvezda Russian Infantry of World War I (8082),Russian,,,,,,,,,,
1854,Zvezda German Infantry of World War I (8083),German,,,,,,,,,,
1855,Plastic Soldier Russian Infantry in Summer Uniform (WW2020001),Russian,Soviet,,,,,,,,,
1856,Plastic Soldier Late War German Infantry 1943-45 (WW2020003),German,,,,,,,,,,
1857,Plastic Soldier Late War British Infantry 1944-45 (WW2020002),British,,,,,,,,,,
1858,Plastic Soldier Russian Infantry Heavy Weapons (WW2020004),Russian,Soviet,,,,,,,,,
1859,Plastic Soldier Late War German Infantry Heavy Weapons (WW2020005),German,,,,,,,,,,
1860,"RedBox European Light Cavalry, 16th Century Set 1 (72084)",French,German,Italian,,,,,,,,
1861,RedBox Policemen and Citizens (72037),USA,,,,,,,,,,
1862,Strelets Praetorians' Ceremonial March (M109),Italian,Roman,,,,,,,,,
1867,Ykreol Spanish Infantry 1808 (YK10),Spanish,,,,,,,,,,
1868,HaT WWI British QF 4.5 Inch Howitzer (8243),British,,,,,,,,,,
1869,HaT 10cm Feldhaubitze M.14 (8245),Austrian,Habsburg Imperial,Hungarian,,,,,,,,
1870,HaT Prussian Infantry Marching (8253),German,Prussian,,,,,,,,,
1871,HaT Prussian Infantry Action (8254),German,Prussian,,,,,,,,,
1872,HaT Prussian Infantry Command (8255),German,Prussian,,,,,,,,,
1873,HaT WWI British Artillery Crew (8256),British,,,,,,,,,,
1874,HaT WWI Russian Artillery Crew (8257),Russian,,,,,,,,,,
1875,HaT WWI Austrian Artillery Crew (8258),Austrian,,,,,,,,,,
1876,Strelets Russian Dragoons (107),Russian,,,,,,,,,,
1877,Strelets Russian Hussars (108),Russian,,,,,,,,,,
1878,Strelets Bashi-Bazouks (109),Ottoman,Turkish,,,,,,,,,
1879,Strelets Turkish Regular Cavalry (110),Ottoman,Turkish,,,,,,,,,
1880,Strelets Turkish Artillery (111),Ottoman,Turkish,,,,,,,,,
1881,Strelets Russian Field Artillery (Summer Uniform) (112),Russian,,,,,,,,,,
1882,Strelets Turkish Army (M052),Turkish,,,,,,,,,,
1883,Strelets Sardinians (M053),Italian,,,,,,,,,,
1884,Strelets British Cavalry (Late War) (114),British,,,,,,,,,,
1886,Caesar WWII German Afrika Korps (H070),German,,,,,,,,,,
1887,Caesar WWII US Infantry Set 2 (H071),USA,,,,,,,,,,
1888,Caesar WWII Italian Infantry (H072),Italian,,,,,,,,,,
1889,Caesar WWII British Commandos (H073),British,,,,,,,,,,
1890,Orion Cumans (Polovets) and Pechenegs (72034),Cuman,Pecheneg,Russian,Ukrainian,,,,,,,
1891,Orion Iberian Infantry (72035),CeltIberian,Portuguese,Spanish,,,,,,,,
1892,Orion Rus Mounted Knights (72033),Russian,,,,,,,,,,
1893,Orion Soviet Tankmen and Crew (Summer Dress) (72036),Russian,Soviet,,,,,,,,,
1894,Metch Lord Lovat's Commandos (172144),British,,,,,,,,,,
1895,GerMan Armed Civilians and Porch (1002),Spanish,,,,,,,,,,
1896,Mars Swedish Heavy Cavalry (72036),Swedish,,,,,,,,,,
1897,Mars Imperial Mounted Arquebusiers (72037),Austrian,Habsburg Imperial,,,,,,,,,
1898,Mars Imperial Siege Artillery (72038),German,Habsburg Imperial,,,,,,,,,
1899,Mars French Infantry and Guard (72039),French,,,,,,,,,,
1900,BUM Schneider Gun (5035),Spanish,,,,,,,,,,
1901,LW French Musketeers (2027),French,,,,,,,,,,
1904,HaT WWI Belgian Carabinier Bicyclists (8275),Belgian,,,,,,,,,,
1905,HaT Sassanid Light Infantry (8267),Iranian,Iraqi,Sassanian,,,,,,,,
1906,HaT WW2 Japanese Bicycle Infantry (8278),Japanese,,,,,,,,,,
1907,Strelets Russian Mountain Artillery (Winter Uniform) (113),Russian,,,,,,,,,,
1908,Strelets German Stormtroops (M055),German,,,,,,,,,,
1909,Strelets British Infantry in Gasmasks (M056),British,,,,,,,,,,
1910,Strelets French Infantry in Gas Masks (M057),French,,,,,,,,,,
1911,Strelets Russian Infantry in Gas Masks (M058),Russian,,,,,,,,,,
1912,Strelets Austro-Hungarian Infantry in Gas Masks (M059),Austrian,Habsburg Imperial,Hungarian,,,,,,,,
1913,Strelets German Infantry in Gas Masks (M060),German,,,,,,,,,,
1916,Waterloo 1815 Italian Cavalry (001),Italian,,,,,,,,,,
1917,"Strelets Turkish Infantry, Winter Uniform (M066)",Ottoman,Turkish,,,,,,,,,
1918,Orion Soviet Quad Maxim AA MG and Crew (72037),Russian,Soviet,,,,,,,,,
1919,Orion Soviet DShK AA MG and Crew (72038),Russian,Soviet,,,,,,,,,
1920,Orion Hussite War Wagon and Command (72039),Bohemian,Czech,,,,,,,,,
1921,RedBox Hussite Artillery (72038),Czech,Hussite,,,,,,,,,
1922,RedBox Hussite Infantry (72039),Czech,Hussite,,,,,,,,,
1923,Strelets British Siege Artillery (062),British,,,,,,,,,,
1924,Strelets French Field Artillery (065),French,,,,,,,,,,
1926,Strelets Roman Transport (2) (117),Italian,Roman,,,,,,,,,
1927,Strelets Romanian Infantry (M061),Romanian,,,,,,,,,,
1928,Strelets Finnish Army 1939-42 (M062),Finnish,,,,,,,,,,
1929,"Ykreol Division ""Handschar"" - Yugoslavia 1943 (YK12)",Bosnian,,,,,,,,,,
1930,Zvezda German Infantry 1939-42 (6105),German,,,,,,,,,,
1931,Zvezda German Machinegun MG-34 with Crew (6106),German,,,,,,,,,,
1932,Zvezda Soviet Infantry 1941-43 (6103),Russian,Soviet,,,,,,,,,
1933,Zvezda Soviet Maxim Machinegun With Crew (6104),Russian,Soviet,,,,,,,,,
1934,"Metch Arnhem, Too Far (172145)",British,,,,,,,,,,
1935,Strelets British Regiment of Horse (Late War) (255),British,,,,,,,,,,
1936,HaT Putilov 76mm M1902 Gun (8173),Russian,,,,,,,,,,
1937,HaT WWI British Cavalry (8272),British,,,,,,,,,,
1938,HaT WWI French Cavalry (8273),French,,,,,,,,,,
1939,HaT WWI Turkish Cavalry (8274),Ottoman,Turkish,,,,,,,,,
1940,Waterloo 1815 American 75mm Mountain Gun (038),USA,,,,,,,,,,
1941,Preiser Modern US Army Seated Drivers & Soldiers (16564),USA,,,,,,,,,,
1943,Preiser Soviet Marine Light Infantry (16569),Russian,Soviet,,,,,,,,,
1944,Preiser German Field Wagon (16570),German,,,,,,,,,,
1945,Preiser German Zundapp Motorcycles and Riders At Attention (16571),German,,,,,,,,,,
1946,First To Fight German Command (PL1939-018),German,,,,,,,,,,
1947,Preiser German Riflemen Lined Up (16573),German,,,,,,,,,,
1948,Preiser German Zundapp Motorcycles with Riders (16575),German,,,,,,,,,,
1949,Preiser German Small Arms Ammunition Carts (16576),German,,,,,,,,,,
1950,Preiser Russian Prisoners of War (16577),Russian,Soviet,,,,,,,,,
1951,Preiser German Prisoners of War (16578),German,Russian,Soviet,,,,,,,,
1952,Preiser Zundapp Motorcycles with Crews Pushing (16580),German,,,,,,,,,,
1953,Preiser German Riflemen with Mortar & Horse Lined Up (16585),German,,,,,,,,,,
1954,Preiser German Horse Drawn Field Wagon Erfa (16588),German,,,,,,,,,,
1955,Toxso Modern US Soldiers (1404),USA,,,,,,,,,,
1956,Preiser PaK L/45 with Crew (16591),German,,,,,,,,,,
1957,Preiser Riflemen in Winter Uniform with Carts (16592),German,,,,,,,,,,
1958,Preiser East German Guard Battalion (16593),East German,German,,,,,,,,,
1959,Preiser Field Kitchen (16594),German,,,,,,,,,,
1960,Preiser Bicycle Unit Cycling and Walking (16596),German,,,,,,,,,,
1961,Preiser German Standing Draught Horses (16597),German,,,,,,,,,,
1962,Toxso M102 105mm Howitzer (1402),USA,,,,,,,,,,
1963,Preiser Soviet Attacking Infantrymen in Winter Uniform (16600),Russian,Soviet,,,,,,,,,
1964,Preiser East German Frontier Guards (16601),East German,German,,,,,,,,,
1965,Toxso 10.5 cm s.K.18 (1407),German,,,,,,,,,,
1966,Preiser German Infantry Attacking in Winter Uniform (16604),German,,,,,,,,,,
1967,Preiser Soviet & German Infantry Close Combat Winter (16605),German,Russian,Soviet,,,,,,,,
1969,RedBox Swiss Artillery (72065),Swiss,,,,,,,,,,
1970,RedBox Russian Artillery (72071),Muscovite,Russian,,,,,,,,,
1971,RedBox Russian Artillery (72072),Russian,,,,,,,,,,
1975,Caesar Panzergrenadiers (Kharkov 1943) (HB01),German,,,,,,,,,,
1976,Caesar WWII Panzergrenadiers (Ardennes 1944) (HB02),German,,,,,,,,,,
1977,Caesar WWII German Panzer Crews (HB03),German,,,,,,,,,,
1979,Preiser German Military Motorists (18366),German,,,,,,,,,,
1980,Zvezda Soviet Engineers 1941-42 (6108),Russian,Soviet,,,,,,,,,
1981,Zvezda German Sturmpioniere 1939-42 (6110),German,,,,,,,,,,
1982,Zvezda Soviet Anti-Tank Team (6135),Russian,Soviet,,,,,,,,,
1983,Zvezda German Paratroops (6136),German,,,,,,,,,,
1984,Zvezda Soviet Reconnaissance Team (6137),Russian,Soviet,,,,,,,,,
1985,Zvezda Soviet Paratroopers (6138),Russian,Soviet,,,,,,,,,
1986,Zvezda Soviet Naval Infantry (6146),Russian,Soviet,,,,,,,,,
1987,Zvezda German Reconnaissance Team (6153),German,,,,,,,,,,
1988,Zvezda German Gebirgsjäger (6154),German,,,,,,,,,,
1989,Zvezda Soviet Cavalry (6161),Russian,Soviet,,,,,,,,,
1990,Zvezda Ashigaru-yari (6401),Japanese,,,,,,,,,,
1991,Zvezda Ashigaru with Arquebus (6402),Japanese,,,,,,,,,,
1992,Zvezda Samurai-Naginata (6403),Japanese,,,,,,,,,,
1993,Zvezda Samurai Archers (6404),Japanese,,,,,,,,,,
1994,Zvezda Samurai with Nodachi (6405),Japanese,,,,,,,,,,
1995,Zvezda Ninja (6406),Japanese,,,,,,,,,,
1996,Zvezda Mounted Samurai (6407),Japanese,,,,,,,,,,
1997,Strelets Ural Cossacks (064),Russian,,,,,,,,,,
1998,Strelets Roman Imperial Legion (Ceremonial March) (M101),Italian,Roman,,,,,,,,,
1999,Strelets Republican Roman Legion (Ceremonial March) (M102),Italian,Roman,,,,,,,,,
2000,Zvezda Samurai Commanders (6411),Japanese,,,,,,,,,,
2002,Zvezda French Napoleonic HQ Staff (8080),French,,,,,,,,,,
2003,Mars Imperial Light Infantry (72043),Austrian,Habsburg Imperial,,,,,,,,,
2004,Orion Soviet Artillery Crew (72041),Russian,Soviet,,,,,,,,,
2010,RedBox Mounted Men at Arms (72045),British,English,,,,,,,,,
2014,HaT WWI Highlanders (8235),British,Canadian,South African,,,,,,,,
2015,HaT WWI Indian Infantry (8236),Indian,,,,,,,,,,
2016,HaT Dervish Warriors (8271),Sudanese,,,,,,,,,,
2017,Valiant German IF8 Infantry Cart (VM005),German,,,,,,,,,,
2018,Mars Swedish Mercenary Dragoons (72040),Swedish,,,,,,,,,,
2019,Mars Imperial Heavy Cavalry (72041),Austrian,German,Habsburg Imperial,,,,,,,,
2020,Mars Teutonic Knights (72050),German,Teutonic,,,,,,,,,
2021,Mars Polish Knights (72051),Polish,,,,,,,,,,
2023,Strelets 6-Inch Mk VII Cannon with British Crew (A001),British,,,,,,,,,,
2024,Strelets 8 Inch Mk VII Howitzer (A002),USA,,,,,,,,,,
2025,Strelets 8 Inch Mk II Howitzer with Early British Crew (A003),British,,,,,,,,,,
2026,Strelets 6 Inch Mk XIX Cannon (A004),British,,,,,,,,,,
2027,Orion Modern Israeli Army (Set 2) (72040),Israeli,,,,,,,,,,
2028,RedBox Men-at-Arms and Retinue (72040),British,English,,,,,,,,,
2030,Caesar WWII German Cavalry Division (H092),German,,,,,,,,,,
2031,Caesar Modern US Soldiers in Action (Set 2) (H094),USA,,,,,,,,,,
2032,Caesar WWII German Command Staff with Kübelwagen (H095),German,,,,,,,,,,
2033,Caesar WWII German Sd.Kfz.2 Kettenkrad & Raketenwerfer 43 (H096),German,,,,,,,,,,
2034,Caesar Modern US Soldiers in Action (HB11),USA,,,,,,,,,,
2035,Strelets Polish Troops in Attack (144),Polish,,,,,,,,,,
2036,Strelets WWI French Field Kitchen (292),French,,,,,,,,,,
2037,Strelets Russian Hussars in Reserve (276),Russian,,,,,,,,,,
2038,Strelets British Infantry Firing Line (278),British,,,,,,,,,,
2039,Strelets British Dragoons (256),British,,,,,,,,,,
2041,Linear-A Neo-Assyrian Empire Infantry Set 1 (056),Assyrian,Syrian,,,,,,,,,
2045,Waterloo 1815 WWII German Cavalry (Set 1) (025),German,,,,,,,,,,
2046,Waterloo 1815 WWII US Mountain Troops (031),USA,,,,,,,,,,
2047,Waterloo 1815 Roger's Rangers (035),British,,,,,,,,,,
2048,Waterloo 1815 British Paratroopers with Pack Howitzer (036),British,,,,,,,,,,
2049,"Waterloo 1815 Italian Tank, Vehicle and Artillery Crews (037)",Italian,,,,,,,,,,
2052,BUM Roger's Rangers (2001),British,,,,,,,,,,
2053,BUM Whaleboat Rangers (2002),British,,,,,,,,,,
2054,BUM Rangers and Canoes (2003),British,USA,,,,,,,,,
2055,BUM Cabin Attack (2004),USA,,,,,,,,,,
2056,BUM Ambush! (2005),USA,,,,,,,,,,
2057,BUM Massacre! (2006),USA,,,,,,,,,,
2058,BUM Huron Hut (2007),USA,,,,,,,,,,
2059,BUM Huron's Camp (2011),USA,,,,,,,,,,
2060,Ultima Ratio WWII Soviet & Polish Infantry (UR003),Polish,Russian,Soviet,,,,,,,,
2062,BUM French Bombard (2025),Canadian,French,,,,,,,,,
2064,HaT WWII French Artillery Crew (8162),French,,,,,,,,,,
2080,BUM Nationalist Heavy Artillery (5046),Spanish,,,,,,,,,,
2084,Zvezda German Anti-Tank Gun PaK-36 with Crew (6114),German,,,,,,,,,,
2085,Linear-B Roman Transport (116),Roman,,,,,,,,,,
2086,Strelets Mamelukes (120),Egyptian,,,,,,,,,,
2087,HaT Napoleonic 1815 French Marching (8294),French,,,,,,,,,,
2088,HaT Seven Years War Austrian Sampler (8295),Austrian,,,,,,,,,,
2089,HaT Napoleonic Early-Mid French Marching (8296),French,,,,,,,,,,
2090,HaT Napoleonic French Command (8297),French,,,,,,,,,,
2091,HaT Huns (8298),Hun,,,,,,,,,,
2092,HaT 7YW Prussian Infantry Marching (8280),German,Prussian,,,,,,,,,
2093,HaT 7YW Prussian Infantry Action (8281),German,Prussian,,,,,,,,,
2094,HaT 7YW Prussian Infantry Command (8282),German,Prussian,,,,,,,,,
2095,HaT WW2 German Bicycle Infantry (8277),German,,,,,,,,,,
2096,HaT Colonial Ox Wagon (8286),South African,,,,,,,,,,
2097,HaT Colonial General Service Wagon (8287),British,,,,,,,,,,
2098,HaT Colonial British Dragoons (8288),British,,,,,,,,,,
2099,HaT Colonial Bengal Lancers (8289),Indian,,,,,,,,,,
2100,HaT WWI German Jäger Bicyclists (8276),German,,,,,,,,,,
2101,HaT WWI Belgian Heavy Weapons (8291),Belgian,,,,,,,,,,
2102,HaT British Infantry (Early) (8292),British,,,,,,,,,,
2103,HaT British Infantry (Tropical) (8293),British,,,,,,,,,,
2104,Strelets French Line Infantry in Egypt (M068),French,,,,,,,,,,
2105,Strelets French Light Infantry in Egypt (M069),French,,,,,,,,,,
2106,Strelets British Line Infantry in Egypt (M070),British,,,,,,,,,,
2107,Strelets British Light Infantry in Egypt (M071),British,,,,,,,,,,
2108,Strelets Regular Cavalry RKKA (125),Russian,Soviet,,,,,,,,,
2110,Strelets French Hussars in Egypt (118),French,,,,,,,,,,
2111,Strelets British Cavalry (Egypt) (119),British,,,,,,,,,,
2112,Mars Ukrainian Defenders (72138),Ukrainian,,,,,,,,,,
2113,Strelets 1745 British Artillery (284),British,,,,,,,,,,
2114,Strelets German States' Cuirassiers in Skirmish (268),German,,,,,,,,,,
2115,BUM Huron's River (2008),USA,,,,,,,,,,
2116,Zvezda Soviet 45-mm Anti-Tank Gun with Crew (6112),Russian,Soviet,,,,,,,,,
2117,Mars Spanish Tertio (72042),Spanish,,,,,,,,,,
2119,Metch Japanese Daihatsu Landing Craft (172172),Japanese,,,,,,,,,,
2120,Metch T-40 Fuel Truck (172138),Japanese,,,,,,,,,,
2121,Caesar British Army (H060),British,,,,,,,,,,
2122,Caesar WWII Late War German Army (H074),German,,,,,,,,,,
2123,Caesar WWII Italian Paratroopers (H075),Italian,,,,,,,,,,
2124,Caesar German Army with Camouflage Cape (HB04),German,,,,,,,,,,
2127,Strelets Moroccan Goumiers (M151),Moroccan,,,,,,,,,,
2128,Ultima Ratio WWII Soviet Mountain Troops (UR004),Russian,Soviet,,,,,,,,,
2129,BUM Western Fort Stable (2113),USA,,,,,,,,,,
2130,Waterloo 1815 French Line Voltigeurs at Waterloo (062),French,,,,,,,,,,
2131,Waterloo 1815 1815 French Line Infantry Fusiliers Marching (061),French,,,,,,,,,,
2132,Waterloo 1815 Prussian Officers & High Staff 1813-15 (058),German,Prussian,,,,,,,,,
2133,Mars Swedish Infantry (72094),Swedish,,,,,,,,,,
2137,Mars Polish Siege Bombard (72062),Polish,,,,,,,,,,
2138,Mars French Dismounted Dragoons (72078),French,,,,,,,,,,
2139,First To Fight Pak 36 German Antitank Gun (PL1939-022),German,,,,,,,,,,
2140,Strelets Early WWII American Soldiers 2 (M113),USA,,,,,,,,,,
2141,Strelets WWII Japanese Troops in Tropical Uniform (M114),Japanese,,,,,,,,,,
2142,RedBox Russian War Monks (72086),Russian,,,,,,,,,,
2143,RedBox Russian War Monk Artillery (72087),Russian,,,,,,,,,,
2144,RedBox Osman Eyalet Infantry 16-17th Century (72088),Ottoman,Turkish,,,,,,,,,
2145,RedBox Osman Yeniceri Infantry 16-17th Century (72089),Ottoman,Turkish,,,,,,,,,
2146,Caesar WWII German Infantry Marching (H081),German,,,,,,,,,,
2147,Caesar WWII German Infantry in Smocks - Winter (H083),German,,,,,,,,,,
2148,Caesar WWII German Artillery/Howitzer Crews (H084),German,,,,,,,,,,
2149,Caesar WWII German Panzer Unit in Combat (H085),German,,,,,,,,,,
2150,Caesar WWII German Anti-aircraft Crews (H089),German,,,,,,,,,,
2151,Ultima Ratio Soviet Motorized Infantry Spetsnaz (UR002),Russian,Soviet,,,,,,,,,
2152,"RedBox European Light Cavalry, 16th Century Set 2 (72085)",French,German,Italian,,,,,,,,
2154,First To Fight German 7.5 cm LE.IG Infantry Gun (PL1939-031),German,,,,,,,,,,
2155,Zvezda Soviet 37 mm Anti-aircraft Gun 61-K (6115),Russian,Soviet,,,,,,,,,
2156,Hasegawa 88mm Gun Flak 18 (31110),German,,,,,,,,,,
2158,Hasegawa U.S. Jeep Willys M.B. Cargo 37mm Gun (31101),USA,,,,,,,,,,
2159,Revell Soviet Spetsnaz (1980) (02533),Russian,Soviet,,,,,,,,,
2160,Linear-B Roman Market (072),Italian,Roman,,,,,,,,,
2161,Linear-B Spartacus Uprising (073),Italian,Roman,,,,,,,,,
2162,Italeri Japanese M92 Light Howitzer and AT Team (6164),Japanese,,,,,,,,,,
2163,Italeri Cannone da 149/40 with Crew (6165),Italian,,,,,,,,,,
2164,Revell WWII Japanese Infantry (02528),Japanese,,,,,,,,,,
2165,Revell WWII ANZAC Infantry (02529),Australian,New Zealand,,,,,,,,,
2166,Caesar US Paratroopers (H076),USA,,,,,,,,,,
2167,Mars Teutonic Foot Sergeants (72052),German,Teutonic,,,,,,,,,
2168,Mars Teutonic Mounted Sergeants (72053),German,,,,,,,,,,
2169,Mars Teutonic Mounted Crossbowmen (72054),German,Teutonic,,,,,,,,,
2170,HaT Napoleonic Prussian Infantry Sampler (8329),German,Prussian,,,,,,,,,
2171,Linear-A The Folk of Judea (001),Israeli,Palestinian,Roman,,,,,,,,
2172,HaT Napoleonic Mounted Officers (8279),German,Prussian,Russian,Spanish,,,,,,,
2173,Linear-B Roman Port (002),Italian,Roman,,,,,,,,,
2174,BUM St.Francis Settlement (2013),USA,,,,,,,,,,
2175,Linear-B Roman Tavern (003),Italian,Roman,,,,,,,,,
2176,Strelets Spartacus Army (M077),French,Gaul,German,Greek,Italian,,,,,,
2177,Strelets Roman Republican Legion on the March (M078),Italian,Roman,,,,,,,,,
2178,Strelets Roman Republican Legion in Battle (M079),Italian,Roman,,,,,,,,,
2179,Strelets Roman Republican Legion Before Battle (M080),Italian,Roman,,,,,,,,,
2180,Strelets Italian Army in Winter Dress (Stalingrad) (M082),Italian,,,,,,,,,,
2181,Strelets Hungarian Army in Winter Dress (Stalingrad) (M083),Hungarian,,,,,,,,,,
2184,Revell NATO Pilots (Modern) (02402),Belgian,British,French,German,Italian,USA,,,,,
2185,Zvezda British Infantry (6166),British,,,,,,,,,,
2186,Zvezda British Machine Gun Crew (6167),British,,,,,,,,,,
2187,Zvezda British 3 Inch Mortar with Crew (6168),British,,,,,,,,,,
2188,First To Fight German Infantry Support Weapons (PL1939-020),German,,,,,,,,,,
2189,Zvezda German Elite Troops (6180),German,,,,,,,,,,
2190,Zvezda German Medical Personnel (6143),German,,,,,,,,,,
2191,Zvezda German Regular Infantry (6178),German,,,,,,,,,,
2192,Zvezda Soviet Medical Personnel (6152),Russian,Soviet,,,,,,,,,
2193,Zvezda Soviet Militia (6181),Russian,Soviet,,,,,,,,,
2194,Zvezda Soviet Regular Infantry (6179),Russian,Soviet,,,,,,,,,
2195,Plastic Soldier Late War US Infantry (WW2020006),USA,,,,,,,,,,
2196,RedBox Town & County Levy (72041),British,English,,,,,,,,,
2208,Strelets Norman Train (128),French,Norman,,,,,,,,,
2209,Strelets Soviet Partisans in Winter Dress (M084),Russian,Soviet,,,,,,,,,
2210,Strelets Soviet Partisans in Summer Dress (M085),Russian,Soviet,,,,,,,,,
2211,Strelets Police Battalion (M086),Estonian,Latvian,Lithuanian,Polish,Ukrainian,,,,,,
2212,Valiant German Paratroops (VM006),German,,,,,,,,,,
2213,BUM French-Indian War Frontier Post (2012),USA,,,,,,,,,,
2214,Zvezda Ashigaru Archers (6414),Japanese,,,,,,,,,,
2215,Zvezda Peasants with Ammo Supply (6415),Japanese,,,,,,,,,,
2216,Zvezda Mounted Samurai Archers (6416),Japanese,,,,,,,,,,
2217,Strelets Japanese Imperial Airborne Troops (M104),Japanese,,,,,,,,,,
2218,Zvezda French Line Infantry (6802),French,,,,,,,,,,
2219,Strelets WWII Union of South Africa (M103),South African,,,,,,,,,,
2220,Strelets 8th Army Australian Infantry in Attack (M155),Australian,,,,,,,,,,
2221,Strelets Caesar Army on the March (M087),Italian,Roman,,,,,,,,,
2222,Strelets Caesar Army Before Battle (M088),Italian,Roman,,,,,,,,,
2223,Strelets Caesar Army in Battle I (M089),Italian,Roman,,,,,,,,,
2224,Strelets French Foreign Legion Heavy Weapons Squad (M152),French,,,,,,,,,,
2232,MM Swiss Vatican Guard (001),Italian,Swiss,,,,,,,,,
2236,Ultima Ratio Carthaginian Army: Iberian Infantry Part 1 (UR016),Carthaginian,CeltIberian,Spanish,,,,,,,,
2237,RedBox Byzantine Cataphracts Set 2 (72154),Byzantine,Turkish,,,,,,,,,
2240,First To Fight Bofors 37 mm wz. 36 Polish AT Gun (PL1939-025),Polish,,,,,,,,,,
2242,Caesar Chinese Qing Dynasty Troopers (H033),Chinese,,,,,,,,,,
2243,Caesar Chinese Ming Dynasty Troopers (H032),Chinese,,,,,,,,,,
2244,Caesar Pharaoh's Chariot with Biblical Peasant (H042),Egyptian,,,,,,,,,,
2245,Caesar Astronauts and Spacecraft (HB21),Chinese,,,,,,,,,,
2249,Orion Soviet Tankmen and Crew (Winter Dress) (72042),Russian,Soviet,,,,,,,,,
2250,Ykreol Berlin 1945 (YK17),German,,,,,,,,,,
2252,Italeri US Infantry 90s (6168),USA,,,,,,,,,,
2253,Italeri Soviet Special Forces 80s (6169),Russian,Soviet,,,,,,,,,
2254,Orion Byzantine Infantry (7th - 9th Century) (72043),Byzantine,Turkish,,,,,,,,,
2255,Orion Byzantine Infantry (10th - 13th Century) (72044),Byzantine,Turkish,,,,,,,,,
2259,Mars French Field Artillery (72044),French,,,,,,,,,,
2260,Mars Teutonic Foot Knights (72057),German,,,,,,,,,,
2261,Zvezda Soviet 76mm Infantry Gun (6145),Russian,Soviet,,,,,,,,,
2263,Orion German WWII Panzer Soldiers (Basic Set 1) (72045),German,,,,,,,,,,
2264,RedBox Continental Mercenaries (72042),Dutch,French,German,Irish,Scottish,Swiss,,,,,
2265,Plastic Soldier Russian ZiS 2/3 Gun (WW2G20002),Russian,Soviet,,,,,,,,,
2267,RedBox Scottish Troops (72043),British,Scottish,,,,,,,,,
2268,RedBox Irish Troops (72044),Irish,,,,,,,,,,
2269,Strelets Caesar Army in Defence (M090),Italian,Roman,,,,,,,,,
2270,HaT Napoleonic Spanish Line Infantry (8302),Spanish,,,,,,,,,,
2271,HaT British Infantry Command (8304),British,,,,,,,,,,
2272,HaT Napoleonic Spanish Command (8303),Spanish,,,,,,,,,,
2273,HaT Zulu British Infantry Command (8299),British,,,,,,,,,,
2274,Strelets Imperial Roman Legion 1 (907),Italian,Roman,,,,,,,,,
2280,Valiant German le FH 18 Howitzer and Crew (VM007),German,,,,,,,,,,
2281,Valiant German Artillery Crew (VM008),German,,,,,,,,,,
2284,Zvezda German Motorcycle R-12 (6142),German,,,,,,,,,,
2285,Zvezda German 20mm Anti-Aircraft Gun with Crew (6117),German,,,,,,,,,,
2286,Armourfast leFH18 105mm Howitzer (89001),German,,,,,,,,,,
2287,Zvezda German 105mm Howitzer with Crew (6121),German,,,,,,,,,,
2288,Waterloo 1815 Mussolini (060),Italian,,,,,,,,,,
2289,RedBox Turkish Sailors 16-17th Century (72078),Ottoman,Turkish,,,,,,,,,
2290,RedBox Turkish Sailors in Battle 16-17th Century (72079),Ottoman,Turkish,,,,,,,,,
2291,RedBox Turkish Sailors Artillery 16-17th Century (72080),Ottoman,Turkish,,,,,,,,,
2292,RedBox English Sailors 16-17th Century (72081),British,English,,,,,,,,,
2294,Zvezda German 75mm Infantry Gun (6156),German,,,,,,,,,,
2295,Zvezda British Anti-tank Gun Ordnance QF 2 pdr (6169),British,,,,,,,,,,
2296,Caesar German Soldiers with Tank Riders (H077),German,,,,,,,,,,
2298,Caesar Dismounted Crusaders (H086),Frankish,French,German,Italian,,,,,,,
2299,Caesar Medieval European Knights 13th Century (H087),British,English,Frankish,French,German,Italian,,,,,
2300,Caesar European Medieval Foot Soldiers and Archers (H088),British,English,French,German,Italian,Spanish,,,,,
2301,Caesar German Infantry (CM7711),German,,,,,,,,,,
2302,Caesar German Paratroopers (CM7712),German,,,,,,,,,,
2303,Caesar German Afrikakorps (CM7713),German,,,,,,,,,,
2304,Caesar German Panzergrenadier (Normandy 1944) (CM7716),German,,,,,,,,,,
2305,Caesar German Panzergrenadiers (Camouflage Capes) (CM7717),German,,,,,,,,,,
2306,Mars Polish Infantry (72047),Polish,,,,,,,,,,
2307,Mars Lithuanian Medium Cavalry (72058),Lithuanian,,,,,,,,,,
2308,Mars Russian Medium Cavalry (72059),Russian,,,,,,,,,,
2309,Mars Lithuanian-Russian Light Infantry (72060),Lithuanian,Russian,,,,,,,,,
2310,Linear-B Spartacus Uprising Defeat (006),Celtic,Italian,Roman,,,,,,,,
2311,Linear-B Roman Construction (004),Italian,Roman,,,,,,,,,
2312,Linear-B Roman Valetudinarium (005),Italian,Roman,,,,,,,,,
2313,Eduard Czech Air Force (7501),Czech,,,,,,,,,,
2314,Eduard Royal Flying Corps 1917 (7503),British,,,,,,,,,,
2315,Revell British Paratroopers (Falklands War) (02596),British,,,,,,,,,,
2316,HaT Napoleonic British Heavy Dragoons (8308),British,,,,,,,,,,
2318,Strelets Norman Army Camp (909),French,Norman,,,,,,,,,
2319,Strelets Catapult with Roman Crew (A009),Italian,Roman,,,,,,,,,
2320,Strelets Ancient Christians (130),Italian,Roman,,,,,,,,,
2321,Strelets Turkish Infantry in Summer Uniform (M092),Ottoman,Turkish,,,,,,,,,
2322,Mars Spanish Infantry (Later) (72076),Spanish,,,,,,,,,,
2323,Strelets British Line Infantry in Overcoats - 1 (M094),British,,,,,,,,,,
2324,Strelets Shaab with Crusader Crew (A010),Frankish,,,,,,,,,,
2325,RedBox British Infantry (72049),British,,,,,,,,,,
2326,RedBox Highland Infantry (72050),British,,,,,,,,,,
2327,RedBox Militia and Loyalist Troops (72051),British,,,,,,,,,,
2328,RedBox Landsknechts Heavy Pikemen (72068),German,,,,,,,,,,
2329,Mars French Mounted Guards Royal Musketeers (72045),French,,,,,,,,,,
2330,Mars French Mounted Guards of Cardinal Richelieu (72046),French,,,,,,,,,,
2331,Mars Lithuanian Tatars Light Cavalry (72055),Lithuanian,Tatar,,,,,,,,,
2332,Mars Lithuanian Light Cavalry (72056),Lithuanian,,,,,,,,,,
2333,Mars Algerian Pirates (72072),Algerian,,,,,,,,,,
2334,Zvezda German Headquarters (6133),German,,,,,,,,,,
2335,Zvezda Soviet Sniper Team (6193),Russian,Soviet,,,,,,,,,
2336,Strelets Roman Imperial Legion Ranks (M100),Italian,Roman,,,,,,,,,
2337,Zvezda Soviet Infantry in Winter Uniform (6197),Russian,Soviet,,,,,,,,,
2338,Zvezda German Infantry in Winter Uniform (6198),German,,,,,,,,,,
2339,Zvezda Soviet Ski Troops (6199),Russian,Soviet,,,,,,,,,
2340,Zvezda British Engineers (6219),British,,,,,,,,,,
2341,Zvezda Soviet Machine Gun 'Maxim' with Crew (Winter) (6220),Russian,Soviet,,,,,,,,,
2342,Zvezda British Recon Team (6226),British,,,,,,,,,,
2343,Zvezda British Medical Personnel (6228),British,,,,,,,,,,
2344,Strelets WWII Early American Soldiers (M105),USA,,,,,,,,,,
2345,Strelets Russian Jaegers in Summer Dress (288),Russian,,,,,,,,,,
2347,Zvezda Soviet Motorized Infantry (7404),Russian,Soviet,,,,,,,,,
2348,Zvezda U.S. Mechanized Infantry (7407),USA,,,,,,,,,,
2349,"Zvezda Soviet Machine Gun NSV 12,7 'Utes' (7411)",Russian,Soviet,,,,,,,,,
2350,Zvezda Soviet SAM SA-18 'Grouse' (7412),Russian,Soviet,,,,,,,,,
2351,Zvezda Soviet Anti-Tank Missile System AT-7 'Saxhorn' (7413),Russian,Soviet,,,,,,,,,
2352,Zvezda US Machine Gun M2 'Browning' (7414),USA,,,,,,,,,,
2353,Zvezda American M-47 Dragon Anti-Tank Missile System (7415),USA,,,,,,,,,,
2354,Zvezda US SAM FIM-92 'Stinger' (7416),USA,,,,,,,,,,
2355,Zvezda Soviet 82mm Mortar with Crew (Winter) (6208),Russian,Soviet,,,,,,,,,
2356,Zvezda German 80mm Mortar with Winter Crew (6209),German,,,,,,,,,,
2357,Zvezda German Machine Gun with Crew (Winter) (6210),German,,,,,,,,,,
2358,Strelets Roman Senate 1 (137),Italian,Roman,,,,,,,,,
2359,Plastic Soldier German PaK 38 Anti Tank Gun (WW2G20003),German,,,,,,,,,,
2360,RedBox WW2 Japanese Kamikaze (72048),Japanese,,,,,,,,,,
2361,RedBox WW2 Japanese Army Aviation Pilots and Ground Crew (72052),Japanese,,,,,,,,,,
2362,Mars Polish Field Artillery (72077),Polish,,,,,,,,,,
2364,Mars Barbarian Pirates (72071),Algerian,Tunisian,,,,,,,,,
2365,RedBox WW2 IJN Pilots and Ground Crew (72053),Japanese,,,,,,,,,,
2366,Italeri Japanese Infantry (6170),Japanese,,,,,,,,,,
2372,Zvezda Soviet 122mm Howitzer (6122),Russian,Soviet,,,,,,,,,
2373,Zvezda German Heavy Anti-Aircraft Gun (6158),German,,,,,,,,,,
2374,Zvezda British Bofors 40-mm MkI/II AA-Gun (6170),British,,,,,,,,,,
2375,Mars Polish Pahioki (72074),Polish,,,,,,,,,,
2381,Mars Eastern Mercenaries in Winter Dress (72075),Hungarian,Polish,,,,,,,,,
2383,Strelets German Army in Stalingrad (M093),German,,,,,,,,,,
2384,Mars Late Mycenaean Heavy Infantry (72085),Greek,Mycenaean,,,,,,,,,
2385,Mars Polish Field Artillery (72063),Polish,,,,,,,,,,
2388,Valiant British 6 pounder Anti-Tank Gun and Crew (VM009),British,,,,,,,,,,
2391,Strelets Polish Peoples Army (M095),Polish,,,,,,,,,,
2392,Strelets Finnish Army 1944 (M096),Finnish,,,,,,,,,,
2393,Strelets British Line Infantry in Overcoats 2 (M097),British,,,,,,,,,,
2394,Strelets American Militia in Winter Dress 1812 (M098),USA,,,,,,,,,,
2397,Waterloo 1815 Cromwell's Cavalry (033),British,English,,,,,,,,,
2398,Mars Imperial Mercenary Infantry in Summer Dress (72048),French,German,,,,,,,,,
2399,Mars Imperial Mercenary Infantry in Winter Dress (72049),Habsburg Imperial,,,,,,,,,,
2400,Mars Lithuanian-Russian Medium Infantry (72061),Lithuanian,Russian,,,,,,,,,
2401,Mars Polish Infantry (Early) (72073),Polish,,,,,,,,,,
2402,Waterloo 1815 Highland Infantry 1815 in Square (039),British,,,,,,,,,,
2403,RedBox Stradioti Set 1 (72074),Albanian,Greek,Serbian,,,,,,,,
2404,RedBox Jinetes Set 2 (72077),Spanish,,,,,,,,,,
2408,First To Fight Polish Infantry (PL1939-019),Polish,,,,,,,,,,
2409,Linear-B Age of Tudors (012),British,English,,,,,,,,,
2410,Zvezda Russian Dragoons Command (6817),Russian,,,,,,,,,,
2411,Zvezda French Dragoons Command (6818),French,,,,,,,,,,
2412,Plastic Soldier US Infantry Heavy Weapons (WW2020007),USA,,,,,,,,,,
2415,RedBox Turkish Artillery (72066),Ottoman,Turkish,,,,,,,,,
2416,RedBox Landsknechts Heavy Infantry (72063),German,,,,,,,,,,
2417,RedBox Turkish Artillery (72067),Ottoman,Turkish,,,,,,,,,
2418,RedBox Landsknechts Artillery (72064),German,,,,,,,,,,
2420,Linear-B Roman Slave Market (076),Roman,,,,,,,,,,
2421,Linear-B Roman Peasantry (077),Italian,Roman,,,,,,,,,
2422,Mars Polish 'Lisovchiki' (72079),Polish,,,,,,,,,,
2423,Mars Lithuanian Tartars (72080),Lithuanian,Tatar,,,,,,,,,
2424,Mars Early Mycenaean Infantry (72086),Greek,,,,,,,,,,
2425,Mars Late Mycenaean Light Infantry (72087),Greek,Mycenaean,,,,,,,,,
2426,Valiant German Paratroop Heavy Weapons (VM010),German,,,,,,,,,,
2427,Strelets Russian Army Sledge Train 1 (135),Russian,,,,,,,,,,
2428,Strelets Russian Army Sledge Train 2 (136),Russian,,,,,,,,,,
2429,Strelets WWI 9.2-inch British Siege Howitzer MK I (A012),British,,,,,,,,,,
2430,Strelets WWI 21 cm MRS 10 German Heavy Howitzer (A013),German,,,,,,,,,,
2431,Orion Soviet Tankmen and Crew (72046),Russian,Soviet,,,,,,,,,
2432,Strelets Bavarian Cuirassiers (258),German,,,,,,,,,,
2433,Waterloo 1815 WWII Italian Infantry (Campaign Dress) (040),Italian,,,,,,,,,,
2434,Waterloo 1815 Royal Italian Air Force Pilots and Crew (055),Italian,,,,,,,,,,
2435,Waterloo 1815 British Heavy Dragoons (053),British,,,,,,,,,,
2436,Waterloo 1815 French Line Lancers (054),French,,,,,,,,,,
2437,Ultima Ratio Mujahidins Taliban al-Qaeda (UR001),Afghan,,,,,,,,,,
2442,Mars Wallachian Infantry (72081),Romanian,Wallacian,,,,,,,,,
2443,Mars Sea Peoples (72088),Sea People,,,,,,,,,,
2444,Mars Achaeans (72089),Greek,,,,,,,,,,
2445,RedBox Landsknechts (Sword/Arquebus) (72057),German,,,,,,,,,,
2446,RedBox Landsknechts (Pikemen) (72058),German,,,,,,,,,,
2447,RedBox Landsknechts (Halberdiers) (72059),German,,,,,,,,,,
2448,RedBox Swiss Infantry (Sword/Arquebus) (72060),Swiss,,,,,,,,,,
2449,RedBox Swiss Pikemen (72061),Swiss,,,,,,,,,,
2450,RedBox Swiss Halberdiers (72062),Swiss,,,,,,,,,,
2451,RedBox European Mounted Men-at-Arms (72047),Dutch,French,German,Italian,Spanish,,,,,,
2452,HaT WWI Italian Arditi (8221),Italian,,,,,,,,,,
2453,HaT WWI Italian Heavy Weapons (8222),Italian,,,,,,,,,,
2454,HaT WWI Italian Infantry (8223),Italian,,,,,,,,,,
2455,HaT Prussian Landwehr Action (8310),German,Prussian,,,,,,,,,
2456,Strelets Austrian Grenadiers Winter Standing Shoulder Arms (206),Austrian,,,,,,,,,,
2458,Linear-A Roman Army of Maximinus Thrax (1): Infantry (069),Italian,Roman,,,,,,,,,
2459,Linear-A Legions of Gnaeus Pompeius Magnus (Set 1) (065),Italian,Roman,,,,,,,,,
2460,Linear-A Roman Legion of Antonius in Egyptian Service (066),Italian,Roman,,,,,,,,,
2461,Strelets French Guards Chasseurs (277),French,,,,,,,,,,
2462,Caesar German Infantry Tank Riders Winter Set 2 (H079),German,,,,,,,,,,
2463,Strelets Austrian Uhlans (275),Austrian,,,,,,,,,,
2464,First To Fight German Infantry 1939 (PL1939-016),German,,,,,,,,,,
2465,Linear-B Mithridatic Heavy Infantry (078),Pontic,Turkish,,,,,,,,,
2466,Plastic Soldier German Stowage and Tank Commanders (WW2V20021),German,,,,,,,,,,
2467,Mars Buccaneers (72082),British,Dutch,English,French,Spanish,,,,,,
2468,Preiser German Zundapp Motorcycles with Riders (72538),German,,,,,,,,,,
2469,Preiser Zundapp Motorcycles with Crews Pushing (72539),German,,,,,,,,,,
2471,Strelets Stamford Bridge (911),British,Danish,Norwegian,Saxon,Swedish,Viking,,,,,
2472,Strelets Hastings 1066: Norman Army (910),French,Norman,,,,,,,,,
2473,Strelets Hastings 1066: Anglo-Saxon Army (912),Anglo-Saxon,British,,,,,,,,,
2474,Strelets Bashi-Bazouks (M054),Ottoman,Turkish,,,,,,,,,
2475,Strelets 8th Army Australian Heavy Weapons Squad (M156),Australian,,,,,,,,,,
2476,Strelets English Longbowmen (M117),British,English,,,,,,,,,
2477,Strelets English Men-At-Arms 13th-14th Century (M118),British,English,,,,,,,,,
2478,Mars Turkish Eyalet Infantry (72097),Ottoman,Turkish,,,,,,,,,
2479,RedBox Osman Sipahi Set 1 (72094),Ottoman,Turkish,,,,,,,,,
2480,Mars Swedish Dragoons (Set 2) (72095),Swedish,,,,,,,,,,
2481,Mars Imperial Dragoons (72096),Austrian,Habsburg Imperial,,,,,,,,,
2482,RedBox Osman Sipahi Set 2 (72095),Ottoman,Turkish,,,,,,,,,
2483,Panzer vs Tanks Israeli IDF Advance Set (Mitznefet) (022),Israeli,,,,,,,,,,
2484,Panzer vs Tanks Roman Legion Testudo (001),Italian,Roman,,,,,,,,,
2485,RedBox Ukrainian Cossack Cavalry Set 1 (72125),Ukrainian,,,,,,,,,,
2486,Panzer vs Tanks German Ground Crew Set 1 (003),German,,,,,,,,,,
2487,RedBox Ukrainian Cossack Cavalry Set 2 (72126),Ukrainian,,,,,,,,,,
2488,Panzer vs Tanks US Navy Sailors Combat Set 2 (005),USA,,,,,,,,,,
2489,Orion Local Communist Force (72056),Vietnamese,,,,,,,,,,
2490,Linear-A Hannibal Crosses the Alps Set 3 (Elephants) (016),Carthaginian,Greek,Spanish,Tunisian,,,,,,,
2491,Orion Turkish Cavalry (Deli) (72055),Ottoman,Turkish,,,,,,,,,
2492,RedBox Russian Line Infantry (72131),Russian,,,,,,,,,,
2493,RedBox Russian Grenadiers (72130),Russian,,,,,,,,,,
2494,RedBox Russian Light Infantry (72132),Russian,,,,,,,,,,
2495,Panzer vs Tanks German U-Boat Crew Set 1 (012),German,,,,,,,,,,
2496,Panzer vs Tanks German U-Boat Crew Set 2 (013),German,,,,,,,,,,
2497,Orion German Anti-Resistance Troops (72054),German,,,,,,,,,,
2498,Linear-A Napoleonic French Engineers (024),French,,,,,,,,,,
2499,Linear-A Hannibal Makes a Triumphal Entry in Italy (023),Carthaginian,Celtic,French,Italian,,,,,,,
2500,Linear-A Roman Legion Set 2 (018),Italian,Roman,,,,,,,,,
2501,Linear-A Battle of Cunaxa Set 2 (019),Greek,,,,,,,,,,
2502,Strelets Highlanders Standing Shoulder Arms (199),British,,,,,,,,,,
2503,Linear-A The Minoans (020),Greek,Minoan,,,,,,,,,
2505,Strelets Spanish Pro-Bourbon Infantry (263),Spanish,,,,,,,,,,
2506,Mars German Panzerjägers (72128),German,,,,,,,,,,
2507,Mars British Commonwealth Troops (72127),Australian,Canadian,,,,,,,,,
2508,Strelets WWI French Infantry in Summer Dress (M134),French,,,,,,,,,,
2509,Panzer vs Tanks Israel IDF Patrol Set 5 (027),Israeli,,,,,,,,,,
2511,Valiant German Infantry 42-44 (FT001),German,,,,,,,,,,
2514,Linear-A Roman Legion Set 1 (017),Italian,Roman,,,,,,,,,
2515,Linear-A German Warriors Set 1 (009),German,,,,,,,,,,
2516,RedBox Scottish Heavy Cavalry (72056),British,Scottish,,,,,,,,,
2517,RedBox Spanish Infantry (Set 1) (72096),Spanish,,,,,,,,,,
2518,RedBox Italian Infantry (Set 1) (72099),Italian,,,,,,,,,,
2519,RedBox Scottish Light Cavalry (72108),British,Scottish,,,,,,,,,
2520,Caesar Chinese Han Dynasty Troopers (H043),Chinese,,,,,,,,,,
2521,Strelets Indian Troops (M119),Indian,Pakistani,,,,,,,,,
2525,Strelets Rif Rebellion (191),Moroccan,Rifian,,,,,,,,,
2526,Strelets Mounted Rif Rebels (190),Moroccan,,,,,,,,,,
2527,Strelets Pom-Pom Gun with Scottish Crew (189),British,,,,,,,,,,
2528,Strelets Prussian Hussars (155),German,Prussian,,,,,,,,,
2529,Valiant German 81mm Mortar and Tripod MG42 (FT002),German,,,,,,,,,,
2530,Linear-A Hannibal Crosses the Alps Set 2 (013),Algerian,Tunisian,,,,,,,,,
2531,Strelets French Foreign Legion Desert Patrol (192),French,,,,,,,,,,
2532,First To Fight 37mm Anti-Tank Gun with Uhlan Crew (PL1939-069),Polish,,,,,,,,,,
2533,Strelets Highlanders on the March (140),British,,,,,,,,,,
2534,Strelets Polish Infantry on the March (142),Polish,,,,,,,,,,
2535,Strelets Pom-Pom Gun with Boer Crew (188),Boer,South African,,,,,,,,,
2536,Strelets Bavarian Infantry Firing Line (273),Bavarian,German,,,,,,,,,
2537,Orion WWII USA Tank Crew Winter Dress (72050),USA,,,,,,,,,,
2538,Strelets French Foreign Legion WWII (187),French,,,,,,,,,,
2539,Strelets French Foreign Legion Early XX C. (186),French,,,,,,,,,,
2540,Strelets Foot Rif Rebels (185),Moroccan,Rifian,,,,,,,,,
2541,Mars German Naval Troops (72112),German,,,,,,,,,,
2542,Waterloo 1815 WWI Italian Cavalry (042),Italian,,,,,,,,,,
2543,Strelets Highlanders in Attack (146),British,,,,,,,,,,
2544,Strelets IJA Paratroopers (M120),Japanese,,,,,,,,,,
2545,Mars Osman Siege Artillery (Mortar) (72098),Ottoman,Turkish,,,,,,,,,
2546,Mars Sobieski's Polish Infantry (72099),Polish,,,,,,,,,,
2547,Strelets Japanese Type 96 with Crew (139),Japanese,,,,,,,,,,
2549,Strelets Confederate Troops on the March (147),Confederate,USA,,,,,,,,,
2550,Strelets US Infantry on the March (149),USA,,,,,,,,,,
2551,Strelets US Troops in Attack (150),USA,,,,,,,,,,
2552,Strelets US Cavalry Skirmishing (151),USA,,,,,,,,,,
2553,Strelets Imperial Japanese Army Heavy Weapons Team (M121),Japanese,,,,,,,,,,
2554,Strelets Turkish Infantry in Tropical Uniform (M122),Ottoman,Turkish,,,,,,,,,
2555,Strelets Imperial Camel Corps Dismounted (M123),British,,,,,,,,,,
2556,Revell Austrian Dragoons & Prussian Hussars (02453),Austrian,German,Prussian,,,,,,,,
2557,Revell Austrian & Prussian Infantry (02452),Austrian,German,Prussian,,,,,,,,
2558,Waterloo 1815 Napoleonic French Foot Dragoons (041),French,,,,,,,,,,
2559,Strelets US Infantry in Attack 2 (153),USA,,,,,,,,,,
2560,HaT Austrians Marching (8322),Austrian,Habsburg Imperial,,,,,,,,,
2561,HaT Austrians Action (8323),Austrian,Habsburg Imperial,,,,,,,,,
2562,HaT Austrians Command (8324),Austrian,,,,,,,,,,
2563,Linear-A Legions of Marcus Licinius Crassus (Set 1) (067),Italian,Roman,,,,,,,,,
2564,Ultima Ratio Gladiators Retiarius Provokator (UR020),Italian,Roman,,,,,,,,,
2565,Linear-A Imperial Roman Standards & Standard Bearers (2) (070),Italian,Roman,,,,,,,,,
2566,RedBox Spanish Infantry (Set 2) (72097),Spanish,,,,,,,,,,
2567,RedBox Spanish Infantry (Set 3 - Pike) (72098),Spanish,,,,,,,,,,
2568,RedBox Italian Infantry (Set 2) (72100),Italian,,,,,,,,,,
2569,RedBox Italian Infantry (Set 3 - Pike) (72101),Italian,,,,,,,,,,
2570,RedBox Burgundian Infantry and Knights (Set 1) (72109),Burgundian,French,,,,,,,,,
2571,RedBox Burgundian Infantry and Knights (Set 2) (72110),Burgundian,French,,,,,,,,,
2572,Ultima Ratio Imperial Japanese Army Paratroopers (UR005),Japanese,,,,,,,,,,
2573,Ultima Ratio Chindits (UR006),British,,,,,,,,,,
2574,Ultima Ratio Swiss Infantry (Uri) (UR007),Swiss,,,,,,,,,,
2575,Ultima Ratio Swiss Infantry (Bern) (UR008),Swiss,,,,,,,,,,
2576,Mars Burgundian Field Artillery (72067),Burgundian,French,,,,,,,,,
2577,Mars Swedish Leather Guns (72100),Swedish,,,,,,,,,,
2578,Mars Turkish Heavy Artillery (72101),Ottoman,Turkish,,,,,,,,,
2579,Strelets Imperial Japanese Army in Attack (M128),Japanese,,,,,,,,,,
2580,Strelets WWII Indian Infantry Heavy Weapons (M129),Indian,,,,,,,,,,
2581,Strelets Arab Revolt Foot Rebels (M127),Arab,,,,,,,,,,
2582,Zvezda Soviet Headquarters in Winter Uniform (6231),Russian,Soviet,,,,,,,,,
2583,Strelets Serbian Infantry in Winter Uniform (M126),Serbian,,,,,,,,,,
2584,Strelets Pickett's Charge 2 (152),Confederate,USA,,,,,,,,,
2585,Strelets British Infantry Standing at Ease (162),British,,,,,,,,,,
2586,RedBox Spanish Sailors Set 1 (72102),Spanish,,,,,,,,,,
2587,RedBox Spanish Sailors In Battle Set 2 (72103),Spanish,,,,,,,,,,
2588,RedBox Spanish Sailors Artillery Set 3 (72104),Spanish,,,,,,,,,,
2589,RedBox Italian Sailors Set 1 (72105),Italian,,,,,,,,,,
2590,RedBox Italian Sailors Set 2 (72106),Italian,,,,,,,,,,
2591,RedBox Italian Sailors in Battle Set 3 (72107),Italian,,,,,,,,,,
2592,Linear-A Hannibal Crosses the Alps Set 1 (011),Spanish,,,,,,,,,,
2593,Caesar WWII German Winter Unit with Pak 36 / Servants (H097),German,,,,,,,,,,
2594,Caesar WWII German Fallschirmjager Heavy Weapons (H098),German,,,,,,,,,,
2595,Caesar WWII German Panzer Crews (Set 2 Winter/Greatcoat) (HB05),German,,,,,,,,,,
2596,Strelets US Infantry Standing (157),USA,,,,,,,,,,
2597,Strelets WWI Polish Infantry (Blue Army) (M130),Polish,,,,,,,,,,
2598,Strelets Creusot Long Tom 155mm Gun with Boer Crew (A014),Boer,South African,,,,,,,,,
2599,Strelets 105mm Cannon Schneider 1913 (A015),French,,,,,,,,,,
2600,Strelets Highlanders Standing at Ease (163),British,,,,,,,,,,
2601,Mars Austrian Infantry (Late 17th Century) (72102),Austrian,Habsburg Imperial,,,,,,,,,
2602,Mars Turkish Infantry (Tufekei) (72104),Ottoman,Turkish,,,,,,,,,
2603,Zvezda German Headquarters in Winter Uniform (6232),German,,,,,,,,,,
2604,Strelets Red Cavalry in Summer Dress (164),Russian,,,,,,,,,,
2605,Strelets British Camel Corps (165),Australian,British,New Zealand,,,,,,,,
2606,Mars Turkish Field Artillery (72103),Ottoman,Turkish,,,,,,,,,
2607,Mars Turkish Headquarters (72105),Ottoman,Turkish,,,,,,,,,
2608,Strelets Australian Dismounted Camel Corps (M131),Australian,,,,,,,,,,
2609,Strelets Australian Camel Corps (166),Australian,,,,,,,,,,
2610,Strelets Turkish Camel Corps (167),Ottoman,Turkish,,,,,,,,,
2611,Strelets Arab Uprising (172),Arab,,,,,,,,,,
2612,HaT Napoleonic Naval Cannon and Crew (8311),British,,,,,,,,,,
2613,HaT British Marines and Fighting Sailors (8325),British,,,,,,,,,,
2614,Strelets 8th Army Heavy Weapons Squad (M132),British,,,,,,,,,,
2615,Hasegawa Japanese Navy Airmen Set (35116),Japanese,,,,,,,,,,
2616,Ultima Ratio Guards of Cardinal Richelieu (UR012),French,,,,,,,,,,
2617,Ultima Ratio Musketeers of the King of France (UR011),French,,,,,,,,,,
2618,Ultima Ratio Italian Militiamen 1260-1392 (UR010),Italian,,,,,,,,,,
2620,Strelets French Line Infantry on the March 1 (173),French,,,,,,,,,,
2621,Strelets Confederate Skirmishing (158),Confederate,USA,,,,,,,,,
2622,Strelets sPzB41 AT Gun with DAK Crew (M158),German,,,,,,,,,,
2623,Strelets Landwehr on the March (168),German,Prussian,,,,,,,,,
2624,Strelets Landwehr Standing at Ease (169),German,Prussian,,,,,,,,,
2625,Strelets Old Guard Standing at Ease (170),French,,,,,,,,,,
2626,Strelets Old Guard at Attention (171),French,,,,,,,,,,
2627,Zvezda German Anti-Tank Rifle Team (6216),German,,,,,,,,,,
2628,Zvezda German Sniper Team (6217),German,,,,,,,,,,
2629,Waterloo 1815 WWI Italian Infantry Set 2 (043),Italian,,,,,,,,,,
2630,Waterloo 1815 WWI Italian Elite Troops (Arditi) (044),Italian,,,,,,,,,,
2631,HaT Unmarried Zulu Warriors (8316),South African,Zulu,,,,,,,,,
2632,Italeri British Infantry/Sepoys (6187),British,Indian,,,,,,,,,
2633,Italeri British 11th Hussars (6188),British,,,,,,,,,,
2637,RedBox Moscow Infantry (Ratniki) Set 1 (72111),Muscovite,Russian,,,,,,,,,
2638,RedBox Moscow Infantry (Ratniki) Set 2 (72112),Muscovite,Russian,,,,,,,,,
2639,RedBox Moscow Infantry (Pishalniki) (72113),Muscovite,Russian,,,,,,,,,
2640,RedBox Ukrainian Cossack (Infantry) Set 1 (72114),Cossack,Ukrainian,,,,,,,,,
2641,RedBox Ukrainian Cossack (Infantry) Set 2 (72115),Cossack,Ukrainian,,,,,,,,,
2642,RedBox Ukrainian Cossack (Infantry) Set 3 (72116),Cossack,Ukrainian,,,,,,,,,
2643,Mars German Elite Division (Normandy 1944-45) (72106),German,,,,,,,,,,
2644,Mars Imperial Japanese Infantry WWII (72107),Japanese,,,,,,,,,,
2645,Strelets Prussian Line Infantry on the March (174),German,Prussian,,,,,,,,,
2646,RedBox Russian Guard Infantry (72129),Russian,,,,,,,,,,
2647,Caesar Mid-East Militia (Iraq & Syria) (H101),Iraqi,Syrian,,,,,,,,,
2648,Caesar Modern Western Tank Crews Set 1 (Germany & Israel) (H102),German,Israeli,,,,,,,,,
2649,Caesar Modern US Army Tank Crews and Armored Force (H103),USA,,,,,,,,,,
2650,Caesar WWII German Tank Riders (Camouflage Suit) (H099),German,,,,,,,,,,
2651,Strelets Austrian Cuirassiers (257),Austrian,Habsburg Imperial,,,,,,,,,
2652,Mars German Panzergrenadiers (72108),German,,,,,,,,,,
2653,Strelets Japanese Type 38 75mm Field Gun (176),Japanese,,,,,,,,,,
2654,RedBox Chinese Light Cavalry (72117),Chinese,,,,,,,,,,
2655,RedBox Chinese Medium Cavalry (72118),Chinese,,,,,,,,,,
2656,RedBox Chinese Heavy Cavalry (72119),Chinese,,,,,,,,,,
2657,RedBox Korean Light Cavalry (72120),Korean,,,,,,,,,,
2658,RedBox Korean Heavy Cavalry Set 1 (72121),Korean,,,,,,,,,,
2659,RedBox Korean Heavy Cavalry Set 2 (72122),Korean,,,,,,,,,,
2660,RedBox Korean Guerrilla Cavalry (72123),Korean,,,,,,,,,,
2661,RedBox Burgundian Crossbowmen (72124),Burgundian,French,,,,,,,,,
2662,First To Fight Polish Artillery (PL1939-055),Polish,,,,,,,,,,
2663,First To Fight German Artillery (PL1939-056),German,,,,,,,,,,
2664,Linear-A Germanic Warriors Set 2 (Command) (010),German,,,,,,,,,,
2665,Linear-A Battle of Cunaxa Set 1 (015),Iranian,Persian,,,,,,,,,
2666,Linear-A The Etruscans Set 1 (014),Etruscan,Italian,,,,,,,,,
2667,Strelets Union Infantry Firing (159),USA,,,,,,,,,,
2668,Strelets Pickett's Charge 3 (178),Confederate,USA,,,,,,,,,
2669,Strelets US Infantry in Attack 3 (179),USA,,,,,,,,,,
2670,Strelets French Line Infantry Standing at Attention (184),French,,,,,,,,,,
2671,HaT Napoleonic French in Greatcoats (8234),French,,,,,,,,,,
2672,Mars Imperial Japanese Paratroopers (72109),Japanese,,,,,,,,,,
2673,Mars Luftwaffe Field Division (72110),German,,,,,,,,,,
2674,Mars German Elite Infantry (Winter Dress) (72111),German,,,,,,,,,,
2675,First To Fight Polish Motorised Artillery Crew (PL1939-057),Polish,,,,,,,,,,
2676,Strelets British 15 pdr 7 cwt BL Gun (177),British,,,,,,,,,,
2677,Strelets Prussian Infantry Standing Shoulder Arms (180),German,Prussian,,,,,,,,,
2678,Strelets Old Guard on the March (181),French,,,,,,,,,,
2679,Strelets 30 pdr Parrott Rifle with US Crew (182),USA,,,,,,,,,,
2680,Strelets 12 pdr Whitworth Rifle with Confederate Crew (183),Confederate,USA,,,,,,,,,
2681,Strelets Cannone da 105/28 Schneider Ansaldo (A016),Italian,,,,,,,,,,
2682,Strelets British Infantry Standing Shoulder Arms (202),British,,,,,,,,,,
2683,HaT Napoleonic Austrian Infantry Marching (8326),Austrian,,,,,,,,,,
2684,HaT Napoleonic Austrian Infantry Action (8327),Austrian,,,,,,,,,,
2685,HaT Napoleonic Austrian Infantry Command (8328),Austrian,,,,,,,,,,
2686,HaT American Civil War Marching (1) (8319),USA,,,,,,,,,,
2687,HaT American Civil War Command (8320),USA,,,,,,,,,,
2688,Strelets French Line Infantry on the March 2 (220),French,,,,,,,,,,
2689,First To Fight Polish Uhlan Command Dismounted (PL1939-067),Polish,,,,,,,,,,
2690,RedBox Guards of Cardinal Richelieu (72147),French,,,,,,,,,,
2691,HaT American Civil War Marching (2) (8332),USA,,,,,,,,,,
2692,Strelets British Infantry Skirmishing (M133),British,,,,,,,,,,
2693,Strelets French Line Infantry at Ease (225),French,,,,,,,,,,
2694,Strelets Japanese Type 98 20mm AA/AT Gun (226),Japanese,,,,,,,,,,
2695,Strelets 155 mm Cannon GPF Mod 1917 (A018),French,,,,,,,,,,
2696,HaT Napoleonic Spanish Infantry Sampler (8330),Spanish,,,,,,,,,,
2697,Strelets Highlanders Standing Order Arms (200),British,,,,,,,,,,
2698,Strelets British Infantry Standing Order Arms (201),British,,,,,,,,,,
2699,Strelets Austrian Grenadiers in Winter Dress on the March (209),Austrian,,,,,,,,,,
2700,Strelets Prussian Line Infantry Standing Order Arms (211),German,Prussian,,,,,,,,,
2701,Strelets Russian Infantry on the March 1 (212),Russian,,,,,,,,,,
2703,Strelets Russian Infantry Standing Order Arms (217),Russian,,,,,,,,,,
2704,Strelets Russian Infantry in Overcoats Standing Order Arms (219),Russian,,,,,,,,,,
2705,Linear-A Margiana (044),Afghan,Turkmenistani,Uzbek,,,,,,,,
2706,Strelets Boer Field Artillery (224),Boer,South African,,,,,,,,,
2707,Strelets Brunswick Light Guards Battalion (154),Brunswick,German,,,,,,,,,
2708,Strelets Boer Infantry (M138),Boer,South African,,,,,,,,,
2709,Strelets British Infantry in Attack 1701-1714 (231),British,,,,,,,,,,
2711,First To Fight Polish Uhlans on Horses 1939 (PL1939-071),Polish,,,,,,,,,,
2712,Linear-A Samnite Wars Set 1 (026),Italian,,,,,,,,,,
2713,Linear-A The Army of Pyrrhus of Epirus (Set 1) (028),Albanian,Epirote,Greek,,,,,,,,
2714,Linear-A Roman Anti-Elephant Wagon (029),Italian,Roman,,,,,,,,,
2715,Linear-A Tarentine Horsemen of Magna Graecia (030),Greek,Italian,,,,,,,,,
2716,Linear-A The Army of Athens (031),Greek,,,,,,,,,,
2717,Strelets British Infantry in Advance 1701-1714 (230),British,,,,,,,,,,
2718,Ultima Ratio Gladiators Myrmillo Secutor Szissor (UR013),Italian,Roman,,,,,,,,,
2719,Strelets Anglo-Saxon Fyrd (M140),Anglo-Saxon,British,,,,,,,,,
2720,Strelets Housecarls of King Harold (M141),Anglo-Saxon,British,,,,,,,,,
2722,Zvezda Soviet 120mm Mortar and Crew (6147),Russian,Soviet,,,,,,,,,
2723,Zvezda German 120mm Mortar with Crew (6268),German,,,,,,,,,,
2724,Zvezda Soviet Machine Gun Squad (6269),German,,,,,,,,,,
2725,Zvezda German Panzergrenadiers (6270),German,,,,,,,,,,
2726,Zvezda Soviet Assault Engineers (6271),Russian,Soviet,,,,,,,,,
2727,"Zvezda Volkssturm, Berlin 1945 (6272)",German,,,,,,,,,,
2728,Linear-A Trajan's Legions vs Dacians (Set 1) (032),Dacian,Italian,Roman,Romanian,,,,,,,
2729,First To Fight Polish Uhlans Command on Horses 1939 (PL1939-072),Polish,,,,,,,,,,
2730,Strelets Confederate Infantry in Defence (249),USA,,,,,,,,,,
2731,Strelets Highlanders 1899-1902 (M139),British,,,,,,,,,,
2732,Mars Finnish Army (Winter Dress) 1942-1944 (72114),Finnish,,,,,,,,,,
2733,"Linear-A Vigiles Urbani ""Cohortes Vigilum"" (001s)",Italian,Roman,,,,,,,,,
2734,Linear-A Sacrifice Before the Battle (002s),Greek,,,,,,,,,,
2735,Linear-A Legionary Recruits Training (003s),Italian,Roman,,,,,,,,,
2736,Linear-A Waterloo After the Battle French Disaster (004s),French,,,,,,,,,,
2737,Linear-A Hittite King Muršili I with Royal Bodyguard (007s),Hittite,Turkish,,,,,,,,,
2738,Linear-A Roman Artillery Set 2 - Onager (092),Italian,Roman,,,,,,,,,
2739,Linear-A Roman Artillery Set 3 - Scorpio (009s),Italian,Roman,,,,,,,,,
2740,Linear-A Hannibal vs Scipio (010s),Carthaginian,Italian,Roman,,,,,,,,
2741,Linear-A Waterloo After the Battle British Disaster (005s),British,,,,,,,,,,
2742,Strelets French Fusiliers (Early War) (236),French,,,,,,,,,,
2743,Strelets British Infantry Firing Line 1701-1714 (232),British,,,,,,,,,,
2745,Strelets Austrian Grenadiers Standing Shoulder Arms (204),Austrian,,,,,,,,,,
2747,Strelets Bavarian Infantry at Ease (270),Bavarian,German,,,,,,,,,
2749,Linear-A Indus Culture (Set 1) (042),Harappan,Indian,Pakistani,,,,,,,,
2750,Strelets Bavarian Infantry in Attack (227),Bavarian,German,,,,,,,,,
2751,Strelets Prussian Uhlans (228),German,Prussian,,,,,,,,,
2752,Strelets Prussian Dragoons (229),German,Prussian,,,,,,,,,
2753,Strelets Finnish Anti-Tank Squad in Summer Dress (245),Finnish,,,,,,,,,,
2754,Strelets Finnish Anti-Tank Squad in Winter Dress (246),Finnish,,,,,,,,,,
2755,Strelets American Anti-Tank Squad (247),USA,,,,,,,,,,
2756,Linear-A Seleucid Infantry Phalanx Set 1 (033),Iranian,Iraqi,Seleucid,Syrian,,,,,,,
2757,Linear-A Ptolemaic Infantry Phalanx Set 1 (034),Egyptian,,,,,,,,,,
2759,Linear-A Battle of Cunaxa Set 3 (Persian Cavalry) (036),Iranian,Persian,,,,,,,,,
2760,RedBox Moscow Noble Cavalry (Siege of Pskov) Set 1 (72127),Muscovite,Russian,,,,,,,,,
2761,RedBox Moscow Noble Cavalry (Siege of Pskov) Set 2 (72128),Muscovite,Russian,,,,,,,,,
2762,RedBox Moscow Noble Cavalry (Siege of Kazan) Set 1 (72133),Muscovite,Russian,,,,,,,,,
2763,RedBox Moscow Noble Cavalry (Siege of Kazan) Set 2 (72134),Muscovite,Russian,,,,,,,,,
2764,RedBox Moscow Noble Cavalry (Battle of Orsha) Set 1 (72135),Muscovite,Russian,,,,,,,,,
2765,RedBox Moscow Noble Cavalry (Battle of Orsha) Set 2 (72136),Muscovite,Russian,,,,,,,,,
2766,Strelets French Musketeers Firing (234),French,,,,,,,,,,
2767,Mars Russian Infantry (72115),Russian,Soviet,,,,,,,,,
2768,Linear-A The Victory of Waterloo (006s),British,German,Prussian,,,,,,,,
2769,Linear-A Hannibal Crosses the Alps Set 5 (025),Celtic,Italian,,,,,,,,,
2770,Linear-A Napoleonic French Cavalry Disaster (027),British,French,,,,,,,,,
2772,Mars Russian Assault Troops (72116),Russian,Soviet,,,,,,,,,
2773,Strelets French Grenadiers (Early War) (235),French,,,,,,,,,,
2774,Linear-A Roman Army under King Servius Tullius (038),Italian,Roman,,,,,,,,,
2775,Linear-A Emperor Justinian I and Imperatrix Theodora I (011s),Byzantine,Roman,,,,,,,,,
2776,Orion Ruff-Puffs (72053),South Vietnamese,Vietnamese,,,,,,,,,
2777,Strelets French Musketeers on the March (233),French,,,,,,,,,,
2778,Orion ARVN Troops (Early War) (72051),South Vietnamese,Vietnamese,,,,,,,,,
2779,Orion ARVN Troops (Late War) (72052),South Vietnamese,Vietnamese,,,,,,,,,
2780,Orion British Tank Crew (Summer Dress) (72057),British,,,,,,,,,,
2781,Linear-A Eastern Roman Empire Infantry Set 1 (039),Byzantine,Roman,Turkish,,,,,,,,
2782,Linear-A Publius Quinctilius Varus 'Disaster' (012s),Italian,Roman,,,,,,,,,
2783,Strelets Arabs in Skirmish (M142),Arab,Iraqi,Syrian,,,,,,,,
2784,Mars German Volkssturm Defenders (72117),German,,,,,,,,,,
2785,Strelets British Cavalry (238),British,,,,,,,,,,
2786,Strelets French Pikemen (237),French,,,,,,,,,,
2787,Strelets French Infantry Summer Order Arms (222),French,,,,,,,,,,
2788,Mars German Night Hunters (72118),German,,,,,,,,,,
2789,Mars German Paratroopers (Tropical Uniform) (72119),German,,,,,,,,,,
2790,HaT American Civil War Infantry Sampler (8333),USA,,,,,,,,,,
2791,HaT Austrian Infantry Sampler (8338),Austrian,,,,,,,,,,
2792,HaT Napoleonic British Cavalry Sampler (8340),British,,,,,,,,,,
2793,Linear-A Roman Frontier Antonine Wall Garrison (013s),Italian,Roman,,,,,,,,,
2794,Strelets Long Range Patrol at Rest (M143),British,,,,,,,,,,
2795,First To Fight Field Cannon 75mm wz.1902/26 (PL1939-077),Polish,,,,,,,,,,
2796,Strelets French Guard Musketeers (242),French,,,,,,,,,,
2797,Strelets Russian Infantry Standing Shoulder Arms (216),Russian,,,,,,,,,,
2798,Strelets Bavarian Infantry Standing Order Arms (271),Bavarian,German,,,,,,,,,
2799,Strelets French Royal Horse Grenadiers (241),French,,,,,,,,,,
2802,T-Model Middle East Military Man Set (TK7312),Afghan,Iraqi,Pakistani,Syrian,,,,,,,
2803,Mars US Paratroopers (72120),USA,,,,,,,,,,
2804,Strelets SAS Desert Ambush (M145),British,,,,,,,,,,
2805,Strelets Africa Corps Mortar Squad (280),German,,,,,,,,,,
2806,Strelets Long Range Desert Group (M144),British,,,,,,,,,,
2807,RedBox Mounted Musketeers of the King of France (72146),French,,,,,,,,,,
2808,RedBox Bonnie Prince Charlie and Scottish Cavalry (72149),British,,,,,,,,,,
2809,Strelets Chevau-Légers and Gendarmes of the Guards (239),French,,,,,,,,,,
2810,RedBox Mounted Guards of Cardinal Richelieu (72148),French,,,,,,,,,,
2811,Linear-A The Army of Pyrrhus of Epirus (Set 2) (045),Albanian,Epirote,Greek,,,,,,,,
2812,Linear-A Samnite Wars (2) Italian Ally Cavalry (046),Italian,,,,,,,,,,
2813,Strelets Arabs in Retreat (M148),Arab,,,,,,,,,,
2814,Strelets Bavarian Infantry on the March (272),Bavarian,German,,,,,,,,,
2815,Strelets French Garde du Corps (240),French,,,,,,,,,,
2816,Strelets Japanese Type 11 Gun (281),Japanese,,,,,,,,,,
2817,Strelets Prussian 7th Uhlans (161),German,Prussian,,,,,,,,,
2818,Strelets M1916 37mm Gun with French Foreign Legion Crew (291),French,,,,,,,,,,
2819,Strelets French Foreign Legion in Camp (M146),French,,,,,,,,,,
2820,Strelets French Foreign Legion in Attack (M147),French,,,,,,,,,,
2823,Linear-A Seleucid Elephants vs Ptolemaic Elephants (049),Egyptian,Seleucid,,,,,,,,,
2824,Mars Eastern Mercenaries (72137),Russian,Tatar,Ukrainian,,,,,,,,
2826,RedBox British Dragoons 1745 (72139),British,,,,,,,,,,
2827,RedBox British Regiments of Horse 1745 (72140),British,,,,,,,,,,
2828,RedBox Prince's Lifeguard and Fitzjames Horse (72141),British,French,Scottish,,,,,,,,
2829,Plastic Soldier Waffen-SS Grenadier Platoon 1944-45 (UMOS001),German,,,,,,,,,,
2830,Orion German Panzer Soldiers 1939-40 (72058),German,,,,,,,,,,
2831,Orion Viet Cong (72059),Vietnamese,,,,,,,,,,
2832,Orion North Vietnamese Army (72060),Vietnamese,,,,,,,,,,
2833,Orion British Tank Crew (Winter Dress) (72061),British,,,,,,,,,,
2834,Zvezda British Headquarters (6174),British,,,,,,,,,,
2835,Zvezda American Infantry (6278),USA,,,,,,,,,,
2836,Zvezda American Marines (6279),USA,,,,,,,,,,
2837,Zvezda Soviet M-72 Motorcycle with Sidecar and Crew (6277),Russian,Soviet,,,,,,,,,
2838,Strelets Vikings (250),Danish,Norwegian,Swedish,Viking,,,,,,,
2839,Plastic Soldier British Eighth Army Platoon (UMOS002),British,,,,,,,,,,
2840,Plastic Soldier Waffen-SS Grenadier 81mm Mortars (UMOS004),German,,,,,,,,,,
2841,Plastic Soldier Waffen-SS Grenadier HMGs (UMOS005),German,,,,,,,,,,
2842,Plastic Soldier Waffen-SS Grenadier Panzerschrecks (UMOS006),German,,,,,,,,,,
2843,Mars German Paratroopers (Winter Uniform) (72121),German,,,,,,,,,,
2844,Plastic Soldier Afrika Korps Platoon (UMOS003),German,,,,,,,,,,
2845,Orion Japanese Tank Crew WW2 (72067),Japanese,,,,,,,,,,
2846,Mars German Panzer Crew in Combat (72122),German,,,,,,,,,,
2847,Linear-A Ptolemaic Infantry Phalanx Set 2 (050),Egyptian,,,,,,,,,,
2848,Strelets French Artillery (244),French,,,,,,,,,,
2849,Strelets British Artillery (243),British,English,Scottish,,,,,,,,
2850,Linear-A Army of Syracuse: Infantry (051),Greek,Italian,,,,,,,,,
2852,Plastic Soldier US Marine Corps Platoon (UMOS007),USA,,,,,,,,,,
2855,Strelets French Dragoons on the March (251),French,,,,,,,,,,
2857,Strelets Dismounted French Dragoons in Skirmish (254),French,,,,,,,,,,
2858,Strelets French Dragoons in Attack (253),French,,,,,,,,,,
2859,RedBox Ukrainian Registered Cossack Infantry (72142),Cossack,Ukrainian,,,,,,,,,
2860,RedBox Ukrainian Zaporozhian Cossack Infantry (72143),Ukrainian,,,,,,,,,,
2861,RedBox Ukrainian Peasant Infantry (72144),Ukrainian,,,,,,,,,,
2862,RedBox Italian Arditi in Armor (72150),Italian,,,,,,,,,,
2863,Strelets French Late War Dragoons in Reserve (252),French,,,,,,,,,,
2864,Strelets DAK Desert Patrol (M081),German,,,,,,,,,,
2865,Strelets Arabs in Ambush (M149),Arab,,,,,,,,,,
2867,First To Fight Polish Horse Artillery (PL1939-084),Polish,,,,,,,,,,
2868,Strelets Austrian Infantry 1701-1714 on the March (260),Austrian,Habsburg Imperial,,,,,,,,,
2870,Strelets Dutch Cuirassiers (259),Dutch,,,,,,,,,,
2871,Mars US Machine Gunners D-Day (72125),USA,,,,,,,,,,
2872,Mars US Rangers D-Day (72126),USA,,,,,,,,,,
2874,Strelets Italian Desert Patrol (M154),Italian,,,,,,,,,,
2876,Linear-A Imperial Roman Centuriones (061),Italian,Roman,,,,,,,,,
2910,LW German 20 mm Flak-38 with Crew (2025b),German,,,,,,,,,,
2911,LW US Army Light Trailer (2026b),USA,,,,,,,,,,
2912,Caesar Three Kingdoms (Shu Kingdom Set 1) (TK001),Chinese,,,,,,,,,,
2916,Linear-A Neo-Assyrian Empire Set 3 (062),Assyrian,Syrian,,,,,,,,,
2917,Ultima Ratio Confederate Infantry Texas Troops (UR015),Confederate,USA,,,,,,,,,
2918,Strelets Bavarian Infantry in Square (274),Bavarian,German,,,,,,,,,
2919,Strelets Bavarian Infantry 1701-1714 Shooting Line (262),Bavarian,German,,,,,,,,,
2920,Model Kasten JNAF Aircrew 'Rabaul Zero Fighter' (F-11 1800),Japanese,,,,,,,,,,
2921,Caesar Modern PRC PLA Troops (H105),Chinese,,,,,,,,,,
2923,Plastic Soldier British Eighth Army Vickers MMGs (UMOS012),British,,,,,,,,,,
2924,Plastic Soldier British Eighth Army 3 Inch Mortar (UMOS009),British,,,,,,,,,,
2925,Plastic Soldier German Afrika Korps MG34 Tripod Teams (UMOS010),German,,,,,,,,,,
2926,Plastic Soldier German Afrika Korps 81 mm Mortars (UMOS011),German,,,,,,,,,,
2929,Plastic Soldier US Marine Corps Support Weapons (UMOS008),USA,,,,,,,,,,
2931,Mars Soviet Border Guards (72129),Russian,Soviet,,,,,,,,,
2932,Hegemony Gurkhas Indian Mutiny (HG006),Nepalese,,,,,,,,,,
2933,Hegemony Romano-Britons (HB007),British,,,,,,,,,,
2934,Hegemony Urartians (HB008),Armenian,Urartu,,,,,,,,,
2935,Hegemony Ancient Dorians (HB009),Greek,,,,,,,,,,
2936,Hegemony Arameans (HB011),Aramaic,Syrian,,,,,,,,,
2937,Strelets Dutch Infantry Firing Line (265),Dutch,,,,,,,,,,
2943,Ultima Ratio Gladiators Hoplomachus Thracian (UR017),Italian,,,,,,,,,,
2944,Ultima Ratio Carthaginian Army: Iberian Infantry Part 2 (UR018),CeltIberian,Spanish,,,,,,,,,
2945,Mars Swiss Mercenaries (72068),Swiss,,,,,,,,,,
2947,Mars German Volkssturm Defenders Set 2 (72130),German,,,,,,,,,,
2948,Mars German Mercenaries (Mid 16th Century) (72131),German,,,,,,,,,,
2949,Mars Persian Light Cavalry (72132),Iranian,Persian,Scythian,,,,,,,,
2950,Mars Persian Mercenary Cavalry (72133),Iranian,Persian,,,,,,,,,
2952,Mars Dacian Army (72135),Dacian,Romanian,,,,,,,,,
2953,Mars Samurai (72136),Japanese,,,,,,,,,,
2954,Hegemony Phrygians (HB012),Phrygian,Turkish,,,,,,,,,
2955,Hegemony Persian War Elephants (HB013),Indian,Iranian,Persian,,,,,,,,
2956,Orion Long Range Desert Group (72062),British,,,,,,,,,,
2957,Orion German Panzer Soldiers (DAK) (72063),German,,,,,,,,,,
2958,Orion French Tank Crew WW2 (72064),French,,,,,,,,,,
2959,Orion Polish Tank Crew WW2 (72065),Polish,,,,,,,,,,
2960,Linear-A Legions of Gaius Julius Caesar (Set 1) (063),Italian,Roman,,,,,,,,,
2961,Linear-A Legions of Gaius Julius Caesar (Set 2) (064),Italian,Roman,,,,,,,,,
2963,Orion Italian Tank Crew (72066),Italian,,,,,,,,,,
2964,Strelets 1745 Jacobite Artillery (283),British,,,,,,,,,,
2965,Strelets Russian Jaegers in Winter Dress (289),Russian,,,,,,,,,,
2970,RedBox Byzantine Light Cavalry Set 1 (72137),Byzantine,Turkish,,,,,,,,,
2971,Linear-A Neo-Assyrian Empire Siege Engineer Set 4 (083),Assyrian,,,,,,,,,,
2972,Linear-A Neo-Assyrian Empire Infantry Set 5 (084),Assyrian,Iraqi,Syrian,,,,,,,,
2973,"Linear-A Dilmun, Magan, Jiroft (085)",Emirati,Omani,,,,,,,,,
2974,Ultima Ratio Carthaginian Army: Libyan Infantry (UR021),Carthaginian,Libyan,,,,,,,,,
2977,Linear-A Bacchanalia in Ancient Rome (Set 1) (088),Italian,Roman,,,,,,,,,
2978,Linear-A Roman Artillery (Set 1) Ballista (089),Italian,Roman,,,,,,,,,
2981,Linear-A Gnaeus Pompeius Magnus with General Staff (018s),Italian,Roman,,,,,,,,,
2986,Linear-A Cleopatra VII Philopator (021s),Egyptian,,,,,,,,,,
2987,Linear-A Alexander the Great with General Staff (1) (022s),Macedonian,,,,,,,,,,
2989,Linear-A Gaius Julius Caesar at Alesia (008s),Italian,Roman,,,,,,,,,
2990,Linear-A Wilusa (093),Trojan,Turkish,,,,,,,,,
2991,Linear-A Legions of Marcus Licinius Crassus (Set 2) (094),Italian,Roman,,,,,,,,,
3004,Linear-A Pyrrhic Elephants (107),Albanian,Epirote,Greek,,,,,,,,
3005,Strelets British Infantry in Skirmish (285),British,,,,,,,,,,
3006,Strelets British Infantry in Square (286),British,,,,,,,,,,
3007,Mars British Paratroopers (72139),British,,,,,,,,,,
3008,Mars U.S. Marines (72140),USA,,,,,,,,,,
3009,Mars U.S. Paratroopers (Part 2) (72141),USA,,,,,,,,,,
3010,Mars German Artillery Crew (Winter) (72142),German,,,,,,,,,,
3011,Strelets Early WWII US Infantry in Combat (M159),USA,,,,,,,,,,
3012,Strelets Austrian Infantry 1701-1714 in Attack (261),Austrian,Habsburg Imperial,,,,,,,,,
3013,HaT French Light Infantry Chasseurs Sampler (8341),French,,,,,,,,,,
3019,Linear-A Gangs/Revolt in Rome (Set 1) (112),Italian,Roman,,,,,,,,,
3028,HaT AWI American Infantry (8342),USA,,,,,,,,,,
3029,HaT AWI British Infantry (8343),British,,,,,,,,,,
3032,Mars Ukrainain Defenders Set II (72143),Ukrainian,,,,,,,,,,
3033,Orion Hungarian Tank Crew WW2 (72069),Hungarian,,,,,,,,,,
3034,Orion US Infantry in Vietnam (Middle War) (72070),USA,,,,,,,,,,
3035,Orion USMC In Vietnam (Early War) (72068),USA,,,,,,,,,,
3036,HaT Napoleonic Hungarian Infantry (Marching) (8334),Hungarian,,,,,,,,,,
3037,HaT Napoleonic Hungarian Infantry (Action) (8335),Hungarian,,,,,,,,,,
3038,Ultima Ratio Burgundian Foot Soldiers (UR022),Burgundian,French,,,,,,,,,
3044,"Linear-A Jesus, the True Story (128)",Israeli,Judean,,,,,,,,,
3047,Strelets Seminole Warriors (M160),USA,,,,,,,,,,
3048,Strelets US Volunteers (Seminole Wars) (M161),USA,,,,,,,,,,
3049,Ultima Ratio Roman Republic Army: Hastati (UR023),Italian,Roman,,,,,,,,,
3052,Linear-A Republican Roman Incendiary Swine (141),Italian,Roman,,,,,,,,,
3054,HaT AWI American Artillery (8344),USA,,,,,,,,,,
3055,HaT AWI American Cavalry (8346),USA,,,,,,,,,,
3056,RedBox Tudor Light Infantry (72155),British,English,,,,,,,,,
3057,HaT American War of Independence British Artillery (8345),British,,,,,,,,,,
3058,HaT American War of Independence British Cavalry (8347),USA,,,,,,,,,,
3059,HaT Hessian Musketeers Charging (8348),German,Hessian,,,,,,,,,
3060,Ultima Ratio Japanese Warrior Monks (UR024),Japanese,,,,,,,,,,
3061,HaT Napoleonic Russian Infantry Marching (8350),Russian,,,,,,,,,,
3062,Strelets British Light Infantry on the March (294),British,,,,,,,,,,
3063,Strelets British Light Infantry in Attack (295),British,,,,,,,,,,
3064,Strelets Early WWII Infantry in Defence (M162),USA,,,,,,,,,,
3065,Strelets IJA Infantry in Melee (M163),Japanese,,,,,,,,,,
3066,Strelets Holy Roman Empire Grenadiers 1701-1714 (269),German,Habsburg Imperial,,,,,,,,,
3067,Orion Finnish Tank Crew WW2 (72071),Finnish,,,,,,,,,,
3068,Orion USMC in Vietnam (Late War) (72072),USA,,,,,,,,,,
3069,Orion Spanish Republican Pilots (72073),Spanish,,,,,,,,,,
3070,Ultima Ratio Roman Republican Army: Velites (UR025),Italian,Roman,,,,,,,,,
3071,HaT Napoleonic Russian Infantry Action (8351),Russian,,,,,,,,,,
3072,HaT Napoleonic Russian Infantry Command (8352),Russian,,,,,,,,,,
3073,First To Fight CKM wz.30 in Cavalry Service (PL1939-120),Polish,,,,,,,,,,
3076,Linear-A Gangs/Revolt in Rome (Set 2) (147),Italian,Roman,,,,,,,,,
3077,Linear-A French Engineers (Set 2) (148),French,,,,,,,,,,
3080,Ultima Ratio The Thracians (UR026),Bulgarian,Greek,Thracian,,,,,,,,
3081,HaT Hessian Musketeers (8349),German,Hessian,,,,,,,,,
3082,HaT Hessian Grenadiers (8353),German,Hessian,,,,,,,,,
3086,Strelets British Light Infantry Standing Order Arms (296),British,,,,,,,,,,
3087,Strelets British Light Infantry Standing Shoulder Arms (297),British,,,,,,,,,,
3088,Strelets British Light Infantry Firing Line (299),British,,,,,,,,,,
3089,Strelets British Light Infantry in Square (300),British,,,,,,,,,,
3090,Strelets Early Texas Rangers (M165),Texian,USA,,,,,,,,,
3091,Strelets Comanche Warriors (M166),USA,,,,,,,,,,
3101,Mars Italian Paratroopers (72145),Italian,,,,,,,,,,
3102,Mars U.S. Chemical Mortar Team (72146),USA,,,,,,,,,,
3103,Mars German MG Team (72147),German,,,,,,,,,,
3104,Mars German Afrika Korps (72148),German,,,,,,,,,,
3107,Ultima Ratio French Armies of the Hundred Years War (UR027),French,,,,,,,,,,
3108,Heller US Paratroopers (49651),USA,,,,,,,,,,
3109,Heller British Paratroopers (49623),British,,,,,,,,,,
3110,Heller German Air Force Personnel (49655),German,,,,,,,,,,
3111,Heller US Air Force Personnel (49648),USA,,,,,,,,,,
3112,Heller British Infantry 8th Army (49609),British,,,,,,,,,,
3119,Strelets French Line Cavalry in Attack (267),French,,,,,,,,,,
3120,Strelets Mounted Seminoles (301),USA,,,,,,,,,,
3121,Strelets Napoleon in Egypt (303),French,,,,,,,,,,
3122,Strelets Apache Warriors (M167),USA,,,,,,,,,,
3123,Strelets Texas Rangers 2 (M168),USA,,,,,,,,,,
